label,f0,f1,f2,f3,f4,f5,f6,f7,f8,f9,f10,f11,f12,f13,f14,f15,f16,f17,f18,f19,f20,f21,f22,f23,f24,f25,f26,f27,f28,f29,f30,f31,f32,f33,f34,f35,f36,f37,f38,f39,f40,f41,f42,f43,f44,f45,f46,f47,f48,f49,f50,f51,f52,f53,f54,f55,f56,f57,f58,f59,f60,f61,f62
open_hand,0,0,0,0.11894691,0.52894415,-0.12219788,0.42662324,0.93195707,-0.15349839,0.68085398,1.23725118,-0.18190662,0.79951915,1.51392083,-0.20868891,0.88999165,0.59398834,-0.06575591,1.20454639,0.80628703,-0.14229666,1.4029107,0.91760717,-0.21356176,1.57550726,0.98759817,-0.2703103,0.96861423,0.24856886,-0.0744541,1.38058795,0.30203349,-0.14054671,1.62612422,0.31811774,-0.20493411,1.82552846,0.29830806,-0.25234421,0.94924561,-0.06727222,-0.10254016,1.3236202,-0.14322419,-0.18075571,1.54734878,-0.21129736,-0.24543627,1.7406092,-0.28254768,-0.28999396,0.84749454,-0.36171187,-0.14420167,1.11092758,-0.51783869,-0.22054688,1.27722264,-0.6176477,-0.25770757,1.43614448,-0.69890684,-0.28092734
open_hand,0,0,0,0.12017759,0.53330619,-0.13276837,0.41917761,0.94545988,-0.17296289,0.67126906,1.25313168,-0.20820049,0.80077243,1.53905087,-0.24198679,0.88193344,0.61251181,-0.08574967,1.20798454,0.82634243,-0.16698184,1.41317454,0.93446778,-0.23795949,1.58967944,1.00026873,-0.29423024,0.96428656,0.26486114,-0.09190731,1.38373121,0.3138637,-0.16545662,1.63369005,0.32905114,-0.23321652,1.83384668,0.30597454,-0.28183324,0.94514256,-0.0529741,-0.11734568,1.32636465,-0.12831723,-0.20375118,1.56255278,-0.200383,-0.27548472,1.76648753,-0.27723386,-0.32376814,0.84075723,-0.35054927,-0.15608973,1.10944822,-0.50835707,-0.24304768,1.28338432,-0.61734126,-0.28806863,1.44847921,-0.70972693,-0.3151378
open_hand,0,0,0,0.12524044,0.53862004,-0.12875771,0.43000451,0.93841075,-0.16679284,0.6917559,1.22564896,-0.2003504,0.8251455,1.50981463,-0.23251971,0.88937427,0.60447356,-0.08084828,1.21282802,0.8093274,-0.16390077,1.41748505,0.91609391,-0.23795525,1.59553017,0.9796901,-0.29645309,0.9665404,0.25651444,-0.08963507,1.38780594,0.30575083,-0.16329675,1.63954303,0.31623939,-0.23155276,1.8432503,0.28987296,-0.28147963,0.94451919,-0.06095506,-0.11778482,1.326034,-0.12551801,-0.20398587,1.56299606,-0.19244527,-0.27339389,1.7691906,-0.26473177,-0.32089394,0.83979131,-0.36165455,-0.15919425,1.11113856,-0.51110061,-0.24476962,1.28508885,-0.61360965,-0.28699991,1.45117911,-0.70278662,-0.31313341
open_hand,0,0,0,0.1230545,0.53595546,-0.13109482,0.41688123,0.94044014,-0.1666221,0.6780284,1.22829871,-0.19662384,0.8215494,1.4915428,-0.22400341,0.88669249,0.60789538,-0.06628085,1.20839244,0.81802352,-0.14236828,1.41554013,0.91910097,-0.2128552,1.59167542,0.98057202,-0.26866063,0.96588711,0.25896347,-0.07003937,1.38194459,0.3008117,-0.13673152,1.63126313,0.3110295,-0.20416927,1.83117957,0.292447,-0.25338655,0.9449941,-0.05944943,-0.09386817,1.32160729,-0.13138404,-0.1747138,1.55059019,-0.19620039,-0.24482539,1.74805782,-0.25897282,-0.29249984,0.84012277,-0.35847598,-0.1311677,1.10084696,-0.50674963,-0.21308807,1.26816478,-0.60635895,-0.25485109,1.42719357,-0.6885137,-0.27990663
open_hand,0,0,0,0.12132399,0.54250979,-0.13207057,0.42355733,0.95960528,-0.16708592,0.67878505,1.25596686,-0.19665919,0.80227288,1.53447693,-0.22478135,0.88620137,0.61828919,-0.07335167,1.20898872,0.83530951,-0.14912186,1.41753692,0.9349914,-0.21779457,1.59305272,0.99451227,-0.27322029,0.96373221,0.26687117,-0.07834524,1.38355278,0.31436592,-0.14801006,1.63566848,0.33089228,-0.21588489,1.83693743,0.31524738,-0.26482622,0.94188896,-0.05134423,-0.10300121,1.32652352,-0.12510465,-0.18748754,1.5605777,-0.18635157,-0.2613339,1.76318842,-0.24505441,-0.31140405,0.8348215,-0.35025318,-0.1409535,1.09792942,-0.51000927,-0.22831236,1.26912132,-0.61352065,-0.27477601,1.43399256,-0.69494583,-0.30315623
open_hand,0,0,0,0.11609024,0.54297855,-0.12623587,0.42329598,0.96565384,-0.15698473,0.66462508,1.26794286,-0.18421176,0.76754003,1.55061937,-0.21135116,0.8798008,0.62161462,-0.07498378,1.19723708,0.84200013,-0.1504901,1.40241715,0.95433086,-0.21891571,1.57761787,1.02285204,-0.2747961,0.96218519,0.27239615,-0.08375931,1.38035392,0.32387099,-0.1543324,1.63345488,0.34703494,-0.22251932,1.83886902,0.33008056,-0.2716748,0.94255653,-0.04275872,-0.11155098,1.32484626,-0.12909144,-0.1965931,1.5613977,-0.19767091,-0.27501939,1.76785859,-0.26972275,-0.32805145,0.83562352,-0.33859757,-0.15221169,1.10162849,-0.52965746,-0.24127174,1.27525272,-0.65904484,-0.29253282,1.44323606,-0.76791022,-0.32441172
open_hand,0,0,0,0.11151918,0.5387801,-0.12596464,0.41842148,0.95012552,-0.16084118,0.66079793,1.25335628,-0.19206881,0.75999819,1.5390767,-0.22406666,0.87612567,0.63200545,-0.09170385,1.19169355,0.85149356,-0.17216734,1.39310625,0.96996297,-0.2421358,1.56567571,1.04317132,-0.29957444,0.96144545,0.27499574,-0.10344567,1.38043235,0.32635455,-0.17735635,1.62889032,0.34462407,-0.24491418,1.82927406,0.32477918,-0.29451796,0.94022896,-0.04835002,-0.13334033,1.32542073,-0.14263215,-0.22193205,1.5664337,-0.22854813,-0.30101341,1.77827131,-0.31437865,-0.3556333,0.82733947,-0.35196328,-0.17557812,1.09271122,-0.56475066,-0.26867512,1.26684872,-0.70484057,-0.32183612,1.43842843,-0.81985336,-0.35573518
open_hand,0,0,0,0.11453158,0.54859979,-0.13040236,0.42282141,0.96095049,-0.16588975,0.67359949,1.24978848,-0.19618244,0.78685853,1.53196748,-0.22604162,0.88475393,0.61480488,-0.09143296,1.20407749,0.84662961,-0.17296808,1.41073309,0.96972413,-0.24238801,1.58543464,1.04876055,-0.29818155,0.96698759,0.25482348,-0.09966878,1.38991763,0.30557577,-0.17654908,1.64611779,0.33012354,-0.24421126,1.8536348,0.31877699,-0.29242693,0.94428693,-0.06973125,-0.12679165,1.3339337,-0.16332085,-0.21832369,1.57546139,-0.24049118,-0.29792636,1.78622574,-0.31430835,-0.3509836,0.83128602,-0.3711742,-0.16649447,1.10063676,-0.57979784,-0.26240323,1.27818044,-0.72037021,-0.3172439,1.45111127,-0.83549348,-0.35080239
open_hand,0,0,0,0.11567776,0.54720666,-0.12797531,0.42780977,0.95564393,-0.16042698,0.67948453,1.23859177,-0.18842743,0.78901299,1.5194031,-0.21604412,0.88634816,0.6111897,-0.0843883,1.20444432,0.83899551,-0.1627889,1.4100925,0.95493151,-0.23124006,1.5828656,1.02514158,-0.28696942,0.96668613,0.25596471,-0.09313452,1.38770438,0.30526668,-0.16699701,1.64207849,0.32376303,-0.23469284,1.84426421,0.30529002,-0.28373708,0.94401271,-0.06455927,-0.12073645,1.33287286,-0.15082857,-0.20990942,1.57234647,-0.22719089,-0.28999719,1.77825654,-0.30245387,-0.34441897,0.83275229,-0.36627371,-0.160751,1.09766391,-0.57396095,-0.25571233,1.27395041,-0.7121728,-0.31138718,1.44305866,-0.82487018,-0.34613368
open_hand,0,0,0,0.1140438,0.55434781,-0.12842118,0.42517527,0.96199664,-0.15923714,0.67950436,1.24251553,-0.18527757,0.79481607,1.5163977,-0.21070192,0.88503377,0.61377361,-0.08056931,1.20387854,0.83925509,-0.15619624,1.40976871,0.95049805,-0.22293981,1.58224977,1.01474457,-0.27766158,0.96573225,0.2595404,-0.08756129,1.38980415,0.30555924,-0.15893777,1.645167,0.32135336,-0.22550814,1.84692569,0.29874527,-0.27395913,0.94482244,-0.05996413,-0.1136845,1.33434475,-0.14862122,-0.20151955,1.57268931,-0.22763298,-0.28204704,1.77681506,-0.30704755,-0.33679441,0.83720975,-0.3605042,-0.15224617,1.10247355,-0.56534011,-0.24733333,1.27795237,-0.70550718,-0.30410342,1.44619305,-0.82246945,-0.33958064
open_hand,0,0,0,0.14400905,0.55198379,-0.12095495,0.47807193,0.94066516,-0.14450559,0.74114872,1.20874838,-0.16529083,0.8611278,1.45966806,-0.18657954,0.91062886,0.5578837,-0.06496459,1.2333076,0.72585827,-0.13512206,1.43832988,0.81136454,-0.2011592,1.61386093,0.8593373,-0.25717281,0.98037977,0.197118,-0.07527932,1.39873345,0.19332588,-0.14145061,1.64955659,0.18055061,-0.20772727,1.84876838,0.13600745,-0.25725665,0.94719223,-0.12270793,-0.10494331,1.32755966,-0.24591842,-0.18882875,1.56392205,-0.349051,-0.26767637,1.77072087,-0.45105298,-0.32278936,0.82763195,-0.4172305,-0.14698036,1.08718868,-0.62648591,-0.23670942,1.25760014,-0.76773429,-0.2900403,1.42481146,-0.88607239,-0.32529246
open_hand,0,0,0,0.15690471,0.55606427,-0.12731391,0.50040094,0.92578683,-0.14925912,0.77693921,1.16876188,-0.16621453,0.91551673,1.41014265,-0.18259006,0.9289092,0.51284151,-0.06467572,1.26201147,0.67500259,-0.13028365,1.4733098,0.74543802,-0.19166928,1.65141164,0.77540989,-0.24438724,0.98915322,0.14688739,-0.06851086,1.4089841,0.12439615,-0.13234212,1.66366378,0.10094017,-0.19722466,1.86328974,0.04537442,-0.24498747,0.94862674,-0.1726927,-0.09220948,1.32627445,-0.31772199,-0.17509165,1.56358781,-0.42880967,-0.25554387,1.76989012,-0.53881091,-0.31114156,0.82460531,-0.45890669,-0.12848197,1.07660728,-0.67128782,-0.21949617,1.24160705,-0.81692808,-0.27569085,1.40261217,-0.94003717,-0.3118724
open_hand,0,0,0,0.15557852,0.56287398,-0.12350003,0.50739592,0.92953312,-0.14385237,0.78299594,1.17066353,-0.16060791,0.90565695,1.41546525,-0.17745965,0.93416465,0.50113914,-0.0610044,1.25962368,0.66257086,-0.12934608,1.46690345,0.739472,-0.19401439,1.64273179,0.77917057,-0.24897426,0.99083934,0.13504594,-0.06765714,1.40764466,0.11271645,-0.13353629,1.65911114,0.09011464,-0.20047012,1.86001726,0.03784325,-0.24996784,0.94870614,-0.1827027,-0.09402127,1.32333146,-0.32381541,-0.17913027,1.55635721,-0.43713012,-0.26080582,1.75995807,-0.5492933,-0.31677813,0.82443523,-0.46792818,-0.13277961,1.07674568,-0.67842133,-0.22459245,1.24158086,-0.82435586,-0.28059874,1.40190242,-0.95083737,-0.31690346
open_hand,0,0,0,0.16234177,0.56117116,-0.12316757,0.51799786,0.9184053,-0.14274649,0.79871263,1.14864934,-0.15839648,0.92836121,1.39289439,-0.17370156,0.93895475,0.48224847,-0.05861906,1.27368313,0.6333502,-0.12370608,1.48445626,0.70427317,-0.18535,1.66276072,0.73708933,-0.238183,0.99326601,0.11585613,-0.06463125,1.4148785,0.0827878,-0.12805822,1.67011128,0.05335082,-0.193332,1.87243375,-0.00570947,-0.24114915,0.94891585,-0.20252438,-0.09036477,1.32454817,-0.35792662,-0.17305113,1.56077375,-0.47653381,-0.25448222,1.76619074,-0.59189602,-0.31037923,0.82252236,-0.48865892,-0.12842596,1.07422291,-0.70403302,-0.2184102,1.24006675,-0.85415095,-0.27477959,1.40150713,-0.98219569,-0.31147422
open_hand,0,0,0,0.17881408,0.55297216,-0.117502,0.54294429,0.89675149,-0.13248192,0.82505699,1.11985119,-0.14438585,0.95498234,1.3651818,-0.15590336,0.94998658,0.44289363,-0.04730066,1.2877865,0.58292589,-0.10751955,1.50002066,0.64354134,-0.16725889,1.68033524,0.66615778,-0.21925721,0.99701104,0.07725926,-0.05401953,1.41211546,0.02985512,-0.11304071,1.66458466,-0.01114733,-0.17856536,1.86845379,-0.0817714,-0.22705934,0.94870288,-0.24041927,-0.07998129,1.31871598,-0.40865639,-0.1578859,1.5522699,-0.53508238,-0.23867659,1.75714906,-0.65970144,-0.29471933,0.81955547,-0.52434166,-0.11794859,1.06725063,-0.75026734,-0.20238085,1.23230007,-0.9014574,-0.2566447,1.39505284,-1.02884167,-0.29244893
open_hand,0,0,0,0.22838945,0.49961705,-0.11560188,0.60674119,0.74377288,-0.13192058,0.92107709,0.87704815,-0.14546545,1.10697889,1.04363399,-0.15775502,0.97709661,0.2063593,-0.03682398,1.32298777,0.25709447,-0.09444353,1.53778478,0.25274997,-0.15220866,1.71625941,0.21803081,-0.20319004,0.98610852,-0.16610234,-0.0450766,1.38549684,-0.33263266,-0.10365085,1.62497653,-0.44268441,-0.16756008,1.81468595,-0.5607068,-0.2145159,0.90461088,-0.46701415,-0.07310992,1.25065193,-0.73075905,-0.1536336,1.46489975,-0.91727403,-0.22856315,1.65647811,-1.08596621,-0.27953472,0.74668056,-0.7082221,-0.11293677,0.97325143,-0.99162521,-0.20224957,1.11824886,-1.18529588,-0.25470731,1.26740072,-1.35049636,-0.28715995
open_hand,0,0,0,0.19354965,0.52359531,-0.12481972,0.56124854,0.82360435,-0.15399312,0.86083966,0.99017881,-0.17812709,1.0306216,1.20926731,-0.20162845,0.97106225,0.29219838,-0.0715209,1.30746805,0.39188617,-0.15008128,1.5195087,0.4260743,-0.21943174,1.69515608,0.42331062,-0.27513885,0.996997,-0.07744015,-0.0806989,1.41286007,-0.19426103,-0.15504639,1.66335651,-0.2726457,-0.22263554,1.85800061,-0.3687545,-0.27008572,0.92675109,-0.38500613,-0.10933884,1.29188412,-0.62863456,-0.20256356,1.51704156,-0.78192426,-0.28145124,1.71415188,-0.92329125,-0.33240756,0.77483466,-0.63530287,-0.14997338,1.01681218,-0.92742509,-0.24857431,1.17203284,-1.11283421,-0.30256041,1.3267963,-1.2748499,-0.33451778
open_hand,0,0,0,0.11290723,0.58114385,-0.12466522,0.42078371,0.9944666,-0.15368506,0.69349057,1.23791364,-0.17642307,0.8299754,1.48794603,-0.20030959,0.88861962,0.59882527,-0.07404506,1.21184399,0.79174941,-0.15446746,1.41509479,0.89776207,-0.22828023,1.59009254,0.96486013,-0.28619368,0.96649954,0.25666835,-0.07878919,1.38313975,0.27581572,-0.14971949,1.64425478,0.27673772,-0.22121013,1.85516434,0.24588993,-0.27433272,0.9442314,-0.06216139,-0.102541,1.33378042,-0.16882925,-0.19160323,1.56967164,-0.24241446,-0.27475848,1.7677237,-0.31993953,-0.32974684,0.83774886,-0.36389699,-0.13813062,1.10863717,-0.55530192,-0.23262519,1.28251982,-0.68572432,-0.28907132,1.44721755,-0.8037729,-0.32392047
open_hand,0,0,0,0.09627229,0.56868563,-0.12819416,0.38830262,1.00380994,-0.1573852,0.63287998,1.30161497,-0.18088118,0.74990875,1.56635517,-0.20266494,0.84969786,0.67487748,-0.07074336,1.14991709,0.90964051,-0.14218738,1.34681611,1.03215317,-0.20938992,1.51736703,1.10853958,-0.26490286,0.9435724,0.33116632,-0.07520169,1.35336015,0.39592258,-0.14152723,1.60336642,0.41795311,-0.20837817,1.80928163,0.40629292,-0.25765074,0.9379407,0.01759989,-0.09899103,1.31247631,-0.03639191,-0.18179684,1.54187055,-0.09209918,-0.25822865,1.74421487,-0.14803537,-0.309856,0.84807912,-0.27843893,-0.13566055,1.11508574,-0.44961192,-0.2240586,1.28781339,-0.56846173,-0.27516256,1.45784873,-0.66310621,-0.30681283
open_hand,0,0,0,0.08564209,0.55994516,-0.12009507,0.37009591,1.01313775,-0.14206212,0.5979094,1.32833401,-0.15934438,0.69493504,1.59900101,-0.17547083,0.82033795,0.72544887,-0.05923692,1.10754484,0.9723044,-0.1226236,1.29575603,1.10375897,-0.18436018,1.4581826,1.18826083,-0.23641752,0.91904774,0.39414624,-0.06428756,1.31771054,0.48275962,-0.12397474,1.55878058,0.52459272,-0.18760499,1.75769832,0.52621153,-0.23477281,0.92073121,0.08647696,-0.08795942,1.2870028,0.05758146,-0.16498792,1.51106782,0.01644903,-0.23995121,1.71007246,-0.0300044,-0.29113849,0.84118131,-0.21130974,-0.12386435,1.10697239,-0.35990894,-0.20784029,1.27785231,-0.46851629,-0.25844369,1.44524024,-0.55488856,-0.29027821
open_hand,0,0,0,0.0900628,0.56896269,-0.12214481,0.37960944,1.0059731,-0.13881123,0.61585207,1.30829576,-0.14985279,0.72478253,1.57102388,-0.15965785,0.83310499,0.7077566,-0.05284532,1.1276131,0.95141907,-0.11137975,1.32161258,1.07540537,-0.17055577,1.48831698,1.15081461,-0.22130699,0.92779709,0.3730852,-0.05458786,1.33218507,0.4487656,-0.11089715,1.57838469,0.48956218,-0.17410513,1.77886705,0.48734144,-0.22089558,0.92430742,0.06278766,-0.07557436,1.29664055,0.02128965,-0.15198597,1.52795001,-0.02311998,-0.22964787,1.73192654,-0.07667819,-0.28241661,0.84057032,-0.23583951,-0.10868812,1.10823333,-0.39120561,-0.1954562,1.28312742,-0.50004033,-0.24979916,1.4536198,-0.58744055,-0.28365601
open_hand,0,0,0,0.08888876,0.58105544,-0.10155723,0.39791271,1.00438771,-0.10380782,0.64116157,1.27489383,-0.10324355,0.73044502,1.53210061,-0.10462088,0.84674621,0.68236817,-0.03855738,1.14743883,0.9120706,-0.09341637,1.35336198,1.02793442,-0.1490246,1.5246284,1.09862562,-0.19779859,0.93844265,0.34543509,-0.05088822,1.36183714,0.39110258,-0.10664688,1.62209309,0.42083098,-0.17045967,1.83093303,0.41635512,-0.2152348,0.93281201,0.03110852,-0.07986448,1.32845725,-0.03134515,-0.16010092,1.57466438,-0.08807351,-0.24309092,1.78817238,-0.15209668,-0.29704162,0.84352404,-0.27025119,-0.11822944,1.12460699,-0.43675126,-0.21184898,1.30435433,-0.54959877,-0.26892078,1.4782699,-0.64278389,-0.30272375
open_hand,0,0,0,0.09128589,0.55456794,-0.11367367,0.38184482,0.96194261,-0.13142667,0.6381492,1.23321531,-0.14519446,0.76756147,1.47988716,-0.15836683,0.85556854,0.64156098,-0.05289116,1.16300537,0.87773223,-0.11584652,1.3665566,0.99623447,-0.17635142,1.53864563,1.06415928,-0.22707643,0.94910538,0.31495869,-0.06226062,1.37239095,0.37246028,-0.12431163,1.63445252,0.39875838,-0.19024712,1.84623388,0.38373053,-0.23699886,0.94409715,0.00879168,-0.08944252,1.33758396,-0.05454424,-0.17391972,1.58471954,-0.110911,-0.25528388,1.79786951,-0.1758038,-0.30844493,0.85522262,-0.28887526,-0.12679838,1.13479937,-0.46421217,-0.22201953,1.31602913,-0.58155341,-0.27767638,1.48830814,-0.67949732,-0.31019863
open_hand,0,0,0,0.09763357,0.5444072,-0.10549199,0.39854546,0.94612106,-0.12322062,0.64903428,1.21682417,-0.13788828,0.76208349,1.4727296,-0.15229453,0.86003846,0.63299148,-0.05385125,1.16698456,0.86118257,-0.11739988,1.3676203,0.9781721,-0.17756957,1.53774955,1.04791694,-0.22832681,0.95072472,0.31003631,-0.06901971,1.37078686,0.37170254,-0.13183746,1.63136566,0.39519533,-0.19595853,1.84363005,0.37934597,-0.24109104,0.94441055,0.00833273,-0.10108669,1.33675421,-0.0534521,-0.18480485,1.58057077,-0.10739622,-0.2635791,1.79174232,-0.16872933,-0.31501585,0.85329421,-0.2844017,-0.14270011,1.13308729,-0.46238139,-0.2351249,1.31282103,-0.58012976,-0.28785232,1.48486748,-0.67706035,-0.31893962
open_hand,0,0,0,0.10463834,0.51936636,-0.11124203,0.40445824,0.91242804,-0.13745913,0.65984713,1.16657116,-0.16071069,0.79065504,1.42050349,-0.18361296,0.87058977,0.61019661,-0.06640704,1.1818897,0.82685952,-0.14108342,1.3838798,0.94239539,-0.20815551,1.55629779,1.01345381,-0.26259948,0.95900514,0.28338869,-0.0831622,1.3818479,0.33502541,-0.15483266,1.64330949,0.3558368,-0.22367443,1.85661898,0.340604,-0.27223101,0.94748985,-0.01671237,-0.11729219,1.34259218,-0.08355003,-0.20786698,1.58690159,-0.1419307,-0.28702336,1.79931811,-0.20544151,-0.33863771,0.84791517,-0.30545163,-0.16155184,1.12870118,-0.48614811,-0.26009169,1.31095331,-0.60767398,-0.31442872,1.48623444,-0.71003889,-0.34611664
open_hand,0,0,0,0.10831584,0.51318856,-0.11928061,0.41553993,0.89805247,-0.15051902,0.68048925,1.14489931,-0.17714014,0.82226358,1.39717093,-0.20251124,0.87923952,0.591203,-0.07855292,1.18840277,0.80437345,-0.15900776,1.38772497,0.91597817,-0.22869492,1.55919047,0.98134464,-0.28440675,0.96509625,0.26189544,-0.0929713,1.38842125,0.31669316,-0.1691203,1.64946234,0.33065254,-0.23727674,1.86181621,0.31045086,-0.28527936,0.94933231,-0.03663265,-0.12563001,1.34314998,-0.10784121,-0.21977089,1.58680691,-0.16503041,-0.29760093,1.79756529,-0.22214791,-0.3483211,0.84629181,-0.31817203,-0.16936837,1.12448565,-0.50306993,-0.2701269,1.30754834,-0.62758129,-0.32477273,1.4818127,-0.73164138,-0.35702498
open_hand,0,0,0,0.11889795,0.51327538,-0.12020739,0.43474422,0.88571139,-0.14896749,0.70624561,1.10257645,-0.17305217,0.85233681,1.34371319,-0.19553735,0.88995818,0.57050077,-0.06991945,1.19968377,0.77346105,-0.14766241,1.39820701,0.87895202,-0.21642537,1.56853841,0.94172365,-0.27201733,0.97188783,0.23544435,-0.08142247,1.39120008,0.27846969,-0.15435996,1.64559135,0.28793014,-0.22155432,1.84964435,0.26823693,-0.27002849,0.95296917,-0.06225939,-0.11199071,1.34262834,-0.14029581,-0.20413609,1.5803259,-0.20338625,-0.28094662,1.78348973,-0.26425463,-0.33166056,0.84697881,-0.34031032,-0.15396731,1.12175504,-0.52534282,-0.25444443,1.3027244,-0.65062698,-0.30990091,1.47384479,-0.75656371,-0.34308049
open_hand,0,0,0,0.11307353,0.51566765,-0.12045687,0.43123387,0.88354361,-0.14946682,0.71012075,1.10393641,-0.17363297,0.85986818,1.34633821,-0.1961924,0.88995336,0.56344279,-0.07165933,1.19914441,0.76406978,-0.15253734,1.39876898,0.87232522,-0.22352082,1.56950179,0.93671962,-0.28012843,0.97349102,0.22872523,-0.08338113,1.39522244,0.27402998,-0.15903315,1.65215344,0.28045478,-0.2271615,1.86116073,0.25565235,-0.2756489,0.95620758,-0.07114629,-0.11410434,1.34963384,-0.15062391,-0.20769712,1.58928206,-0.21412033,-0.28433015,1.79611039,-0.27771021,-0.33459493,0.85114455,-0.35219352,-0.156264,1.12612404,-0.5420378,-0.25627337,1.308167,-0.66910718,-0.31088626,1.48258919,-0.7772524,-0.34367233
open_hand,0,0,0,0.12576944,0.53406166,-0.09542579,0.45448067,0.91204121,-0.10542712,0.72175378,1.11306288,-0.11695693,0.86238884,1.33113144,-0.12855942,0.9020819,0.55070774,-0.02975578,1.19990045,0.75154693,-0.09971531,1.38733414,0.86529597,-0.16685143,1.54658671,0.94032408,-0.2204392,0.97627209,0.21654748,-0.04815421,1.39209184,0.25816524,-0.11121126,1.63672853,0.27527115,-0.17231465,1.82967341,0.26098158,-0.21759588,0.95456589,-0.07982546,-0.08579867,1.34338133,-0.16576058,-0.16756359,1.5727972,-0.22462126,-0.2372905,1.77122634,-0.28326241,-0.28539566,0.85016758,-0.35878182,-0.13414622,1.1177256,-0.53651676,-0.22084474,1.292033,-0.65129284,-0.26775161,1.4586237,-0.74901163,-0.29812555
open_hand,0,0,0,0.13043437,0.5499149,-0.09020599,0.45571719,0.93268892,-0.08919048,0.71580953,1.15195068,-0.09281269,0.83855813,1.38190885,-0.09581644,0.89382531,0.57808674,0.00817994,1.17787241,0.7782977,-0.04416171,1.35463258,0.87907264,-0.10367194,1.51031028,0.94045984,-0.15494414,0.96694556,0.25498289,-0.00872779,1.36229777,0.30387959,-0.05749104,1.59180064,0.31829288,-0.11640488,1.77646306,0.30013376,-0.16268209,0.94744378,-0.03269685,-0.04693727,1.3021897,-0.11648103,-0.11611184,1.5155179,-0.17542215,-0.18553593,1.70816319,-0.23199943,-0.2358537,0.85179871,-0.30522233,-0.09676362,1.10908485,-0.47771511,-0.1701371,1.27149298,-0.59341171,-0.21375517,1.43056684,-0.68915489,-0.24521818
open_hand,0,0,0,0.11880318,0.55900228,-0.09837768,0.45573223,0.95084213,-0.08824362,0.72142437,1.19477586,-0.07587016,0.82975488,1.41673533,-0.0596209,0.8823969,0.59559726,0.01174568,1.18052265,0.79800033,-0.01846952,1.37111156,0.90055064,-0.061101,1.53365821,0.95914984,-0.10196858,0.96599506,0.25856053,0.01023434,1.36399169,0.30842309,-0.01978422,1.60187901,0.32377885,-0.06451329,1.78863314,0.30474936,-0.09981483,0.95731605,-0.04261586,-0.01206421,1.32035729,-0.12043811,-0.06508767,1.53108809,-0.17227783,-0.12917331,1.71475312,-0.22612598,-0.17512675,0.87129921,-0.32568899,-0.04663008,1.13129523,-0.49495264,-0.11070206,1.29856845,-0.61294286,-0.15534113,1.46199364,-0.70487663,-0.18644855
open_hand,0,0,0,0.11663538,0.58368044,-0.09553983,0.44808908,0.97955356,-0.08452432,0.71795363,1.22381119,-0.07208213,0.83833778,1.45219289,-0.05728764,0.88141117,0.60012114,0.01576302,1.19074466,0.80903604,-0.01979022,1.39085568,0.91413737,-0.06621334,1.55693395,0.97201542,-0.10909713,0.9662929,0.25744522,0.01037284,1.37832351,0.29844727,-0.02675745,1.63007035,0.31361477,-0.08006332,1.82875048,0.29450081,-0.11960629,0.95835554,-0.05349833,-0.01577203,1.34277485,-0.13238963,-0.0783174,1.56998929,-0.18556008,-0.15280026,1.76780449,-0.24279115,-0.20383685,0.87184736,-0.34732852,-0.05275141,1.13439128,-0.52720367,-0.12898314,1.30355702,-0.65001352,-0.18074237,1.47146274,-0.74541977,-0.21426542
open_hand,0,0,0,0.1126243,0.58353977,-0.09929012,0.4388533,0.9755377,-0.09499276,0.70681954,1.22156184,-0.089132,0.82544188,1.46057813,-0.08192792,0.88136502,0.60135685,-0.00335606,1.19161212,0.82161521,-0.04607399,1.39306592,0.93159548,-0.09608963,1.56059646,0.99181726,-0.14108166,0.9656622,0.25980093,-0.01074473,1.38443716,0.30402244,-0.05295625,1.63723576,0.3251653,-0.10732784,1.83684721,0.31111866,-0.14759656,0.95543135,-0.04970226,-0.03815978,1.34345216,-0.13093955,-0.10623048,1.57443583,-0.18223091,-0.18103394,1.77395166,-0.23686437,-0.23170887,0.86608164,-0.34153717,-0.07634283,1.13408678,-0.53392362,-0.15954566,1.30793418,-0.65995433,-0.21290545,1.47855164,-0.7590403,-0.24647794
open_hand,0,0,0,0.10166426,0.56083373,-0.09773735,0.4200736,0.9794369,-0.1027034,0.67299843,1.23624533,-0.1063947,0.77238946,1.49640566,-0.11125634,0.869845,0.63899219,-0.03543933,1.18428153,0.85625835,-0.09757032,1.38780604,0.97047096,-0.15427167,1.55496758,1.04327807,-0.20175086,0.95299164,0.3029966,-0.05270188,1.36822099,0.36262079,-0.11700488,1.6255366,0.39172665,-0.17885833,1.83631564,0.39025978,-0.22106286,0.93760467,-0.01262074,-0.08814071,1.33061703,-0.07407066,-0.17563838,1.57729706,-0.12763586,-0.25264057,1.79466026,-0.17960496,-0.30183934,0.83805372,-0.32182528,-0.13321077,1.11635432,-0.49213024,-0.22896211,1.30058204,-0.60847081,-0.28173213,1.48072734,-0.69720588,-0.31254857
open_hand,0,0,0,0.10095669,0.56522737,-0.11781968,0.42178536,0.98478196,-0.13185204,0.68124912,1.25468041,-0.14127932,0.80008421,1.50690499,-0.15254701,0.86383057,0.63347954,-0.06534041,1.17662527,0.8690223,-0.13874421,1.38354314,0.99724226,-0.20448031,1.56292623,1.08223179,-0.25849934,0.95512657,0.29619797,-0.07484199,1.38283538,0.36053866,-0.14606923,1.64880583,0.39822624,-0.21338867,1.86618844,0.39991668,-0.26165897,0.94757845,-0.01807915,-0.10352364,1.34558052,-0.08785991,-0.19355556,1.59432511,-0.12743641,-0.27584885,1.81052267,-0.16959172,-0.33116192,0.85661087,-0.316966,-0.14384289,1.13276644,-0.49213699,-0.24082351,1.31113453,-0.60302116,-0.29804,1.48721537,-0.68962415,-0.33486799
open_hand,0,0,0,0.08914778,0.56550386,-0.1166914,0.39404847,0.97701727,-0.13584884,0.64856798,1.25242765,-0.15122396,0.77781243,1.51148067,-0.16692432,0.86582027,0.62202714,-0.05979556,1.16902208,0.8603452,-0.13449894,1.37079466,0.99470826,-0.20192532,1.54310102,1.08361861,-0.25599606,0.95623106,0.29261263,-0.06950022,1.37474549,0.3691727,-0.1401854,1.63392134,0.40483767,-0.20618245,1.84779725,0.40304294,-0.25260093,0.94476796,-0.01334894,-0.09841529,1.33743107,-0.07687635,-0.18673988,1.58127937,-0.11568548,-0.26218441,1.79695961,-0.15577064,-0.31152235,0.84775684,-0.30206356,-0.13898077,1.12788655,-0.4804707,-0.23278988,1.31251027,-0.58504174,-0.28423835,1.49407013,-0.66464106,-0.31553976
open_hand,0,0,0,0.09409502,0.56610777,-0.11633103,0.4086315,0.96922039,-0.13162778,0.66509196,1.23378125,-0.14261074,0.78178666,1.49339879,-0.15343174,0.86445314,0.62950815,-0.05608313,1.16812185,0.85747717,-0.12256714,1.36814121,0.97886514,-0.18531233,1.54029477,1.05222193,-0.23810738,0.95612766,0.29295032,-0.06423759,1.37412014,0.36367617,-0.1269764,1.62892724,0.3919318,-0.18859592,1.83624478,0.38331824,-0.23360701,0.9465924,-0.0135387,-0.09161436,1.32949721,-0.07313623,-0.173517,1.5656872,-0.1192757,-0.24639229,1.7750584,-0.16896685,-0.29584283,0.85181189,-0.30552557,-0.13087436,1.12504735,-0.47194942,-0.21989675,1.30417227,-0.57684572,-0.26995824,1.48141187,-0.65761351,-0.30196177
open_hand,0,0,0,0.08740105,0.5766884,-0.12187617,0.40006568,0.99044092,-0.1376576,0.65904313,1.25877379,-0.14946642,0.76242346,1.52664793,-0.16108737,0.85628164,0.65143818,-0.05643426,1.15815868,0.88532358,-0.1242312,1.35736625,1.01187961,-0.18836893,1.53001962,1.08883653,-0.24286068,0.94868819,0.3162131,-0.06274408,1.36388725,0.39084944,-0.12765392,1.61802299,0.42090382,-0.1913546,1.82572975,0.4143953,-0.23864599,0.94077253,0.01249742,-0.08920875,1.32081009,-0.04511926,-0.17442882,1.55563079,-0.09408271,-0.25090264,1.76139613,-0.14573375,-0.30288924,0.84951838,-0.27821973,-0.12835617,1.11930007,-0.44757399,-0.22040939,1.29667322,-0.55725798,-0.27421737,1.46954839,-0.64429713,-0.30935759
open_hand,0,0,0,0.10376573,0.57429885,-0.11648253,0.4089217,0.98382146,-0.12975867,0.66784025,1.25192111,-0.14028903,0.76737926,1.5135298,-0.1505902,0.85910706,0.66056733,-0.05049174,1.17620465,0.89546608,-0.11344716,1.38014749,1.01497918,-0.17399707,1.5563839,1.0921828,-0.22576122,0.94722586,0.32056695,-0.05686726,1.36573303,0.38510657,-0.11904307,1.62502638,0.41747925,-0.18332167,1.83603746,0.41635962,-0.23118067,0.93974805,0.01390073,-0.08238301,1.31737027,-0.04703271,-0.16112043,1.55459157,-0.09797386,-0.23713903,1.76013826,-0.15322963,-0.28990172,0.85178431,-0.2771529,-0.12036691,1.11688181,-0.4464303,-0.20517852,1.29311303,-0.55703443,-0.25812047,1.4638754,-0.64689584,-0.29294589
open_hand,0,0,0,0.10072433,0.57369702,-0.12395877,0.40418713,0.99262977,-0.14637277,0.66502285,1.28726368,-0.16389674,0.77963934,1.54628618,-0.18123459,0.8486429,0.67672755,-0.06876101,1.16656819,0.91267304,-0.13715011,1.37282887,1.02907736,-0.20033301,1.55012061,1.09842564,-0.2534334,0.94054391,0.33967213,-0.07281705,1.35917599,0.41410686,-0.13885549,1.61764515,0.44194855,-0.2047443,1.8262155,0.42830868,-0.25295517,0.93532376,0.02899398,-0.09550113,1.31504315,-0.03043858,-0.17686591,1.5559178,-0.08377997,-0.25353729,1.76287847,-0.14490976,-0.30645798,0.84738247,-0.26809266,-0.13070662,1.11213013,-0.4316381,-0.21681168,1.28938297,-0.53977515,-0.26864272,1.46036365,-0.62589215,-0.30225395
open_hand,0,0,0,0.10766375,0.57543915,-0.11695901,0.40999208,0.99450867,-0.13485802,0.66455288,1.28887603,-0.14947422,0.78106455,1.53459852,-0.16348292,0.84814919,0.68133225,-0.05948865,1.1680444,0.91694771,-0.12331649,1.37504715,1.02985785,-0.18300753,1.5527828,1.09413538,-0.23366631,0.93973098,0.34191472,-0.06622117,1.36055706,0.41457937,-0.12920946,1.62033114,0.44091958,-0.19235336,1.82886737,0.42505078,-0.23845689,0.93532294,0.02865244,-0.09136138,1.31760904,-0.0338957,-0.17049985,1.5580153,-0.08974928,-0.24559838,1.76461556,-0.15277027,-0.29712724,0.84952257,-0.27181758,-0.12858464,1.11876931,-0.43038183,-0.21377008,1.29646801,-0.54217738,-0.26488398,1.46732827,-0.63212624,-0.29763781
open_hand,0,0,0,0.11058504,0.57357318,-0.1142453,0.40627632,0.98571247,-0.13178314,0.65678849,1.28193535,-0.14669095,0.7834773,1.530491,-0.16061156,0.8511006,0.67018142,-0.0469816,1.16453637,0.9026012,-0.10967982,1.3679127,1.0197879,-0.17154368,1.54313543,1.08952055,-0.22344118,0.94262326,0.33385835,-0.05373359,1.35859005,0.40016591,-0.11299953,1.61453414,0.42746019,-0.17749366,1.82360091,0.41498321,-0.22480802,0.93718641,0.02266408,-0.079371,1.31106864,-0.03786397,-0.15523128,1.54728031,-0.09044017,-0.22995305,1.75327267,-0.14843971,-0.28121486,0.85125534,-0.27427304,-0.11704507,1.11261674,-0.43845448,-0.19956037,1.28506072,-0.54906724,-0.24872499,1.4513072,-0.63702617,-0.27964415
open_hand,0,0,0,0.10858552,0.57228491,-0.11745219,0.39720888,0.98471762,-0.13830426,0.65054368,1.27912598,-0.15619494,0.78266779,1.53168479,-0.17289346,0.85107525,0.67326832,-0.04873213,1.16267963,0.90796186,-0.11378025,1.36467495,1.02607634,-0.17750411,1.54001466,1.0980168,-0.23027028,0.94200492,0.33559905,-0.05458353,1.35773258,0.4029018,-0.1149096,1.61222317,0.42889205,-0.17982084,1.82140976,0.41838426,-0.2273967,0.93562313,0.02248829,-0.07971477,1.30826645,-0.03887007,-0.15670184,1.54397186,-0.09224314,-0.23024647,1.75036451,-0.14738754,-0.2804634,0.84886005,-0.27628721,-0.11721808,1.11122721,-0.43658574,-0.20012836,1.28236226,-0.54514642,-0.24758819,1.44813561,-0.6314234,-0.27694516
open_hand,0,0,0,0.11444855,0.5713877,-0.12355549,0.40698946,0.98330973,-0.14970467,0.66028896,1.28159932,-0.17141142,0.79735011,1.53135944,-0.19195668,0.85469316,0.66721975,-0.06724499,1.17542268,0.89439707,-0.1379213,1.38367642,1.00342238,-0.20278095,1.56359217,1.06652138,-0.25582615,0.94637192,0.32307924,-0.07276512,1.36977032,0.38155182,-0.13961457,1.62975565,0.40347333,-0.20594288,1.84315223,0.38916222,-0.25386843,0.93990826,0.00180163,-0.09717267,1.3208749,-0.06422662,-0.17978241,1.56175587,-0.12419741,-0.25450393,1.77215164,-0.18677692,-0.30480235,0.85171963,-0.30448866,-0.13400358,1.12073664,-0.46097171,-0.22154637,1.29713664,-0.57122948,-0.27101843,1.46737607,-0.65927009,-0.3011481
open_hand,0,0,0,0.11926167,0.56969105,-0.12564484,0.42257042,0.98269209,-0.1502066,0.67834265,1.28262097,-0.17004793,0.80701023,1.53519411,-0.18932244,0.87182838,0.63768618,-0.06846634,1.19998474,0.86921513,-0.1385641,1.41355274,0.97986611,-0.20397549,1.59803618,1.04361095,-0.25828488,0.95746206,0.2885592,-0.07392907,1.38680151,0.32783504,-0.14044363,1.6485809,0.33701455,-0.20882535,1.86266484,0.31432799,-0.25875925,0.94434769,-0.03296494,-0.09789353,1.33279528,-0.11113958,-0.18009567,1.57037087,-0.17847435,-0.2554287,1.77793558,-0.24696842,-0.30672684,0.84619767,-0.33766319,-0.13457442,1.11290944,-0.50089836,-0.22218987,1.28656671,-0.61621778,-0.27217335,1.45611005,-0.70873323,-0.30293736
open_hand,0,0,0,0.13115356,0.563933,-0.12123878,0.43025498,0.96859742,-0.15242184,0.68607931,1.26730054,-0.1809024,0.82274104,1.52392126,-0.20959027,0.88043746,0.61887942,-0.07183182,1.21328093,0.83391117,-0.148376,1.4268853,0.93815622,-0.2177707,1.61134249,0.99859537,-0.27413311,0.96399389,0.26592438,-0.0821236,1.39645612,0.30110201,-0.15416112,1.66031237,0.30610266,-0.22599288,1.87630486,0.2778232,-0.27828779,0.94820315,-0.05731558,-0.11051152,1.335836,-0.14084597,-0.19665462,1.58059773,-0.21757514,-0.27434858,1.7935246,-0.2959577,-0.32720375,0.84939718,-0.36072231,-0.15089721,1.12181382,-0.52939987,-0.24125157,1.30133508,-0.64964832,-0.29144892,1.47396536,-0.75052607,-0.32209576
open_hand,0,0,0,0.13213165,0.5631903,-0.12867817,0.43803347,0.96948758,-0.15888465,0.69687828,1.26519188,-0.18433487,0.82895114,1.51707189,-0.20980882,0.88557521,0.61530164,-0.07790316,1.22216628,0.8341404,-0.15261942,1.44037451,0.93498526,-0.2216314,1.62984145,0.98891085,-0.27860919,0.9655648,0.26016267,-0.08455583,1.39899065,0.28322517,-0.15530836,1.66439486,0.28033239,-0.22764619,1.88191956,0.24528872,-0.28087861,0.94626142,-0.06433508,-0.10933505,1.33909883,-0.15463835,-0.19534107,1.58226363,-0.23371825,-0.27312371,1.79287383,-0.317259,-0.32596958,0.84269791,-0.36928717,-0.14671279,1.11724753,-0.543544,-0.23708843,1.29508144,-0.66388393,-0.28752258,1.46661888,-0.7648549,-0.31839706
open_hand,0,0,0,0.13079657,0.55525235,-0.11942978,0.44286738,0.94427167,-0.14670911,0.70208871,1.23465178,-0.17093445,0.83542718,1.48412415,-0.19505955,0.89244876,0.59005537,-0.06865193,1.21948479,0.80634493,-0.14439084,1.43446822,0.90537138,-0.21415804,1.61823101,0.95762174,-0.27110955,0.97066489,0.24043644,-0.07922016,1.40312609,0.26439835,-0.15144187,1.66785545,0.26247434,-0.22407191,1.88561724,0.22643261,-0.27682984,0.95008261,-0.07858287,-0.10754708,1.33757775,-0.1682924,-0.19433521,1.57682923,-0.24530499,-0.27073584,1.78484695,-0.32692793,-0.32213417,0.84674639,-0.38008932,-0.14753344,1.11744866,-0.55671888,-0.23751006,1.2950877,-0.6732867,-0.28616171,1.46682945,-0.77045347,-0.31557772
open_hand,0,0,0,0.13027085,0.57544521,-0.11535557,0.43961389,0.96599064,-0.14069158,0.70000714,1.24262033,-0.16391094,0.82522887,1.4983187,-0.18751848,0.88971914,0.59636403,-0.06556152,1.21313389,0.81513177,-0.14248364,1.42735748,0.920945,-0.21240821,1.61155868,0.98161727,-0.26973116,0.96938617,0.24554115,-0.07809587,1.40217351,0.2722503,-0.15111818,1.66329998,0.26926237,-0.22170102,1.87908332,0.23580515,-0.272899,0.94863451,-0.07150665,-0.10830257,1.33757671,-0.16044176,-0.19688323,1.57519546,-0.23520599,-0.27266048,1.78258061,-0.31038665,-0.323138,0.84399658,-0.36724466,-0.14994591,1.118138,-0.54604794,-0.24092395,1.29346723,-0.66420929,-0.28891944,1.46113329,-0.76448821,-0.31802993
open_hand,0,0,0,0.11443042,0.57896184,-0.11641684,0.42391322,0.98751773,-0.13447823,0.6872559,1.26303054,-0.14932225,0.81696443,1.50373308,-0.16366368,0.88230381,0.60839274,-0.054609,1.20394132,0.83271533,-0.12397251,1.41691261,0.94487166,-0.18924152,1.59958204,1.01283049,-0.24347458,0.96520638,0.26148928,-0.06314267,1.39564961,0.29512525,-0.12950659,1.66040474,0.30200878,-0.19808428,1.8786997,0.27862946,-0.24814574,0.94835808,-0.04969956,-0.09004056,1.33614748,-0.13651193,-0.17401186,1.57727356,-0.20107346,-0.25258781,1.78697197,-0.2653968,-0.3056253,0.85025852,-0.33431475,-0.12869484,1.11999236,-0.51849844,-0.21873105,1.29641402,-0.64012606,-0.27048522,1.46570395,-0.74101473,-0.30268642
open_hand,0,0,0,0.11504717,0.58676677,-0.11369387,0.43069871,0.99398333,-0.13075949,0.69274073,1.2646032,-0.14539173,0.80413714,1.52154012,-0.16024766,0.87918708,0.62075609,-0.05408667,1.19759069,0.84528015,-0.12235814,1.4078021,0.9578286,-0.18676255,1.58771026,1.02384488,-0.24063931,0.96285444,0.27002099,-0.0640614,1.39380083,0.30825626,-0.13004088,1.65684854,0.31843476,-0.19691403,1.87385227,0.29589237,-0.24519881,0.94752963,-0.04504412,-0.0921562,1.33512032,-0.12836959,-0.17493841,1.57590152,-0.19019414,-0.25240762,1.7867471,-0.25283387,-0.30452123,0.85053207,-0.33807628,-0.13181587,1.1220336,-0.51680752,-0.21929304,1.29778564,-0.6338616,-0.26945075,1.4673747,-0.72900132,-0.30092576
open_hand,0,0,0,0.10243639,0.57844722,-0.11623772,0.40826947,0.98567724,-0.13421501,0.66898154,1.24177943,-0.14833846,0.79361545,1.50098212,-0.16139738,0.87449821,0.61548126,-0.04953581,1.18181635,0.84624879,-0.11931044,1.3869034,0.97395681,-0.18510124,1.56265184,1.05771322,-0.2388172,0.96084539,0.27708506,-0.05708069,1.37972451,0.33136571,-0.12345126,1.64002437,0.3526714,-0.1894879,1.85480015,0.3422438,-0.23621768,0.9480739,-0.02938574,-0.08366697,1.33241092,-0.10585034,-0.16748189,1.57268758,-0.15291202,-0.24292854,1.78396099,-0.19935584,-0.29247071,0.85179308,-0.31047943,-0.12206313,1.1242122,-0.48811435,-0.21055434,1.30220691,-0.59863225,-0.25961739,1.47459951,-0.68663398,-0.28925988
open_hand,0,0,0,0.10049395,0.58878072,-0.11352058,0.41120116,1.00126702,-0.13040501,0.66948416,1.27289941,-0.14431022,0.77888468,1.54170015,-0.15821571,0.86765183,0.62950952,-0.0563002,1.18017195,0.86707083,-0.12514565,1.38757339,0.99392342,-0.18907835,1.56541353,1.07337017,-0.24210705,0.95695495,0.29023651,-0.0654035,1.3831902,0.35414592,-0.13110335,1.64766106,0.37592269,-0.1961386,1.86650764,0.36104154,-0.24288563,0.94710519,-0.01709114,-0.09253197,1.33635133,-0.08655807,-0.17461496,1.57874621,-0.13566695,-0.25059256,1.79179196,-0.18751843,-0.30151808,0.85352357,-0.30272149,-0.13113457,1.12917465,-0.48519496,-0.21831821,1.30990401,-0.59821503,-0.26855762,1.48481448,-0.6866213,-0.30008797
open_hand,0,0,0,0.09634557,0.57303648,-0.11569019,0.40131607,0.97979937,-0.13538061,0.65499593,1.2531717,-0.15144953,0.77137218,1.52233586,-0.16728818,0.86817324,0.62702169,-0.05800134,1.17439204,0.8632411,-0.12884178,1.37869404,0.99449073,-0.19463098,1.55336679,1.08047479,-0.2485371,0.95603749,0.29324445,-0.06658065,1.37505706,0.36121867,-0.13364264,1.63545781,0.38754569,-0.19925535,1.85054231,0.37977355,-0.246141,0.9454845,-0.01269558,-0.09366764,1.33120155,-0.07639526,-0.17704872,1.57184245,-0.11939056,-0.25237428,1.78460079,-0.1629221,-0.30259553,0.85159404,-0.29906454,-0.1324125,1.12568172,-0.47620146,-0.22107875,1.30487219,-0.58788829,-0.27084073,1.47971181,-0.6749898,-0.30148543
open_hand,0,0,0,0.0946244,0.58685332,-0.11764994,0.39998838,0.99971144,-0.1363352,0.65526479,1.28388574,-0.15140205,0.771025,1.55457477,-0.16729913,0.86008523,0.64242706,-0.06302019,1.17124203,0.88699449,-0.13567241,1.37976496,1.01857923,-0.20191625,1.55802199,1.10195225,-0.25651267,0.9532739,0.30210739,-0.07254714,1.38263724,0.37354402,-0.14206559,1.64654605,0.40607014,-0.20880952,1.86401287,0.40164084,-0.25656511,0.94425408,-0.00884621,-0.10064734,1.33949715,-0.06796658,-0.18806663,1.58308299,-0.10906468,-0.26508991,1.79860825,-0.1521328,-0.31626992,0.85026668,-0.29996526,-0.14042061,1.12933703,-0.47502235,-0.23459083,1.31278656,-0.58164397,-0.28723658,1.4927999,-0.66302693,-0.31970566
open_hand,0,0,0,0.08800863,0.56978069,-0.11831848,0.3940733,0.98965468,-0.1376338,0.64661004,1.27475597,-0.15320842,0.7630733,1.53981384,-0.17068973,0.85913214,0.63815086,-0.06819799,1.1681451,0.89227814,-0.14616445,1.37818087,1.02742675,-0.21526813,1.55840997,1.11699422,-0.27153804,0.95161566,0.30729079,-0.07950135,1.38166452,0.37440619,-0.15692172,1.65131423,0.40920434,-0.2290714,1.87544466,0.40833965,-0.2792475,0.94088667,-0.00139271,-0.10907368,1.342964,-0.06651955,-0.20397129,1.59413625,-0.10720453,-0.28578151,1.81540355,-0.15227197,-0.33901302,0.84461837,-0.29426624,-0.14984393,1.12402162,-0.47075292,-0.25015886,1.30911521,-0.57447381,-0.30620715,1.49202233,-0.65513903,-0.34027946
open_hand,0,0,0,0.09091723,0.56319807,-0.11841557,0.40156263,0.98243157,-0.1404564,0.6562127,1.26418604,-0.15798407,0.7677188,1.53651273,-0.17796857,0.85517203,0.6432252,-0.07628738,1.1692925,0.89574969,-0.15670466,1.38096708,1.03179221,-0.22590405,1.56109381,1.12208031,-0.28145232,0.94773787,0.31905006,-0.08804329,1.38032738,0.39214895,-0.1674543,1.65156347,0.42996239,-0.23925818,1.87236802,0.42935912,-0.28841361,0.93960297,0.00953897,-0.11765668,1.34691556,-0.05332897,-0.21468405,1.60374989,-0.0948172,-0.2972781,1.82690482,-0.14134468,-0.35025668,0.8458769,-0.28939798,-0.157959,1.13562956,-0.45224222,-0.25996258,1.32423063,-0.5484101,-0.31617347,1.5077106,-0.62175191,-0.34997071
open_hand,0,0,0,0.0804728,0.56485208,-0.12324555,0.39377804,0.97847556,-0.1460531,0.65627589,1.25588857,-0.16432942,0.76210738,1.54342114,-0.18401041,0.85770949,0.64355631,-0.0732008,1.17487668,0.8936581,-0.15043681,1.38656848,1.02795269,-0.21750031,1.56499559,1.11581827,-0.27249801,0.95024279,0.31151024,-0.08306534,1.38907765,0.38597316,-0.1618904,1.66314056,0.42581202,-0.23415652,1.88851368,0.42719513,-0.28357536,0.9416024,0.00513192,-0.11128694,1.34926552,-0.04983703,-0.20844897,1.60151367,-0.08458604,-0.29045451,1.82235636,-0.1260435,-0.3426808,0.84733955,-0.28852468,-0.15089387,1.13648965,-0.4471106,-0.25335438,1.32575264,-0.54310108,-0.31054224,1.51135706,-0.61746471,-0.34498422
open_hand,0,0,0,0.08305883,0.534721,-0.131646,0.38772342,0.93234261,-0.16103011,0.64891329,1.21339837,-0.18258477,0.77310854,1.48565663,-0.20342607,0.85594234,0.63535707,-0.08499275,1.1727296,0.86773192,-0.16106587,1.38087513,0.98931629,-0.22856329,1.5578372,1.06396419,-0.28328319,0.95219092,0.30550359,-0.09167124,1.38605482,0.36907486,-0.16461035,1.65579894,0.39755323,-0.23290656,1.87798264,0.38956503,-0.2799798,0.9451903,-0.00579289,-0.11706846,1.34685988,-0.06160776,-0.20898483,1.59595054,-0.11481455,-0.28677484,1.81796969,-0.17222688,-0.33655405,0.84903541,-0.30857037,-0.15440594,1.13457492,-0.46048069,-0.25142001,1.3198231,-0.56011551,-0.30330707,1.503495,-0.63662607,-0.33373346
open_hand,0,0,0,0.0900011,0.5504201,-0.1204234,0.3979845,0.94543963,-0.14693526,0.66321467,1.2085295,-0.1685446,0.7787298,1.48950808,-0.19079178,0.86361583,0.62881122,-0.0798509,1.17443616,0.86489044,-0.15933483,1.3826185,0.99224887,-0.22846106,1.55900835,1.07076011,-0.28488699,0.95574766,0.29418772,-0.09257441,1.3902675,0.35778327,-0.16921602,1.6556568,0.38514683,-0.23785795,1.87172705,0.37660588,-0.28648601,0.94539556,-0.01069329,-0.12310809,1.34615985,-0.06562606,-0.21800168,1.59696259,-0.11014191,-0.29562908,1.81833722,-0.15756675,-0.3468677,0.84800595,-0.30328342,-0.16465867,1.13391827,-0.46595256,-0.26441147,1.32209935,-0.56405002,-0.31765734,1.50521557,-0.63802813,-0.35041061
fist,0,0,0,0.16047431,0.75866953,-0.07017192,0.4877459,1.23422845,-0.07676412,0.85573805,1.42134296,-0.10445804,1.12443891,1.25326752,-0.12009575,0.87621821,0.74280374,0.06176308,1.223181,0.89427092,-0.11567231,0.93922274,0.87029456,-0.21855813,0.66353392,0.76040338,-0.24227763,0.92778308,0.37312002,0.03363596,1.3001562,0.54857552,-0.15922325,0.91275925,0.50836596,-0.22268785,0.62874843,0.39256185,-0.20384247,0.93899502,-0.03234615,-0.02348426,1.33523204,0.14512685,-0.22701781,0.91982024,0.17412955,-0.17730498,0.62890354,0.09366345,-0.07324331,0.90955752,-0.48876017,-0.08577964,1.23364657,-0.29682153,-0.23219996,0.94190892,-0.17470232,-0.16929562,0.69795351,-0.17595058,-0.07255654
fist,0,0,0,0.1603486,0.76412484,-0.07821605,0.48840229,1.25757261,-0.08429946,0.85256904,1.44808764,-0.10879984,1.11922195,1.27604733,-0.11882118,0.86396889,0.77992477,0.05946767,1.21095974,0.92500705,-0.11675585,0.93003905,0.88757132,-0.21772981,0.66539064,0.76974529,-0.2401102,0.91522904,0.40293399,0.03536044,1.29888234,0.56277805,-0.15559947,0.92043775,0.5241538,-0.21720987,0.63852143,0.4141448,-0.19619915,0.92655856,-0.00922377,-0.01887754,1.32096028,0.14815087,-0.22011583,0.91368007,0.17357802,-0.17387472,0.62593931,0.10100159,-0.07163267,0.89612003,-0.46528261,-0.07938241,1.22733543,-0.27362796,-0.22216554,0.94267696,-0.16688505,-0.16206841,0.69550821,-0.17277442,-0.0679286
fist,0,0,0,0.1607877,0.77473073,-0.07071141,0.48295861,1.2609736,-0.07611273,0.84508981,1.45363294,-0.10244513,1.11378603,1.29615559,-0.11554935,0.86019437,0.77821973,0.06376636,1.21544254,0.93213746,-0.11107991,0.93909238,0.91090305,-0.21253177,0.66838724,0.79499283,-0.23546622,0.91332814,0.40722438,0.03545373,1.29800573,0.58253304,-0.15550346,0.9203607,0.54083469,-0.219471,0.63573222,0.41605216,-0.20090902,0.92705992,-0.00064094,-0.02212565,1.32364533,0.17360212,-0.22120407,0.91592146,0.19509508,-0.17388791,0.62749499,0.10843584,-0.07199987,0.89979663,-0.45510186,-0.08562282,1.22910818,-0.26140349,-0.22562422,0.94428597,-0.1503971,-0.16258381,0.69837228,-0.16086396,-0.06736
fist,0,0,0,0.16735354,0.77650875,-0.06014113,0.49569356,1.2468866,-0.05979859,0.85815021,1.44406652,-0.08319018,1.12012501,1.28255772,-0.09307645,0.87194746,0.75157602,0.07932244,1.21889364,0.91043332,-0.0938527,0.93434562,0.88511925,-0.19479922,0.67035523,0.76606152,-0.21886937,0.92343405,0.38375715,0.04547407,1.29930894,0.55922257,-0.14235918,0.91431844,0.52668426,-0.20418018,0.6413189,0.40921394,-0.18541258,0.93585797,-0.01865882,-0.01737179,1.32433597,0.15222816,-0.21487594,0.91281164,0.18294568,-0.16512006,0.63802513,0.09789569,-0.06253412,0.90540238,-0.46707404,-0.08532583,1.236477,-0.29143227,-0.22156603,0.95143134,-0.16406009,-0.1546455,0.71067917,-0.15981619,-0.05759196
fist,0,0,0,0.15863463,0.75941465,-0.07343188,0.48046904,1.23401626,-0.08051758,0.84040576,1.42776485,-0.10715699,1.10770276,1.27788204,-0.11874221,0.87116197,0.75168107,0.05572655,1.21407488,0.91106868,-0.12016294,0.92482726,0.88233851,-0.21682667,0.6606086,0.76251129,-0.23644728,0.92173949,0.38780964,0.02908567,1.28973028,0.56823381,-0.16113778,0.90041431,0.53038089,-0.21840883,0.63175688,0.40831726,-0.19547185,0.93133901,-0.0117424,-0.02667869,1.31303742,0.16795758,-0.22755688,0.89801321,0.19471612,-0.17373393,0.62598002,0.10647541,-0.06695648,0.89889165,-0.45996084,-0.08791379,1.22251496,-0.27026631,-0.2256447,0.93670529,-0.14816554,-0.15730675,0.70348556,-0.15250863,-0.05802257
fist,0,0,0,0.13917637,0.75716551,-0.08933651,0.46126346,1.25375436,-0.0996389,0.81912255,1.45196202,-0.12383323,1.09138633,1.31760853,-0.13042257,0.85608872,0.78268259,0.02927611,1.20618069,0.94387679,-0.14627257,0.91612461,0.90428999,-0.23567714,0.65669969,0.78003197,-0.25013933,0.91140528,0.41150992,0.01141897,1.28705355,0.5887139,-0.17830263,0.90013193,0.54695134,-0.2284796,0.63355897,0.42926542,-0.20054899,0.9264163,0.00859167,-0.03603702,1.31168852,0.17852064,-0.23661737,0.89820225,0.19868247,-0.18046013,0.62932877,0.1168603,-0.07290162,0.89770629,-0.4366138,-0.09014457,1.22006451,-0.25343591,-0.2299728,0.93304015,-0.14271803,-0.16467752,0.70095776,-0.14950098,-0.0679782
fist,0,0,0,0.14470266,0.74792616,-0.08408301,0.46547955,1.23701035,-0.09295567,0.82308498,1.42492128,-0.11694947,1.08759162,1.27623824,-0.12474212,0.86842648,0.75147164,0.03563932,1.20749419,0.90691211,-0.13346695,0.91355728,0.87107161,-0.2213032,0.65623649,0.75461609,-0.23720831,0.92164368,0.38803728,0.01669132,1.2801006,0.56518027,-0.16666328,0.89052963,0.52250103,-0.21730926,0.62933347,0.40322715,-0.19214892,0.93395509,-0.00967539,-0.03063166,1.30678589,0.16092022,-0.22708546,0.89280366,0.18279414,-0.17309604,0.62743723,0.10032045,-0.06852285,0.90068757,-0.45570117,-0.08383685,1.22255996,-0.28674483,-0.22206801,0.93686798,-0.16513338,-0.15791247,0.7055365,-0.1596674,-0.06238317
fist,0,0,0,0.14664988,0.75080315,-0.08244518,0.47963018,1.23730029,-0.08890201,0.84364103,1.4301815,-0.11175905,1.10619466,1.26988948,-0.11854724,0.8762215,0.74937934,0.04090191,1.22304558,0.90678454,-0.13079413,0.92512459,0.87277134,-0.22042933,0.66613965,0.75796769,-0.23681133,0.92535586,0.37909963,0.02037407,1.2934142,0.55605919,-0.16643024,0.8961785,0.51885176,-0.21720724,0.6318074,0.40132682,-0.19070885,0.93433736,-0.02418142,-0.02909322,1.31654496,0.14791029,-0.23010686,0.89694196,0.17771224,-0.1746635,0.62653175,0.09601265,-0.06714932,0.9005957,-0.47254426,-0.08425275,1.23251587,-0.30001001,-0.22438239,0.94666388,-0.17275448,-0.1583262,0.71219263,-0.16728049,-0.06070884
fist,0,0,0,0.15966833,0.75987251,-0.0664176,0.50663664,1.22472782,-0.06451613,0.87574771,1.41189788,-0.08301374,1.14153092,1.25417416,-0.08774806,0.89138405,0.72918286,0.06160087,1.24697143,0.8704533,-0.11116109,0.95518648,0.85145833,-0.20749429,0.67928319,0.74952006,-0.22657042,0.93496291,0.35474548,0.03562171,1.31078255,0.51730269,-0.15022084,0.91992482,0.48980097,-0.20961031,0.64286436,0.38033039,-0.18920587,0.93674451,-0.05074788,-0.01825845,1.33309956,0.10717737,-0.21549222,0.91607651,0.15029098,-0.16535074,0.6338737,0.0783231,-0.06239503,0.89646853,-0.50000288,-0.07677172,1.22886253,-0.33542942,-0.21693884,0.94330396,-0.20105316,-0.15373535,0.70297225,-0.18949193,-0.05798003
fist,0,0,0,0.10484682,0.77882231,-0.08146671,0.4761203,1.27712633,-0.07566771,0.85903595,1.43853806,-0.08219685,1.12080899,1.26704919,-0.07455449,0.87538247,0.75813663,0.02283347,1.23607558,0.9066005,-0.14543164,0.94369459,0.88295929,-0.23255804,0.65524121,0.76636557,-0.24695864,0.93105034,0.36489075,0.00515981,1.31625299,0.52941766,-0.18818417,0.91274061,0.50271015,-0.24680988,0.61009088,0.37965566,-0.22365175,0.94439171,-0.05681028,-0.03834024,1.35183933,0.09688012,-0.2470376,0.91470108,0.14747494,-0.19949237,0.61127235,0.06506613,-0.09726019,0.91859017,-0.52831472,-0.08594445,1.24515607,-0.36279335,-0.24876036,0.93402156,-0.22986616,-0.19536586,0.68323054,-0.22807178,-0.10424291
fist,0,0,0,0.11388071,0.74428872,-0.08730709,0.44740314,1.22917857,-0.0986047,0.80574929,1.44257075,-0.1230651,1.06145188,1.26519546,-0.13009486,0.86165191,0.75890022,0.00973404,1.22674394,0.93559719,-0.16111117,0.9269575,0.89904131,-0.24591977,0.65789561,0.76492847,-0.25934645,0.91978625,0.39241973,-0.01031454,1.30148808,0.57589352,-0.1992788,0.90633204,0.53851393,-0.24896721,0.63127486,0.4020251,-0.2229568,0.93591506,-0.01361181,-0.05672925,1.33698249,0.1634777,-0.25227938,0.91794556,0.2010807,-0.19264856,0.63707125,0.1044163,-0.08706322,0.91792712,-0.46455179,-0.10952419,1.2380991,-0.28098448,-0.251656,0.94766087,-0.15684893,-0.18706451,0.71175109,-0.17361181,-0.09266109
fist,0,0,0,0.14104281,0.69482611,-0.07370887,0.46268295,1.15072703,-0.08491666,0.79747562,1.3606194,-0.1110116,1.03539825,1.18681371,-0.12074115,0.86664246,0.74684122,0.03005128,1.18509048,0.89428687,-0.13617623,0.89961545,0.84235803,-0.2251446,0.6557692,0.72508315,-0.2448999,0.9176004,0.39750409,0.0056613,1.25503763,0.53986791,-0.17201478,0.8722893,0.49770488,-0.21590109,0.62465687,0.39717755,-0.19019181,0.92639887,0.00997198,-0.04481202,1.28156766,0.14562875,-0.22769432,0.88605865,0.17374835,-0.16469166,0.63996093,0.10441824,-0.06122896,0.8949561,-0.42209385,-0.10102305,1.19052096,-0.27924798,-0.22543291,0.91828154,-0.16749605,-0.15425102,0.71271324,-0.16749327,-0.05887068
fist,0,0,0,0.15378119,0.69413496,-0.0813659,0.48872987,1.15938988,-0.09226551,0.83127445,1.35250042,-0.11359811,1.06097877,1.16596404,-0.11667048,0.89467393,0.71987753,0.01126938,1.20817087,0.84702481,-0.15323816,0.90254997,0.80856402,-0.23215519,0.66160468,0.70857697,-0.24537175,0.93423323,0.35666269,-0.00808681,1.26970948,0.48054861,-0.1869859,0.86547362,0.46342218,-0.22346227,0.61974078,0.38351883,-0.19146332,0.92926664,-0.03778611,-0.05263397,1.27521839,0.07601565,-0.24295401,0.86061819,0.1273545,-0.17530816,0.61728739,0.07672032,-0.06649821,0.88027106,-0.47495822,-0.10212148,1.17318176,-0.35148923,-0.23312725,0.88894192,-0.22892302,-0.15934693,0.68321625,-0.21626663,-0.05986228
fist,0,0,0,0.1628243,0.69237133,-0.08563828,0.51466102,1.16053085,-0.09167771,0.86436381,1.32209316,-0.10760838,1.09287778,1.12564028,-0.10756806,0.90121352,0.70100251,0.02572,1.22303632,0.81780045,-0.13502911,0.92544679,0.77819703,-0.21756199,0.67809495,0.68491274,-0.23410047,0.94030852,0.3403232,0.01067835,1.28998622,0.45636253,-0.16704665,0.89054499,0.43639082,-0.20812338,0.62940421,0.36663895,-0.1769384,0.93467334,-0.0545766,-0.03122328,1.28532598,0.05219967,-0.22623646,0.8756167,0.10667945,-0.16924406,0.62046859,0.07440031,-0.0642452,0.88423582,-0.49556593,-0.07794433,1.17137387,-0.35975878,-0.21721623,0.88801522,-0.24180762,-0.15317061,0.67883828,-0.22559848,-0.05910995
fist,0,0,0,0.22849826,0.63761257,-0.06720851,0.59846194,0.98524964,-0.07288254,0.92140885,1.07288131,-0.09336028,1.16242876,0.91249692,-0.09323631,0.97462462,0.4868466,0.02512259,1.27260446,0.58193931,-0.12838979,0.96988481,0.62146112,-0.19214808,0.71832962,0.53957428,-0.19335057,0.98728905,0.15893501,-0.00144715,1.3126588,0.26003761,-0.17244865,0.91142714,0.31893754,-0.20445042,0.66086813,0.24609931,-0.17079225,0.95414178,-0.19951283,-0.05243847,1.29836083,-0.093968,-0.23989494,0.89978034,0.02690159,-0.17380151,0.65493907,-0.01023606,-0.06705272,0.86795659,-0.60973354,-0.10707405,1.16323981,-0.46029678,-0.24112585,0.89224509,-0.29300487,-0.169416,0.6859376,-0.27589306,-0.07231332
fist,0,0,0,0.2401333,0.66392007,-0.04690429,0.60860896,1.01785207,-0.04206219,0.95579677,1.11600161,-0.05813638,1.18814098,0.91522679,-0.05701506,0.98179308,0.4892008,0.06080245,1.29072268,0.5830536,-0.09379354,0.99030584,0.63919875,-0.16798914,0.7372771,0.56761713,-0.17632357,0.98979404,0.14250527,0.02536482,1.32700072,0.24612342,-0.14868111,0.92366768,0.31946079,-0.19046216,0.66827604,0.2405713,-0.16067081,0.9531491,-0.23849488,-0.03373484,1.31456091,-0.12107117,-0.22403669,0.89236183,0.00469349,-0.1550094,0.63736438,-0.04764894,-0.04217449,0.86673717,-0.67158198,-0.09491713,1.18054118,-0.51107294,-0.21837838,0.89774737,-0.3416172,-0.13400126,0.69138823,-0.32998659,-0.02686292
fist,0,0,0,0.22876962,0.67772687,-0.06074833,0.59915528,1.04853583,-0.05948498,0.94941723,1.15283409,-0.07656344,1.18455108,0.94788768,-0.07300456,0.97861484,0.50633905,0.05208009,1.31450149,0.60698356,-0.1158914,1.0031337,0.66790765,-0.19139615,0.73861512,0.59044883,-0.19580949,0.98832151,0.15238302,0.02072851,1.346664,0.25933377,-0.16340681,0.9298062,0.33454273,-0.20109738,0.67057923,0.24870124,-0.16444844,0.95149998,-0.24081716,-0.03740544,1.32915517,-0.11742054,-0.23887351,0.89494078,0.00886435,-0.16250173,0.64176872,-0.04664959,-0.04120675,0.86494587,-0.69034311,-0.09854498,1.18984729,-0.52315946,-0.22785883,0.89506359,-0.35212539,-0.13817304,0.68633562,-0.34154728,-0.02524443
fist,0,0,0,0.20460348,0.69270277,-0.08517535,0.5862449,1.1419423,-0.09708252,0.96319239,1.28413961,-0.11784627,1.18419896,1.04230091,-0.11729851,0.96193359,0.5968979,-0.00774487,1.30794054,0.69010126,-0.17155588,0.98926871,0.71714799,-0.23813465,0.73791242,0.64916299,-0.24161703,0.97567436,0.21922488,-0.02846291,1.34833954,0.3213337,-0.20913158,0.93651552,0.37426392,-0.23693907,0.68352797,0.30436696,-0.19723443,0.94575532,-0.17916021,-0.07370562,1.32423517,-0.09440249,-0.26437483,0.9001434,0.02970276,-0.18632221,0.64944394,-0.00085754,-0.07029175,0.86713508,-0.61384426,-0.12469996,1.18988579,-0.49932154,-0.25314541,0.907807,-0.32647075,-0.17289733,0.69888096,-0.29468098,-0.06983268
fist,0,0,0,0.17014968,0.62015751,-0.10094851,0.46026464,1.15944995,-0.12821573,0.80258032,1.35922468,-0.16205803,1.01769513,1.13474353,-0.18475052,0.83302257,0.83399463,0.02274214,1.11507732,0.88809358,-0.13436861,0.86333382,0.78847312,-0.23483076,0.65278861,0.71773351,-0.27026381,0.87619332,0.48195982,0.01946681,1.16664562,0.5253893,-0.15057586,0.82604427,0.45476305,-0.20820853,0.60697675,0.42809838,-0.19648811,0.86912216,0.12073957,-0.00939115,1.15941879,0.15359722,-0.18700636,0.8081693,0.15010219,-0.14503414,0.58290312,0.1490356,-0.05798801,0.81748301,-0.27362142,-0.04542224,1.0713187,-0.20014715,-0.16723964,0.81456348,-0.13549279,-0.11057177,0.62276721,-0.10073896,-0.02517618
fist,0,0,0,0.15255884,0.65487547,-0.10936502,0.45415612,1.1771286,-0.13547505,0.82221232,1.36364472,-0.16430696,1.0300091,1.12491196,-0.17869475,0.82444445,0.86616713,0.00094605,1.1268922,0.87935028,-0.16583944,0.8652554,0.78227435,-0.25972703,0.65215253,0.72719461,-0.29057631,0.86945002,0.49402091,-0.00268218,1.18241149,0.50984961,-0.18812779,0.82022775,0.45207764,-0.23284596,0.59797402,0.43313456,-0.21009733,0.86345461,0.12506785,-0.03385828,1.17445338,0.12702868,-0.22934147,0.80992282,0.13961403,-0.17641444,0.59326304,0.14680177,-0.08008291,0.81158666,-0.27506874,-0.07276691,1.07071961,-0.23988238,-0.20545431,0.81743217,-0.15888648,-0.14991973,0.63882894,-0.1094943,-0.06581716
fist,0,0,0,0.14769744,0.65378055,-0.12405366,0.44000458,1.20939717,-0.15713411,0.81092863,1.40044555,-0.18962779,1.02048517,1.14807198,-0.20344792,0.80439955,0.91524651,-0.0113487,1.10685429,0.92873545,-0.18856297,0.84154198,0.81888892,-0.28752053,0.63528162,0.7888391,-0.32080755,0.84827604,0.5295543,-0.00964073,1.15355183,0.53394094,-0.20926451,0.79787481,0.4767571,-0.25861727,0.58078298,0.48837057,-0.23625565,0.84646583,0.15595394,-0.03746151,1.14736943,0.14866337,-0.24300635,0.78488532,0.1596908,-0.19394907,0.56809021,0.18944223,-0.09797428,0.80066194,-0.23777016,-0.07464628,1.04373776,-0.21393027,-0.21393269,0.79267233,-0.14931988,-0.16527935,0.61442617,-0.09132526,-0.08405518
fist,0,0,0,0.14873653,0.65173144,-0.12537799,0.43266498,1.19145111,-0.16223733,0.79764264,1.38736067,-0.20281233,1.01410997,1.15318011,-0.2305008,0.80176312,0.91010496,0.00790527,1.09522858,0.91647697,-0.16815371,0.85966058,0.80668321,-0.27730746,0.63682208,0.76282429,-0.31741234,0.84664436,0.53215912,0.00867931,1.146136,0.54122857,-0.18911516,0.80710136,0.46543504,-0.25118297,0.56807071,0.46088343,-0.23551569,0.84125952,0.16064421,-0.02130677,1.1297107,0.15438897,-0.22604927,0.78148332,0.15206516,-0.19185598,0.54983148,0.18061346,-0.1039355,0.78941746,-0.23344037,-0.06098253,1.02331797,-0.21450161,-0.20058361,0.78398632,-0.14988226,-0.15992916,0.60088348,-0.0771717,-0.08390804
fist,0,0,0,0.13017728,0.59670604,-0.13638607,0.40520225,1.16070189,-0.17920457,0.77651139,1.35689414,-0.22031119,0.9938481,1.12606105,-0.23754864,0.78936166,0.92799598,-0.02281568,1.09148355,0.88873183,-0.22320465,0.81691618,0.74641907,-0.32534131,0.60312277,0.73259731,-0.35291232,0.83424694,0.55139101,-0.0174671,1.1294341,0.51160893,-0.24037062,0.76525001,0.42159224,-0.28166806,0.55668803,0.45258499,-0.24440781,0.83380485,0.19368558,-0.0458141,1.12439509,0.13598618,-0.27375474,0.75965747,0.11024419,-0.21899286,0.54403833,0.16555478,-0.11041608,0.79154349,-0.1783747,-0.08464537,1.00975492,-0.20717789,-0.23617065,0.75975987,-0.15975213,-0.19261307,0.58371706,-0.0751129,-0.109332
fist,0,0,0,0.13176934,0.59966857,-0.13606052,0.42054196,1.15523422,-0.17929661,0.79682405,1.3377143,-0.21943097,1.00316675,1.09937146,-0.23363656,0.80191095,0.91364452,-0.03854478,1.10635602,0.86873819,-0.23813744,0.82048571,0.74412256,-0.3336476,0.6138511,0.73394081,-0.35724877,0.84429133,0.53588445,-0.03463556,1.14359063,0.49452291,-0.25311041,0.7738732,0.42658525,-0.28407983,0.58059004,0.45841235,-0.24248927,0.8442599,0.17860943,-0.06391228,1.1420567,0.12107125,-0.28877388,0.77638657,0.11469137,-0.22708269,0.5728673,0.16583752,-0.11625799,0.80469393,-0.19253057,-0.1038162,1.03031768,-0.21392453,-0.2503033,0.78140369,-0.15383987,-0.20121613,0.60993288,-0.077425,-0.1161385
fist,0,0,0,0.12269734,0.5867827,-0.1381703,0.41119883,1.15161477,-0.1793681,0.7870811,1.3364256,-0.21659942,0.99080682,1.08345416,-0.22914164,0.79738509,0.91421259,-0.0285629,1.0950037,0.88351117,-0.21753767,0.8318869,0.75379101,-0.31028895,0.62687323,0.73751114,-0.3349407,0.84027084,0.54216687,-0.02324884,1.13359236,0.50185296,-0.23787041,0.77472633,0.43307256,-0.27525963,0.57180671,0.46905005,-0.23723652,0.83791765,0.18928899,-0.05036008,1.12227767,0.12535934,-0.26898184,0.76561569,0.12126028,-0.21380592,0.56197507,0.17750766,-0.10867858,0.79328536,-0.18154342,-0.08850224,1.00806412,-0.21392349,-0.23314133,0.76511841,-0.15382828,-0.1885501,0.59861662,-0.06771741,-0.10731728
fist,0,0,0,0.12724929,0.58673132,-0.1490015,0.41445338,1.15287024,-0.19589687,0.7953214,1.32610239,-0.23752611,1.01713314,1.07994717,-0.25551203,0.80164127,0.90497045,-0.03303524,1.10349123,0.88834907,-0.22746436,0.84359089,0.76659027,-0.32789551,0.63580546,0.74117074,-0.35735481,0.84751541,0.53077078,-0.0236383,1.14462971,0.50678389,-0.24063681,0.781886,0.43941334,-0.28471406,0.57240022,0.46375306,-0.25190086,0.84401701,0.17506443,-0.04760615,1.12939891,0.12553025,-0.26908262,0.77013032,0.12735721,-0.21718689,0.56534292,0.17625196,-0.11390996,0.79827576,-0.20183785,-0.08317514,1.01816916,-0.22028315,-0.22763485,0.77455632,-0.15567348,-0.1811754,0.60873882,-0.0769618,-0.09888238
fist,0,0,0,0.13323278,0.57620364,-0.1481963,0.42067109,1.12704558,-0.19479014,0.79598132,1.31221263,-0.23560447,1.02627987,1.06976891,-0.25154125,0.80742336,0.88916115,-0.02707437,1.10358713,0.86881885,-0.21899293,0.83784283,0.74622243,-0.31757873,0.63635154,0.72155219,-0.34578374,0.85401781,0.52024376,-0.01586011,1.14261357,0.48870096,-0.22772913,0.77821814,0.42465092,-0.26856112,0.58019353,0.45270948,-0.23480796,0.84873179,0.16477265,-0.0382091,1.13100789,0.11808914,-0.25699702,0.76929327,0.11991468,-0.20067346,0.57286136,0.16692466,-0.09538809,0.79987608,-0.21446077,-0.07189453,1.01172439,-0.22639623,-0.21601633,0.76278312,-0.16422908,-0.16686392,0.60201609,-0.08801978,-0.08219037
fist,0,0,0,0.15038309,0.60709919,-0.12438979,0.43860401,1.13969367,-0.16661224,0.80828386,1.32436128,-0.20974289,1.03885911,1.09532561,-0.22847889,0.82872447,0.86738475,-0.01532484,1.12231472,0.86580538,-0.2136604,0.84289726,0.76208764,-0.31146957,0.63538044,0.72215411,-0.33569276,0.87006454,0.49293782,-0.01849443,1.1660699,0.48743708,-0.24055288,0.7866905,0.43270998,-0.28296242,0.58899716,0.44293695,-0.24850537,0.8602829,0.12770694,-0.05271159,1.15296345,0.10202645,-0.27524599,0.77943929,0.11821354,-0.20763113,0.58125423,0.15061518,-0.09327814,0.80859765,-0.26688873,-0.09625662,1.03709361,-0.25521651,-0.23704329,0.7796737,-0.17426803,-0.17412658,0.61794468,-0.11341511,-0.07962064
fist,0,0,0,0.14996328,0.63194673,-0.12034723,0.46196923,1.1554537,-0.15595606,0.83648562,1.32859401,-0.19118134,1.0609207,1.09078567,-0.20340576,0.85945745,0.82419978,-0.02432032,1.15898644,0.85805398,-0.20537818,0.86875077,0.78696011,-0.28871644,0.66145634,0.7459917,-0.30616146,0.89247001,0.45110674,-0.02633975,1.196303,0.48334102,-0.22913421,0.80913442,0.45220533,-0.26474916,0.60805096,0.43801471,-0.23032935,0.87803947,0.07600819,-0.05624207,1.177282,0.08913426,-0.26968985,0.78471872,0.12691687,-0.20171632,0.57918035,0.13389481,-0.08914418,0.82233994,-0.33183472,-0.09384021,1.07293798,-0.28794547,-0.23263561,0.8068253,-0.19224374,-0.16625631,0.63848092,-0.15329482,-0.07032204
fist,0,0,0,0.14307818,0.63966953,-0.11539176,0.45740471,1.17440297,-0.14820513,0.83668347,1.34454457,-0.17884136,1.05279879,1.10160456,-0.18292288,0.8634138,0.82828142,-0.03820008,1.16116454,0.8610038,-0.21288283,0.85034606,0.80061791,-0.28180364,0.6557672,0.76753873,-0.29113698,0.89342031,0.44922172,-0.04134898,1.19458071,0.487812,-0.24311627,0.79382091,0.47186145,-0.27021656,0.60905114,0.45168476,-0.23216752,0.87935062,0.06608149,-0.06985235,1.18258083,0.08970904,-0.28388121,0.77857597,0.13964439,-0.20829838,0.5827474,0.13874051,-0.09249659,0.82779172,-0.3550769,-0.10460354,1.07608422,-0.29749878,-0.24250612,0.80325654,-0.19357439,-0.17277407,0.64290191,-0.16523091,-0.07598184
fist,0,0,0,0.14504466,0.66719877,-0.11965867,0.45139437,1.20639721,-0.15920592,0.8267562,1.3826828,-0.19654721,1.05188486,1.14922121,-0.20867421,0.86026921,0.83154463,-0.04996273,1.1611583,0.89226545,-0.22300352,0.8560059,0.82492121,-0.28814254,0.64641456,0.77079216,-0.29373126,0.89285578,0.45034271,-0.05360068,1.20906661,0.52339915,-0.25483824,0.8194746,0.48606703,-0.28217765,0.61773789,0.45170158,-0.24251078,0.8785782,0.06706381,-0.08195816,1.19264497,0.12512357,-0.29078693,0.79840154,0.16250509,-0.21426361,0.59159463,0.15625521,-0.09839222,0.81785964,-0.34927658,-0.11746613,1.08034983,-0.2665062,-0.25683153,0.80358367,-0.16571309,-0.18625659,0.62627682,-0.13470116,-0.0882423
fist,0,0,0,0.12480746,0.66263236,-0.11432971,0.44137813,1.19872675,-0.14730123,0.82168634,1.36118869,-0.17691327,1.03476177,1.13234016,-0.18192547,0.86571272,0.81903139,-0.0643272,1.17106773,0.8879257,-0.23016657,0.85617333,0.8343157,-0.28594965,0.65316543,0.77163338,-0.28664798,0.89843637,0.43910373,-0.06711815,1.20432023,0.50801787,-0.26003775,0.79872685,0.48532003,-0.27956768,0.60672465,0.43795485,-0.23846623,0.88391129,0.05685231,-0.09185184,1.19463633,0.11569905,-0.29809688,0.78301037,0.15855087,-0.21493725,0.58066886,0.13568403,-0.09676305,0.82732324,-0.3643865,-0.12212069,1.0868078,-0.27734735,-0.25744752,0.80357845,-0.17088272,-0.18119526,0.63351385,-0.15239317,-0.08107026
fist,0,0,0,0.08495937,0.67369479,-0.12234434,0.41627132,1.26044421,-0.15257532,0.81909907,1.43614349,-0.17790253,1.00809212,1.15246243,-0.17100517,0.86167711,0.85164799,-0.0484459,1.16308,0.93058124,-0.24358026,0.81404063,0.88220695,-0.31215811,0.61678756,0.8272047,-0.31513509,0.88523765,0.46513901,-0.050281,1.19304911,0.56497054,-0.27978834,0.75308703,0.52378596,-0.30595548,0.59064145,0.45588298,-0.25711409,0.87140398,0.08276752,-0.07936016,1.15921146,0.14419224,-0.32231305,0.72851279,0.1694935,-0.236516,0.55658451,0.13821184,-0.10368869,0.83313434,-0.33934352,-0.11403329,1.06882371,-0.2522163,-0.25917208,0.7689228,-0.15756338,-0.17702412,0.61374727,-0.15166772,-0.06809508
fist,0,0,0,0.07375048,0.68070666,-0.13256631,0.404075,1.26995062,-0.16289902,0.80888489,1.44297693,-0.18254723,0.99992705,1.1680908,-0.17171553,0.84851808,0.86925092,-0.08962141,1.14518876,0.94523157,-0.26119722,0.80033856,0.89091913,-0.30624472,0.61111232,0.83464121,-0.30045432,0.87649061,0.48141895,-0.08529385,1.16920037,0.56807933,-0.29759827,0.74113259,0.53335914,-0.31351128,0.57842427,0.46944877,-0.26514888,0.86140494,0.09985903,-0.10389885,1.14913498,0.1573344,-0.33301809,0.72415028,0.18580553,-0.24699767,0.55056913,0.152274,-0.12260465,0.81582873,-0.32589544,-0.12836393,1.04113253,-0.24589344,-0.27834807,0.74511863,-0.15408977,-0.20543437,0.59294724,-0.14895252,-0.10611159
fist,0,0,0,0.09086611,0.65773872,-0.12540004,0.40002107,1.2216746,-0.16331325,0.77386862,1.43464399,-0.19129112,0.97403238,1.186471,-0.18861677,0.84223017,0.86310388,-0.10197685,1.14040808,0.9702863,-0.26249936,0.80209664,0.89677349,-0.29617993,0.629586,0.81112852,-0.28561952,0.87472419,0.48462108,-0.10257039,1.16209032,0.59268143,-0.30526102,0.73448986,0.54895487,-0.31597144,0.58870356,0.46454711,-0.26791059,0.85846731,0.1001609,-0.12225686,1.13004545,0.18862599,-0.33797944,0.71351412,0.20738461,-0.24442138,0.56504863,0.14993028,-0.11966977,0.81042725,-0.32698987,-0.14672083,1.0249727,-0.21051427,-0.28004023,0.73628995,-0.12477327,-0.1945212,0.60407738,-0.14518307,-0.09060729
fist,0,0,0,0.08121227,0.64389019,-0.13576037,0.39376329,1.2235434,-0.17853886,0.77078676,1.44655439,-0.20739516,0.96935166,1.19916194,-0.20418142,0.8451094,0.87050041,-0.11654928,1.13716446,0.97205099,-0.27690292,0.79992569,0.89843499,-0.30695286,0.62497327,0.81704392,-0.29356152,0.87709753,0.48031232,-0.11182632,1.16224399,0.59117168,-0.31847656,0.72902933,0.54594251,-0.32653236,0.57874435,0.46530056,-0.2748907,0.86009426,0.09122011,-0.12601067,1.11723447,0.17984985,-0.34516444,0.6992437,0.19730339,-0.25015561,0.55266781,0.14173775,-0.12338897,0.81264425,-0.33647048,-0.14547545,1.01726669,-0.22014752,-0.28096631,0.72483917,-0.13592443,-0.19607483,0.59744255,-0.15602054,-0.09212088
fist,0,0,0,0.07964536,0.65640714,-0.13866335,0.38468949,1.24120494,-0.18208765,0.76247367,1.4515636,-0.21310247,0.9562102,1.19566513,-0.2128655,0.83849064,0.87789699,-0.10878771,1.13422922,0.98213688,-0.27458766,0.79098738,0.90249476,-0.31378683,0.61988916,0.82684693,-0.30729196,0.87023308,0.49264022,-0.10454315,1.14941485,0.59827439,-0.31080741,0.71951555,0.54659134,-0.32225747,0.57853186,0.46899082,-0.27383922,0.85329016,0.10566359,-0.12136729,1.11719076,0.18762347,-0.34124006,0.69941165,0.19930925,-0.2482717,0.5563077,0.14745713,-0.12328457,0.8047173,-0.32154364,-0.14424161,1.01141864,-0.21572701,-0.2800451,0.72224616,-0.13523335,-0.19575281,0.59446892,-0.15081152,-0.09224606
fist,0,0,0,0.09380661,0.65775963,-0.12382445,0.39354763,1.21823593,-0.16636441,0.74975147,1.43905767,-0.20433217,0.95646957,1.19611341,-0.21017832,0.84083878,0.84771174,-0.07490087,1.1200744,1.00301303,-0.25556364,0.76889915,0.93301995,-0.30865257,0.59178651,0.83009222,-0.30586284,0.8760104,0.48229222,-0.08088066,1.14504353,0.65627492,-0.29504536,0.71224917,0.58923211,-0.3178486,0.57937605,0.46346861,-0.27512002,0.86566057,0.10470896,-0.11045401,1.12467716,0.25629955,-0.33656163,0.70452706,0.24901269,-0.24825132,0.56713376,0.15487279,-0.12292423,0.82868949,-0.32050598,-0.14502349,1.03816693,-0.14263906,-0.2745358,0.74929915,-0.07474086,-0.18262339,0.61614924,-0.13030986,-0.07361293
fist,0,0,0,0.1164912,0.68763908,-0.08279459,0.39797401,1.18861495,-0.11527634,0.72640459,1.42380614,-0.15616705,0.94934501,1.24285086,-0.17016448,0.83311012,0.82275315,-0.03673931,1.12120288,1.04664619,-0.19905046,0.80139912,0.98496855,-0.24707948,0.61672872,0.82718737,-0.24397307,0.8725596,0.48850768,-0.06759778,1.15453399,0.72454428,-0.26144396,0.75368794,0.66130986,-0.29022427,0.60311768,0.48874899,-0.25827661,0.87030973,0.11822892,-0.11816063,1.15175327,0.35945342,-0.32475511,0.74609743,0.34076494,-0.23896842,0.59697149,0.19398719,-0.12204995,0.83218123,-0.31900965,-0.17149942,1.06025102,-0.05023915,-0.29543705,0.77899373,0.01426893,-0.19992826,0.6412863,-0.08050418,-0.09158938
fist,0,0,0,0.1184016,0.66202068,-0.09605784,0.39866333,1.17763836,-0.13667992,0.7249414,1.42117394,-0.18208095,0.95345318,1.2386729,-0.19985938,0.84018815,0.81226748,-0.05556339,1.12690698,1.03567627,-0.22418102,0.80306258,0.97033418,-0.27497935,0.6094732,0.81859189,-0.27100793,0.87933496,0.47620377,-0.07949483,1.16628078,0.71082109,-0.27571917,0.76451303,0.64977447,-0.30201456,0.60386093,0.49135715,-0.26636272,0.8762902,0.10654071,-0.12392831,1.15606866,0.34271849,-0.33052866,0.75317938,0.33058337,-0.24357259,0.59608823,0.19598819,-0.12480507,0.83725101,-0.32681902,-0.17229971,1.0679585,-0.05478807,-0.29583147,0.78833766,0.0139341,-0.20105789,0.64692783,-0.07294554,-0.09218481
fist,0,0,0,0.11514121,0.64623928,-0.12220373,0.38557099,1.2299044,-0.16312203,0.71444483,1.45139114,-0.19858977,0.93380247,1.25679761,-0.21119895,0.80564583,0.87274771,-0.05245729,1.08305936,0.98629263,-0.22350993,0.79296017,0.88814684,-0.29690532,0.58188449,0.77674449,-0.30747759,0.85859609,0.51265266,-0.05243234,1.14349994,0.62588679,-0.24117172,0.76253044,0.54129473,-0.27288185,0.56637164,0.45894985,-0.24052799,0.86489877,0.13728258,-0.07720831,1.14500209,0.23816797,-0.27776843,0.76338723,0.23063886,-0.20912701,0.56886288,0.18251194,-0.10139523,0.83076143,-0.28755484,-0.10874045,1.05701693,-0.14545167,-0.24099298,0.78154932,-0.08142167,-0.16854019,0.61745491,-0.09653391,-0.0716535
fist,0,0,0,0.11105681,0.63493166,-0.13097571,0.36822612,1.20061919,-0.1753352,0.70789669,1.41214124,-0.21570904,0.93634322,1.22791225,-0.2344635,0.77843106,0.92653658,-0.05046411,1.07011504,0.98607534,-0.2265232,0.7927909,0.88618267,-0.30588468,0.58788279,0.8156251,-0.32213166,0.8304161,0.55714369,-0.0475041,1.12258675,0.61027137,-0.24541967,0.7523029,0.53901714,-0.27988725,0.54867933,0.50104609,-0.24689764,0.83604883,0.18131927,-0.07179227,1.12147725,0.21576937,-0.27962423,0.74477273,0.21167462,-0.21616395,0.53973394,0.2012306,-0.10988349,0.79876709,-0.22854076,-0.10448155,1.02949889,-0.1569691,-0.24503472,0.7648266,-0.09868481,-0.18475919,0.59666778,-0.08202012,-0.09436308
fist,0,0,0,0.11307373,0.62888785,-0.1285621,0.37012954,1.19458971,-0.17015812,0.71209676,1.40588496,-0.21050667,0.93371243,1.20183213,-0.233054,0.76743319,0.93867467,-0.02336896,1.05819921,0.97509107,-0.20521666,0.80382652,0.86431749,-0.30284717,0.59304423,0.80330084,-0.33179422,0.82115922,0.57069917,-0.02158609,1.11156508,0.60077545,-0.22402431,0.75811432,0.51907553,-0.2726791,0.54622683,0.49457983,-0.24793824,0.82674876,0.20328878,-0.04920595,1.10777383,0.21262716,-0.26028847,0.75051934,0.20115522,-0.21062187,0.54524358,0.20561402,-0.11178228,0.78921567,-0.19231141,-0.08558475,1.0234505,-0.1373779,-0.22686146,0.76914142,-0.0924332,-0.1730694,0.59882029,-0.06579172,-0.08674688
fist,0,0,0,0.11223099,0.6221376,-0.14245034,0.36767433,1.18407539,-0.1902703,0.72490247,1.38534317,-0.23616918,0.94977737,1.16108605,-0.26003281,0.77116398,0.9400853,-0.01975854,1.0621604,0.96175317,-0.21314068,0.79940338,0.83779166,-0.31335587,0.58758269,0.78978447,-0.34061556,0.82189802,0.56963466,-0.01305317,1.11491028,0.57779909,-0.23389871,0.74834489,0.4934731,-0.28198394,0.53204667,0.4960672,-0.2489768,0.82760594,0.20465919,-0.03939613,1.10334607,0.19179213,-0.26480613,0.7411686,0.17447964,-0.21357378,0.53102971,0.19947381,-0.10707885,0.79366568,-0.18422484,-0.07622916,1.02000298,-0.15854467,-0.22245068,0.76786411,-0.11141961,-0.17175905,0.59272467,-0.05944675,-0.08435232
fist,0,0,0,0.10887115,0.61968043,-0.1405071,0.36318683,1.18933618,-0.18712964,0.72377674,1.3895384,-0.23104721,0.94375553,1.16657047,-0.25163909,0.76935171,0.94287856,-0.02375533,1.06792888,0.97237843,-0.21282226,0.80509573,0.84832156,-0.30630524,0.59526859,0.79750027,-0.33007397,0.82009403,0.57222878,-0.01837684,1.12002353,0.58795954,-0.23619326,0.74898714,0.49872579,-0.27948071,0.53580766,0.49775533,-0.24326279,0.82595834,0.20755272,-0.04495202,1.10281313,0.19196905,-0.26798029,0.73712174,0.17147525,-0.21193704,0.53238035,0.19610624,-0.10280184,0.79263497,-0.18102227,-0.0818082,1.01918804,-0.16678925,-0.22579996,0.7653831,-0.11953914,-0.17148579,0.59473964,-0.06725778,-0.08193376
fist,0,0,0,0.1086689,0.61391302,-0.14021053,0.37177753,1.19852368,-0.18369203,0.73728141,1.39892856,-0.22178459,0.95227435,1.16316246,-0.23320825,0.77285899,0.94203322,-0.03358385,1.07025453,0.9609185,-0.21975779,0.79432123,0.84288611,-0.30411547,0.59837489,0.8076621,-0.32260626,0.82203958,0.56943036,-0.02715162,1.11898807,0.57790037,-0.24094189,0.74328266,0.50027103,-0.27371635,0.55099523,0.50852609,-0.23289558,0.82943216,0.20599297,-0.05205768,1.10419898,0.19346959,-0.27774245,0.72889543,0.17089983,-0.21326017,0.53538252,0.19127761,-0.09905225,0.80053125,-0.1837351,-0.0865901,1.0224435,-0.15517996,-0.23088691,0.76279315,-0.11618442,-0.17140864,0.60025769,-0.07971774,-0.07880276
fist,0,0,0,0.1025635,0.5985759,-0.15536554,0.39777893,1.18636399,-0.19700562,0.7729456,1.38326082,-0.23016586,0.99317241,1.15132274,-0.23412954,0.80255861,0.90860514,-0.02684989,1.09315529,0.92237373,-0.22421538,0.80731325,0.8205471,-0.31984138,0.61591042,0.80550608,-0.34429175,0.84579555,0.53350715,-0.01209483,1.12507821,0.53692239,-0.22726098,0.74815298,0.48332966,-0.26445295,0.57331376,0.4975215,-0.22739574,0.84578094,0.16580978,-0.03371199,1.12451926,0.14628219,-0.26275777,0.75039904,0.15993813,-0.20601598,0.56280426,0.19122359,-0.09745637,0.81202357,-0.23056526,-0.06680683,1.01597895,-0.20399079,-0.21800073,0.76408244,-0.13069041,-0.17182654,0.61133161,-0.07594106,-0.08758776
fist,0,0,0,0.11420664,0.62187719,-0.13259693,0.40716812,1.18451892,-0.169706,0.78859944,1.37639455,-0.20235254,0.99786346,1.13002607,-0.20495221,0.81784384,0.89477229,-0.02630664,1.12083605,0.91573576,-0.21095931,0.81908959,0.81930852,-0.2887436,0.62664201,0.7809558,-0.30204683,0.85546817,0.51785539,-0.02086641,1.14468216,0.52160095,-0.22843572,0.750942,0.47002633,-0.25418481,0.58688317,0.47423013,-0.21094305,0.85405717,0.15017886,-0.04654802,1.13399923,0.13672196,-0.26724644,0.74759597,0.1454367,-0.1933487,0.57193032,0.16341911,-0.07520711,0.82229688,-0.25022034,-0.0814653,1.04085447,-0.21961944,-0.22233428,0.77324691,-0.153376,-0.15727215,0.62117629,-0.11517159,-0.06103569
fist,0,0,0,0.11879944,0.61961235,-0.14157588,0.40477593,1.1831138,-0.18581164,0.78390215,1.37746909,-0.22576919,0.99829838,1.12899428,-0.2371695,0.82143591,0.8884591,-0.02389142,1.12177236,0.90925713,-0.21521771,0.83011845,0.81090302,-0.30100282,0.63359459,0.77501852,-0.31839248,0.8609763,0.50864508,-0.0173579,1.16072196,0.52608279,-0.23734594,0.76880852,0.46915876,-0.27303127,0.58284353,0.47211146,-0.23185516,0.85477871,0.13511903,-0.04303965,1.13508139,0.1274324,-0.26957315,0.75155883,0.14231902,-0.20270332,0.56396915,0.16762556,-0.08633537,0.8131218,-0.26806522,-0.07870929,1.03339437,-0.24218906,-0.22134333,0.7696015,-0.16575957,-0.16032874,0.61495936,-0.11422779,-0.06626737
fist,0,0,0,0.11340259,0.62546002,-0.15490517,0.40113511,1.21506736,-0.20281914,0.78588311,1.40731925,-0.24280085,1.00287505,1.17423056,-0.25276298,0.81686167,0.89785276,-0.02922313,1.12436335,0.9223004,-0.24375092,0.81390983,0.83532496,-0.34225322,0.62073884,0.81544476,-0.36080598,0.85643973,0.51624702,-0.01578692,1.15779695,0.5444858,-0.24756566,0.75751241,0.48634948,-0.28541732,0.57799777,0.48040515,-0.24124019,0.84950837,0.13581269,-0.03870252,1.13674946,0.15237425,-0.28057369,0.74117214,0.15722588,-0.20892123,0.55732614,0.1676981,-0.08107517,0.81041213,-0.27472148,-0.07217604,1.03263489,-0.22311261,-0.22352505,0.76323743,-0.15215859,-0.15939672,0.61138215,-0.12528248,-0.05659848
fist,0,0,0,0.07772949,0.63166224,-0.14722413,0.41419412,1.21296877,-0.17979637,0.81622568,1.39184949,-0.20002749,1.03359035,1.15037572,-0.19325985,0.83136551,0.88284468,-0.05552488,1.12353136,0.89929045,-0.24090042,0.81915237,0.81478551,-0.3197097,0.62237871,0.77867171,-0.33540594,0.86704676,0.49822678,-0.04205549,1.17121787,0.51651567,-0.26340986,0.76856982,0.48185141,-0.29849051,0.57921251,0.46950738,-0.25862393,0.85882586,0.12463288,-0.05762614,1.1539225,0.12155021,-0.293357,0.74934653,0.1560773,-0.22079962,0.55850329,0.15995012,-0.1009397,0.81991964,-0.28563665,-0.08169782,1.03738311,-0.24469391,-0.24190072,0.75019278,-0.16782927,-0.18210865,0.60087618,-0.13999432,-0.08765102
fist,0,0,0,0.10992761,0.62364709,-0.1543022,0.42643418,1.19734249,-0.19955234,0.81757629,1.38794104,-0.23457445,1.04233123,1.13769657,-0.24455408,0.85155135,0.84031176,-0.04837002,1.14686777,0.87113208,-0.24267389,0.85319334,0.79835941,-0.33260497,0.64665655,0.76269387,-0.35227836,0.88776083,0.46030502,-0.03521558,1.19662639,0.50714285,-0.2564309,0.79743201,0.47166561,-0.29580066,0.59125943,0.45491951,-0.25634265,0.87676128,0.08208752,-0.05344734,1.16926928,0.09888785,-0.28873677,0.77080919,0.1391208,-0.22349423,0.56783411,0.14510599,-0.10526306,0.82822141,-0.33429059,-0.08087051,1.05839345,-0.27485549,-0.23839747,0.78029162,-0.18451301,-0.17882873,0.61846502,-0.15174872,-0.08238317
fist,0,0,0,0.11503815,0.62020464,-0.14398293,0.43012778,1.18518776,-0.18652185,0.81758472,1.35760616,-0.21925612,1.03437308,1.10916401,-0.2263129,0.85424436,0.83543539,-0.05524163,1.14587114,0.87081785,-0.23921669,0.84380548,0.79287738,-0.31837998,0.64247287,0.74994648,-0.33295806,0.88871957,0.45845123,-0.04585518,1.19724531,0.49780909,-0.25643826,0.79641092,0.46486188,-0.28804769,0.59623268,0.44392817,-0.24678157,0.87682592,0.08498537,-0.06496699,1.17924532,0.09736463,-0.28775389,0.77763824,0.14154715,-0.21668047,0.5758866,0.14458239,-0.09927745,0.82455925,-0.32518623,-0.09248959,1.06174483,-0.27303989,-0.24206269,0.78350367,-0.17698326,-0.17875382,0.62191608,-0.14399012,-0.08231109
fist,0,0,0,0.13340122,0.65112914,-0.1217168,0.44328237,1.19243186,-0.15682266,0.82618997,1.36670181,-0.18833876,1.05083403,1.14151438,-0.19860743,0.85364553,0.83210384,-0.04857944,1.15754471,0.87909728,-0.22254288,0.86037753,0.80949296,-0.29608186,0.65328034,0.75912383,-0.30821621,0.89249978,0.45104783,-0.04793792,1.20673197,0.50308702,-0.24606764,0.8151108,0.46748644,-0.27724622,0.60840511,0.43715035,-0.24138972,0.88241437,0.07061272,-0.07235086,1.19754911,0.10628367,-0.28301924,0.79726415,0.14540914,-0.21338918,0.583955,0.14254852,-0.10172398,0.82712526,-0.3455785,-0.10337381,1.08700016,-0.28573647,-0.24818943,0.80979776,-0.17704324,-0.18477337,0.63234893,-0.13484225,-0.09075202
fist,0,0,0,0.13878396,0.66641522,-0.1103443,0.45346347,1.1812339,-0.13398876,0.84250428,1.34841618,-0.15737478,1.05646995,1.11179383,-0.15899858,0.85777576,0.81102137,-0.00624674,1.15989023,0.86432761,-0.18221581,0.86060086,0.81235558,-0.2604457,0.65326021,0.76935033,-0.27345761,0.89837852,0.43922209,-0.00939573,1.21477708,0.49885946,-0.20836474,0.8161572,0.46784739,-0.24373641,0.61501314,0.4359836,-0.20721078,0.8874596,0.06085738,-0.03955948,1.19668447,0.10597737,-0.25315115,0.79297807,0.14220375,-0.18149063,0.59036024,0.12779334,-0.06355153,0.83292668,-0.36116706,-0.07562908,1.09441708,-0.30502252,-0.21575824,0.81647352,-0.1961096,-0.14529159,0.64649016,-0.16084909,-0.04395869
fist,0,0,0,0.14297088,0.67317684,-0.10051552,0.44710259,1.17674378,-0.11798142,0.8326951,1.345625,-0.13816603,1.05036149,1.12280011,-0.13858141,0.84611155,0.81790943,0.01565893,1.14102593,0.87136216,-0.15054101,0.85116869,0.81383526,-0.22920177,0.64747001,0.76630691,-0.2454237,0.8905957,0.45479588,0.01050211,1.19990892,0.51408902,-0.18225955,0.81152242,0.478348,-0.22396937,0.60981401,0.44606755,-0.1941396,0.88325991,0.08305836,-0.02063704,1.19134926,0.13197242,-0.22765513,0.79608154,0.16019922,-0.16172705,0.59053698,0.14114566,-0.04948998,0.83119297,-0.33608857,-0.057081,1.0934457,-0.27703539,-0.19264506,0.82055887,-0.1707413,-0.12472513,0.64981844,-0.13561538,-0.02651324
fist,0,0,0,0.14362055,0.66376417,-0.09842996,0.45823061,1.18035235,-0.11760155,0.83258478,1.33273074,-0.14036907,1.05479291,1.11889772,-0.14547242,0.85825118,0.80840216,-0.00898287,1.16170277,0.84877827,-0.17447331,0.8772783,0.79713156,-0.24783749,0.654791,0.73957841,-0.25938815,0.89809446,0.43980261,-0.01815449,1.21675702,0.48227459,-0.21011338,0.83045318,0.45966174,-0.2460914,0.60711582,0.42815753,-0.21232737,0.89073617,0.06368234,-0.05247578,1.21598075,0.09338547,-0.26146125,0.81442399,0.13717977,-0.19962751,0.58804554,0.13491993,-0.09171012,0.83394041,-0.35808655,-0.09138313,1.10224324,-0.29307392,-0.23728317,0.82425016,-0.18280867,-0.17651758,0.63719691,-0.13924635,-0.08394804
fist,0,0,0,0.1532414,0.68370898,-0.09847283,0.46877011,1.21339443,-0.11967494,0.86099072,1.38448262,-0.14572977,1.07969803,1.14588766,-0.15324445,0.85882002,0.81961583,-0.00915091,1.17753234,0.88040048,-0.17052243,0.88913265,0.8186217,-0.23989342,0.67613335,0.76201939,-0.25148901,0.89598714,0.44408,-0.01946796,1.22538598,0.50135056,-0.2091449,0.83647076,0.4782162,-0.24270399,0.61642642,0.44378789,-0.2097697,0.89320484,0.06310422,-0.05483885,1.23090544,0.1038364,-0.25819356,0.82359889,0.14391053,-0.19281035,0.59347476,0.13258481,-0.08507818,0.84540492,-0.35837215,-0.09586551,1.1275371,-0.29913246,-0.23605964,0.8505361,-0.1910976,-0.17476724,0.66105162,-0.15189598,-0.08429669
fist,0,0,0,0.13765077,0.67805871,-0.1028868,0.45414035,1.1997765,-0.12460291,0.83785094,1.36300584,-0.15121661,1.05019636,1.1194388,-0.15485098,0.86193601,0.81419011,0.01028702,1.17293398,0.88293765,-0.17292926,0.86613488,0.82743686,-0.25798002,0.65125754,0.76647682,-0.27328663,0.89777256,0.44045934,0.00279822,1.21687867,0.50470336,-0.20449278,0.80997199,0.4786612,-0.24524291,0.6040192,0.44032322,-0.20955343,0.89056718,0.0650124,-0.03339672,1.20778485,0.10303059,-0.25042049,0.79986604,0.14175549,-0.18508769,0.58522647,0.13434818,-0.06977402,0.84121892,-0.34614773,-0.07572661,1.09976111,-0.2935448,-0.21815647,0.82077167,-0.17865188,-0.15573093,0.63904912,-0.13654784,-0.05984832
fist,0,0,0,0.1464857,0.62098803,-0.11453732,0.45952589,1.15302645,-0.14744233,0.83620191,1.33143902,-0.17904515,1.05434654,1.07225692,-0.1914905,0.86284346,0.79649169,-0.03949638,1.1550518,0.83489512,-0.20372328,0.87276706,0.77330703,-0.27620377,0.66941828,0.72651342,-0.29125614,0.90258087,0.43052035,-0.04324112,1.20519384,0.46969226,-0.23407728,0.81751911,0.45028458,-0.26608146,0.60294748,0.42573232,-0.23274601,0.89379556,0.05759997,-0.070892,1.2013023,0.07074446,-0.27382357,0.803564,0.11921484,-0.2088954,0.58382077,0.12316069,-0.10311477,0.83820492,-0.35381857,-0.10509472,1.08426722,-0.30586809,-0.24610619,0.813266,-0.19357321,-0.18651598,0.63672945,-0.14915259,-0.09750001
point,0,0,0,0.17332244,0.49826417,-0.11172875,0.55876509,0.85597917,-0.16193501,0.93894765,0.94112417,-0.21941508,1.13492848,0.61664404,-0.281934,0.94767563,0.65168975,-0.03341515,1.30170158,0.7862528,-0.13648742,1.5519381,0.84895843,-0.182675,1.76641726,0.86431298,-0.21767351,0.95778753,0.28747703,-0.06638145,1.33177633,0.39167238,-0.29880424,0.97192202,0.43649299,-0.34862548,0.73117012,0.41137116,-0.30355677,0.89728255,-0.07262481,-0.10968133,1.16809652,0.03885397,-0.38609791,0.78557944,0.15272492,-0.33156978,0.56360059,0.13598061,-0.20371345,0.78408569,-0.46508216,-0.1555952,0.99168862,-0.3091713,-0.36620883,0.71424387,-0.14490701,-0.31396211,0.52887761,-0.13210051,-0.21582771
point,0,0,0,0.17160204,0.49415423,-0.10261805,0.55621118,0.86323402,-0.14704015,0.93521384,0.94620178,-0.2006645,1.11946043,0.6107457,-0.26043766,0.9467229,0.6522627,-0.02065467,1.29131981,0.79192912,-0.12037362,1.53653243,0.85239514,-0.16477494,1.74802664,0.86588588,-0.19857559,0.95697279,0.29017768,-0.05647884,1.31881606,0.38983162,-0.28373395,0.95281283,0.43623437,-0.33172655,0.71943761,0.42015985,-0.28614857,0.89340807,-0.06914769,-0.10183527,1.15991941,0.03716158,-0.37600751,0.76725336,0.1521477,-0.31810289,0.54950733,0.14150061,-0.18795171,0.77587772,-0.46154149,-0.14883859,0.98449244,-0.31510442,-0.35379409,0.70422292,-0.15501017,-0.29558022,0.52530075,-0.14156082,-0.19391451
point,0,0,0,0.16841239,0.50791624,-0.09984842,0.5507161,0.8786864,-0.1412081,0.93339499,0.96182288,-0.19310979,1.12073112,0.62703601,-0.25243148,0.94125239,0.66800021,-0.01294232,1.28393786,0.80761378,-0.10855677,1.53276826,0.86755554,-0.15109224,1.74637605,0.87956813,-0.1845154,0.95169585,0.30704237,-0.0489159,1.31746817,0.39799251,-0.27543902,0.95474985,0.44494922,-0.32493328,0.71716033,0.42949689,-0.28004796,0.88950137,-0.054795,-0.09418004,1.16187347,0.04870713,-0.37093561,0.76878583,0.16269979,-0.31620806,0.544995,0.15167455,-0.18737895,0.77424158,-0.45462385,-0.14053817,0.98166819,-0.3099798,-0.35110069,0.69968719,-0.14718524,-0.29789762,0.51561308,-0.1298387,-0.19899516
point,0,0,0,0.15336262,0.51014094,-0.11729101,0.54095349,0.89571318,-0.1669321,0.9272333,0.98189243,-0.22314411,1.12181354,0.65245745,-0.2859946,0.93835526,0.67223898,-0.03427773,1.28607831,0.82619838,-0.13821343,1.53770593,0.90373122,-0.18650675,1.75487881,0.92822273,-0.22385601,0.9509168,0.30944666,-0.06514684,1.31601724,0.42902726,-0.30229185,0.950387,0.46583774,-0.35567773,0.70762431,0.43169501,-0.3119407,0.89016127,-0.05819744,-0.10671695,1.16417721,0.07211292,-0.39206387,0.77079358,0.17929421,-0.34050989,0.54585923,0.15767523,-0.212413,0.77714039,-0.46323041,-0.15047232,0.97539885,-0.29370826,-0.3682975,0.69446869,-0.13074834,-0.31898725,0.51353179,-0.11999099,-0.22193802
point,0,0,0,0.17175493,0.50989382,-0.11706721,0.54843905,0.8883037,-0.16835336,0.93431324,0.94914594,-0.22703906,1.14418823,0.63153862,-0.29255277,0.93827112,0.67506205,-0.02607706,1.28753222,0.82415123,-0.1228475,1.5361123,0.89711548,-0.1649185,1.74970448,0.92028109,-0.19679887,0.94871182,0.31614219,-0.05387978,1.32735043,0.42222477,-0.280994,0.96609453,0.45833401,-0.33130078,0.71770256,0.42683019,-0.28643617,0.88930099,-0.04868143,-0.09241966,1.1720402,0.06583256,-0.37109767,0.77843039,0.1735577,-0.31854275,0.54300511,0.15279819,-0.18887929,0.77819447,-0.45500187,-0.1327854,1.00837929,-0.29286114,-0.34389256,0.72821185,-0.13109078,-0.29086292,0.53180584,-0.12216468,-0.19045689
point,0,0,0,0.16661945,0.51960976,-0.1172808,0.54804521,0.87967796,-0.16379031,0.92804067,0.94609647,-0.21747841,1.1467908,0.6533318,-0.27705204,0.93799964,0.67233292,-0.02386688,1.27631711,0.81198403,-0.12351909,1.5230937,0.88722986,-0.16735742,1.73091718,0.90602056,-0.19892041,0.9496201,0.31340335,-0.05084669,1.33661058,0.42532335,-0.28148269,0.97685464,0.47086579,-0.33228529,0.72306962,0.43981153,-0.28482417,0.88926421,-0.0486558,-0.08956406,1.17420327,0.06425897,-0.37584296,0.78111787,0.17809335,-0.32813307,0.54221428,0.15832366,-0.19805219,0.77699755,-0.44878851,-0.12962509,1.00059637,-0.27865304,-0.35048604,0.71881708,-0.11627827,-0.30326317,0.52100221,-0.11123159,-0.2040563
point,0,0,0,0.1591104,0.44925177,-0.13430953,0.54118313,0.83351114,-0.18972631,0.92622014,0.93034346,-0.24447796,1.16924987,0.65237434,-0.30484318,0.94355114,0.65214918,-0.0567595,1.31839603,0.78134107,-0.1586233,1.58411219,0.83549686,-0.20245404,1.82094069,0.83454353,-0.23578263,0.95862226,0.28468117,-0.07822192,1.34352704,0.38133535,-0.30471518,0.97667616,0.4325537,-0.34815163,0.72304302,0.41220899,-0.29712422,0.88695424,-0.08051452,-0.11096792,1.1640354,-0.00812087,-0.38593344,0.7654502,0.12213508,-0.32323056,0.54201024,0.12874621,-0.18687556,0.75384889,-0.47426373,-0.14692337,0.96340555,-0.34863156,-0.35617411,0.67853427,-0.17047102,-0.2935072,0.50174061,-0.13942692,-0.18425967
point,0,0,0,0.16517125,0.47687866,-0.11967188,0.55277111,0.83360562,-0.16471588,0.9206434,0.91900666,-0.21290679,1.13175501,0.62867225,-0.26542323,0.95298005,0.64111848,-0.05056745,1.33395811,0.78346947,-0.16249156,1.5897168,0.85902678,-0.21697079,1.8190072,0.89785127,-0.25713317,0.95885202,0.28390634,-0.07961965,1.34680304,0.36499434,-0.32705394,0.98637532,0.41206579,-0.38735093,0.71900507,0.39853483,-0.34701974,0.88765455,-0.07985194,-0.11892334,1.16007965,0.00773252,-0.40706177,0.76928308,0.11866649,-0.35746203,0.53765132,0.12120914,-0.22941982,0.76281899,-0.46497711,-0.16052405,0.97753592,-0.34512114,-0.37556159,0.69239187,-0.19121703,-0.32205379,0.50110538,-0.16917227,-0.22122072
point,0,0,0,0.13436046,0.46358984,-0.12972111,0.50438017,0.79369768,-0.20167151,0.847758,0.8825375,-0.27576438,1.06759532,0.60626136,-0.3534117,0.9790217,0.65705354,-0.14353616,1.48270703,0.80448906,-0.30305034,1.81570155,0.89216407,-0.39463099,2.10409282,0.90013113,-0.45983078,0.96078984,0.27727764,-0.17624297,1.29475697,0.35776495,-0.47814318,0.90231905,0.38704013,-0.54596661,0.63614222,0.34588281,-0.5091472,0.86695867,-0.10553425,-0.21636534,1.09022161,-0.02710479,-0.53443138,0.68722096,0.0960443,-0.46177678,0.46705492,0.10516987,-0.31859649,0.72058031,-0.49001947,-0.26040682,0.90990957,-0.37260121,-0.49133111,0.61382268,-0.21299816,-0.41439132,0.43637641,-0.18592575,-0.29388171
point,0,0,0,0.16764518,0.45604059,-0.13108338,0.51402564,0.76998686,-0.22077228,0.84925509,0.83628695,-0.31607598,1.06690529,0.55858844,-0.41383419,0.99601172,0.62837836,-0.14092171,1.47742095,0.7865706,-0.29316659,1.8011059,0.86065969,-0.36844162,2.06674855,0.85997187,-0.42137157,0.96717665,0.25410496,-0.1760724,1.27009118,0.32864011,-0.45502104,0.87857705,0.38083946,-0.49891945,0.65537661,0.35910174,-0.45579437,0.86387641,-0.10731525,-0.221579,1.08658699,-0.04824529,-0.51339662,0.7042794,0.09439314,-0.42144631,0.51018046,0.09918062,-0.27799755,0.7143213,-0.47739926,-0.27405115,0.90719863,-0.37890371,-0.47990239,0.63354516,-0.20749968,-0.39537133,0.47319098,-0.18684445,-0.27927288
point,0,0,0,0.17746613,0.44154203,-0.11565095,0.53087064,0.75984414,-0.19856276,0.86111168,0.83780301,-0.29223271,1.06236551,0.54869776,-0.38809502,1.0069486,0.61769993,-0.11587883,1.47218293,0.76200045,-0.26708081,1.77021692,0.82992838,-0.34630034,2.01193042,0.8329084,-0.40016789,0.96683489,0.25540221,-0.15751511,1.26237648,0.32788617,-0.43180512,0.8853906,0.38717819,-0.48175835,0.66454936,0.38755413,-0.44531228,0.86425932,-0.09792027,-0.20993215,1.09754023,-0.03784913,-0.48883224,0.72123138,0.10438993,-0.40115545,0.51535811,0.13072796,-0.2651776,0.71827086,-0.45544892,-0.27015612,0.90176649,-0.35691257,-0.46355103,0.6371633,-0.18598753,-0.38455254,0.47217358,-0.14403233,-0.27583834
point,0,0,0,0.20386005,0.46752573,-0.11647248,0.56774944,0.78298336,-0.1800798,0.91756687,0.84697897,-0.25314276,1.09519647,0.55938092,-0.3280032,0.97174937,0.61726836,-0.05487046,1.33370998,0.76053663,-0.17621498,1.57424501,0.82110246,-0.2415406,1.79159489,0.83414056,-0.29136389,0.96330828,0.26839737,-0.09254407,1.2923815,0.32707373,-0.32954159,0.94134018,0.39940935,-0.3800399,0.72504981,0.40367165,-0.34521213,0.8806335,-0.07238557,-0.14368704,1.13322573,-0.01646031,-0.40578875,0.77166671,0.11987561,-0.3429896,0.57519147,0.1322183,-0.22245832,0.75023372,-0.42195626,-0.20184252,0.92555894,-0.31489201,-0.38699123,0.67443113,-0.15509371,-0.32737545,0.52141437,-0.12837056,-0.23441936
point,0,0,0,0.21009658,0.46547221,-0.12695554,0.56728604,0.77362369,-0.20025921,0.91874787,0.82767392,-0.27921825,1.15104328,0.57132808,-0.35872925,0.9836077,0.58700093,-0.087253,1.37094346,0.73648361,-0.21224449,1.62655988,0.80252831,-0.26566735,1.85258928,0.80726189,-0.30363324,0.97451225,0.2243343,-0.12056747,1.33176033,0.28860322,-0.36794723,0.95904519,0.37483702,-0.40931947,0.7353339,0.36794542,-0.36263526,0.88350313,-0.12813029,-0.16579483,1.14097705,-0.06827218,-0.45172191,0.75398172,0.09543991,-0.38110439,0.55603541,0.10601388,-0.24592389,0.74248423,-0.49436528,-0.21503292,0.95336458,-0.37990197,-0.41959802,0.68034034,-0.19571248,-0.3509465,0.51446929,-0.17966331,-0.24495941
point,0,0,0,0.20450616,0.49447835,-0.10884227,0.57101952,0.80984528,-0.16628947,0.9319918,0.85442134,-0.23151351,1.12235645,0.56486694,-0.30016577,0.98019608,0.61155429,-0.06553907,1.37503266,0.76354521,-0.18542283,1.63195298,0.8273545,-0.24359518,1.86117374,0.83471842,-0.28727185,0.96869208,0.2482653,-0.10500936,1.32747164,0.30264136,-0.3515943,0.96231451,0.38163091,-0.40395296,0.72282567,0.37689858,-0.36703166,0.87454425,-0.1084534,-0.15355035,1.13667337,-0.05365937,-0.42995198,0.75917764,0.09714297,-0.36305519,0.55304931,0.10617159,-0.23378883,0.73011427,-0.48247137,-0.20524127,0.94459256,-0.37641408,-0.3996971,0.67877847,-0.19604777,-0.32875656,0.51175797,-0.17666587,-0.22386566
point,0,0,0,0.20583831,0.44634084,-0.12281555,0.56717839,0.77042438,-0.19126372,0.91525227,0.85687875,-0.2634037,1.09374205,0.5720186,-0.33523736,0.98649252,0.58686854,-0.08797151,1.3810407,0.7136281,-0.21661709,1.633923,0.76085367,-0.27693729,1.8704904,0.76315464,-0.32276827,0.97410497,0.22609625,-0.12539648,1.3216016,0.27304556,-0.38853383,0.94764449,0.34413721,-0.44589203,0.72802076,0.33783491,-0.40992085,0.87924475,-0.12033565,-0.17215444,1.10780967,-0.07306925,-0.45909922,0.72949076,0.0775371,-0.39400497,0.54533927,0.0924991,-0.26434785,0.73653563,-0.47489877,-0.2238454,0.91368188,-0.38722082,-0.42247659,0.64396267,-0.21139579,-0.35437237,0.49749916,-0.19243702,-0.251417
point,0,0,0,0.22388136,0.45096322,-0.08384462,0.59099025,0.71447168,-0.13310717,0.92003576,0.74613182,-0.19567108,1.10980645,0.47708793,-0.25968738,1.01229659,0.53912858,-0.0473235,1.40547955,0.65169815,-0.16463872,1.65718252,0.68663062,-0.21293588,1.87450268,0.66806236,-0.24827263,0.98516715,0.17159748,-0.09979347,1.32656601,0.20735349,-0.35204403,0.95823679,0.3026545,-0.40044104,0.74183573,0.32433986,-0.35859342,0.87787845,-0.17532943,-0.16047299,1.10558651,-0.15196717,-0.4417762,0.73953093,0.02279897,-0.3778474,0.56279853,0.05974486,-0.25051896,0.71918385,-0.52731524,-0.22242275,0.89081119,-0.44643464,-0.42004942,0.63187633,-0.24482142,-0.35520192,0.49395928,-0.1993381,-0.25525504
point,0,0,0,0.23620452,0.42849446,-0.11586224,0.60583221,0.68835632,-0.17974554,0.94622811,0.71785231,-0.25144218,1.11587641,0.40051574,-0.32169219,1.01431939,0.50734539,-0.05829194,1.40228298,0.60251796,-0.18241106,1.65494214,0.61831588,-0.24054383,1.87323359,0.5954276,-0.28175336,0.99116963,0.13260003,-0.09860297,1.33950875,0.16469019,-0.35711322,0.99203583,0.25794169,-0.41451395,0.76695586,0.29103106,-0.37580739,0.88862864,-0.21795815,-0.15010544,1.1074335,-0.19534133,-0.43043791,0.74899503,-0.02532594,-0.37342471,0.55793023,0.0251932,-0.24785441,0.7355661,-0.56438328,-0.20714188,0.89298014,-0.49137002,-0.39925727,0.6462005,-0.29418197,-0.33846888,0.50676016,-0.23525008,-0.2400375
point,0,0,0,0.22827553,0.41309348,-0.12807467,0.60077842,0.67839108,-0.19854542,0.9510224,0.67720725,-0.27443475,1.14638453,0.35077979,-0.34911167,1.02637533,0.47043171,-0.07445468,1.41654998,0.5611157,-0.19829114,1.67831409,0.57662434,-0.24991761,1.90121259,0.54336755,-0.28626879,0.99599409,0.08941911,-0.10781017,1.34385502,0.08597282,-0.36450917,0.97488282,0.20592726,-0.41287325,0.75213909,0.25304266,-0.36500691,0.88453171,-0.2606764,-0.15337485,1.08988946,-0.25272077,-0.44302238,0.72917673,-0.0473275,-0.38707995,0.54996765,0.00841138,-0.25930016,0.72273239,-0.60949797,-0.20371665,0.87798198,-0.53678795,-0.41096056,0.62632861,-0.30822238,-0.35489151,0.48771348,-0.23900498,-0.25579463
point,0,0,0,0.22586643,0.40803064,-0.14199192,0.59832638,0.66955927,-0.21733776,0.942158,0.65067862,-0.29382931,1.13989134,0.32498582,-0.36868069,1.03042016,0.45738613,-0.09401286,1.41511817,0.5423564,-0.22466835,1.67485172,0.55282361,-0.28312269,1.89949187,0.51770356,-0.32335629,0.99727326,0.07379732,-0.11966279,1.32890815,0.05365782,-0.38083666,0.95917583,0.18403954,-0.4340451,0.73146473,0.24223282,-0.39008051,0.88168125,-0.27889947,-0.15823141,1.07985023,-0.27750734,-0.45114584,0.71715363,-0.06769229,-0.39915963,0.536296,-0.00262486,-0.27373247,0.71620902,-0.6255473,-0.20221126,0.87307029,-0.55260223,-0.41158805,0.6188237,-0.3192153,-0.35694437,0.47799045,-0.24471196,-0.25823599
point,0,0,0,0.22280412,0.41889556,-0.13879392,0.60600907,0.67170038,-0.21296288,0.95539009,0.65631994,-0.29088459,1.11042636,0.32553867,-0.36841287,1.03672376,0.43940431,-0.07675389,1.40711382,0.52334127,-0.2010048,1.65860295,0.5336033,-0.25888623,1.87113669,0.49544357,-0.30011013,0.99810639,0.06151125,-0.10460705,1.31222055,0.05339204,-0.35149378,0.95039298,0.18737703,-0.39856263,0.73722598,0.23596091,-0.3539721,0.88220191,-0.28507607,-0.14696802,1.08072668,-0.27515798,-0.42725789,0.72160801,-0.06549908,-0.37186284,0.54100533,-0.01052067,-0.24790011,0.71655195,-0.62470264,-0.19608123,0.87016695,-0.54562624,-0.3957162,0.62262646,-0.31917027,-0.33991902,0.48204474,-0.2525384,-0.24346032
point,0,0,0,0.22333507,0.42900197,-0.12778521,0.61751008,0.68842529,-0.19659295,0.98472069,0.68703487,-0.27013942,1.11698707,0.33901854,-0.3452424,1.03560778,0.43982194,-0.07356737,1.41324755,0.50637369,-0.19255118,1.66813688,0.51053453,-0.24595468,1.88733577,0.46978392,-0.28632314,0.99782101,0.06597905,-0.10650769,1.32011962,0.068168,-0.35243247,0.94631069,0.19986478,-0.39601885,0.72954958,0.24053788,-0.34979588,0.88281788,-0.27794915,-0.15138689,1.09604727,-0.26779507,-0.42941605,0.73194344,-0.06287898,-0.36575608,0.54829436,-0.01348859,-0.23749079,0.71853113,-0.62281898,-0.20193585,0.88850622,-0.55772777,-0.39872021,0.6370228,-0.32979441,-0.33502059,0.49279919,-0.26518204,-0.23439942
point,0,0,0,0.22169856,0.41689051,-0.12074084,0.60193183,0.68597975,-0.19674504,0.93608672,0.75649154,-0.27934519,1.10332271,0.48015509,-0.36038312,1.03552013,0.34688678,-0.07896901,1.42806933,0.38320489,-0.21988928,1.67760717,0.39125474,-0.28920631,1.89648605,0.34764755,-0.33568081,0.99953287,-0.03056223,-0.12159979,1.34390495,0.14075004,-0.38095691,0.97411183,0.29259026,-0.43040917,0.75564793,0.26594598,-0.38529383,0.88759117,-0.37651905,-0.17784866,1.07357451,-0.17753391,-0.46094429,0.71338901,-0.00358103,-0.39986892,0.55602823,-0.04209918,-0.27365332,0.72001103,-0.71360153,-0.23957033,0.84908531,-0.4745889,-0.43240179,0.59478165,-0.26411417,-0.3651373,0.46822237,-0.28338963,-0.26315414
point,0,0,0,0.22477417,0.40041077,-0.0978208,0.5544541,0.6894761,-0.19159803,0.85248675,0.85270993,-0.30122906,1.04844393,0.66632932,-0.40953475,1.03065778,0.26664211,-0.09450285,1.41966297,0.32442243,-0.23625639,1.66721323,0.35217525,-0.29421067,1.87793123,0.31846103,-0.33005351,0.99673776,-0.08070839,-0.14832702,1.28420157,0.26155286,-0.387398,0.9010192,0.41310654,-0.40693235,0.72127054,0.31926823,-0.35028272,0.90224781,-0.3828418,-0.21603939,1.0345473,0.01617181,-0.47883306,0.67439056,0.14180767,-0.40352337,0.54882053,0.00005467,-0.28032258,0.75452207,-0.66688765,-0.28856489,0.84540135,-0.28330181,-0.46266589,0.58647785,-0.108823,-0.38983653,0.47372755,-0.20647416,-0.29149618
point,0,0,0,0.21917103,0.3871063,-0.10322552,0.54313559,0.67047512,-0.20449568,0.84483246,0.82686951,-0.32125106,1.04743568,0.64680558,-0.43498252,1.02706331,0.24823394,-0.09867325,1.4029015,0.31071824,-0.244506,1.65236373,0.34231772,-0.30342564,1.86128747,0.31687312,-0.33950876,0.99520602,-0.0978007,-0.15088868,1.27823241,0.2751146,-0.38834148,0.89714707,0.42969443,-0.40210688,0.721152,0.32231866,-0.34232707,0.90513994,-0.39122935,-0.21909476,1.02562375,0.0421939,-0.47940814,0.66803565,0.15495519,-0.40262873,0.54648245,-0.01577174,-0.28028871,0.76281879,-0.66295414,-0.29330473,0.84321728,-0.24684382,-0.46348996,0.58822455,-0.09840547,-0.39275863,0.48111942,-0.23785978,-0.29816419
point,0,0,0,0.19444353,0.41989718,-0.11195633,0.52516337,0.73594657,-0.21288236,0.852898,0.88626327,-0.32798388,1.02818667,0.64520752,-0.44269018,1.02655486,0.33881368,-0.08964315,1.40206534,0.43485817,-0.23758149,1.66735005,0.45839069,-0.29819086,1.88232975,0.4219029,-0.3362159,0.99947187,-0.03249582,-0.14166894,1.28002065,0.32197547,-0.3998312,0.87489185,0.44764531,-0.42134343,0.68558903,0.33510889,-0.35757504,0.90621886,-0.34506135,-0.21004332,1.00997439,0.07417767,-0.48980619,0.63713418,0.16537753,-0.41088092,0.51532189,-0.01074123,-0.27958155,0.76117229,-0.64152418,-0.28435933,0.82155282,-0.23749738,-0.46313592,0.55014903,-0.11127842,-0.38612512,0.44922382,-0.26177624,-0.28376087
point,0,0,0,0.19531654,0.43280922,-0.13718035,0.54740526,0.73239741,-0.23110078,0.88976305,0.86468088,-0.33171366,1.09937681,0.62270291,-0.42995692,1.02575156,0.43903106,-0.09940686,1.43767192,0.53004217,-0.24689845,1.70338912,0.5639509,-0.31127714,1.93150326,0.52748933,-0.35250671,0.99752514,0.07031066,-0.13614469,1.33563215,0.28153189,-0.40892066,0.94176152,0.41136468,-0.44970256,0.7227098,0.35449622,-0.39488983,0.90011141,-0.27309052,-0.18874955,1.07193303,-0.03271751,-0.47948255,0.70064689,0.11715319,-0.40535664,0.54492277,0.04540016,-0.26955593,0.75603884,-0.61864881,-0.24905427,0.85651537,-0.34564138,-0.4435596,0.58727182,-0.16515103,-0.37215536,0.46487128,-0.22329653,-0.26753574
point,0,0,0,0.21514032,0.42844044,-0.1474413,0.55684639,0.69017723,-0.22970507,0.89596072,0.68855041,-0.31542756,1.11320889,0.41157646,-0.39712259,1.011455,0.56854839,-0.0782739,1.39763982,0.69370278,-0.20608653,1.65418573,0.72990888,-0.25815564,1.86453736,0.7245759,-0.29315485,0.98142806,0.19183057,-0.10162277,1.3085338,0.16674015,-0.36015925,0.94565092,0.25045963,-0.40930902,0.73045061,0.30750118,-0.36224164,0.87122497,-0.16433474,-0.1413471,1.06122369,-0.19061353,-0.42900345,0.70591342,-0.01378947,-0.37827573,0.53631199,0.0605983,-0.25507743,0.7128345,-0.51488443,-0.18836064,0.84925858,-0.48420345,-0.39458263,0.60031737,-0.26302837,-0.34809515,0.47350226,-0.16441478,-0.2562002
point,0,0,0,0.18924207,0.41171207,-0.18678976,0.51364493,0.66715793,-0.26973058,0.84256905,0.5706977,-0.34549781,1.08937523,0.36532551,-0.41233428,1.00566887,0.64226935,-0.07632247,1.36894493,0.78868022,-0.19643923,1.61387802,0.8376618,-0.24655963,1.80662737,0.84624347,-0.27992273,0.96929945,0.24588326,-0.07398496,1.2734496,0.18046206,-0.30992907,0.92925269,0.23535909,-0.35316464,0.72398278,0.3075711,-0.30357599,0.85814815,-0.10996412,-0.09616114,1.02731744,-0.1868118,-0.37898558,0.68006183,-0.03364408,-0.34774824,0.53285686,0.06582235,-0.23824697,0.69874474,-0.44072194,-0.12870199,0.8181243,-0.46072185,-0.34956271,0.56790234,-0.27060802,-0.32622921,0.45847893,-0.14434425,-0.24725668
point,0,0,0,0.22903411,0.39151081,-0.17422424,0.51615728,0.60387645,-0.25776472,0.82827947,0.47731776,-0.33795718,1.03500627,0.21220299,-0.40834481,0.9993926,0.63796531,-0.05064146,1.34658056,0.783476,-0.14769031,1.57993693,0.82678843,-0.19688132,1.76565919,0.82726241,-0.23569227,0.96759911,0.25249151,-0.04972349,1.25532611,0.14550176,-0.25086223,0.93265313,0.18292574,-0.29099739,0.74166741,0.26143718,-0.25476379,0.85851593,-0.09576906,-0.07213587,1.03870843,-0.20458858,-0.30861896,0.71987146,-0.05769078,-0.27474549,0.55555172,0.05073357,-0.18068984,0.69734533,-0.40221156,-0.10764213,0.83022375,-0.45290666,-0.29146497,0.61211616,-0.27990052,-0.26585591,0.49163729,-0.14163465,-0.19702659
point,0,0,0,0.23708365,0.38374977,-0.16263343,0.51251348,0.59989585,-0.24415137,0.8311157,0.4810604,-0.32208928,1.04178021,0.20215411,-0.38906255,0.99319415,0.63742971,-0.05060841,1.34993423,0.78935644,-0.14231435,1.57848398,0.84047351,-0.18761074,1.76302973,0.83885772,-0.22404712,0.96827117,0.24990185,-0.05220105,1.25330076,0.14583258,-0.24192862,0.92405572,0.1927958,-0.27604652,0.74230026,0.26348699,-0.24140025,0.8641166,-0.09912158,-0.07451825,1.04155325,-0.20934847,-0.29598731,0.71933856,-0.05303157,-0.25099034,0.5606612,0.0486476,-0.15578335,0.70394775,-0.40674751,-0.10918963,0.83764452,-0.46357311,-0.27521767,0.62068223,-0.28238151,-0.23666883,0.50464997,-0.15265587,-0.163519
point,0,0,0,0.22050809,0.34624788,-0.20104382,0.51962396,0.55765801,-0.28120039,0.83784703,0.40450927,-0.34806749,1.06667541,0.13477206,-0.40097091,0.99879673,0.62852588,-0.07095257,1.35470742,0.7790456,-0.17827165,1.57933829,0.82998707,-0.23568787,1.77078147,0.84029914,-0.27819348,0.97009617,0.24272088,-0.05542198,1.24321909,0.12457617,-0.25919996,0.90737747,0.1729914,-0.30174178,0.7216424,0.25515969,-0.26796446,0.87044248,-0.11036867,-0.06776127,1.02782775,-0.23664819,-0.30775618,0.70033867,-0.07843437,-0.27997427,0.55104118,0.03918033,-0.18977428,0.71926935,-0.41952553,-0.09567448,0.841321,-0.49481758,-0.27451788,0.61998565,-0.32202389,-0.24966161,0.50983619,-0.18953126,-0.18324741
point,0,0,0,0.24604718,0.3927412,-0.21010223,0.52069575,0.56672427,-0.28673326,0.84026883,0.40739395,-0.34227679,1.06527817,0.13991473,-0.37938637,0.98585515,0.65375805,-0.07836419,1.35016411,0.80872549,-0.16515236,1.57688728,0.85611505,-0.21137112,1.76996981,0.85733589,-0.24948652,0.96325385,0.26859266,-0.0505176,1.24658174,0.14951188,-0.22662128,0.91592951,0.17472697,-0.26393826,0.72939934,0.25161194,-0.23756429,0.868037,-0.08704642,-0.04889223,1.04841756,-0.20255732,-0.26036262,0.72949098,-0.0656634,-0.23289638,0.57116427,0.04195429,-0.15453807,0.70970612,-0.38613637,-0.06380835,0.85285544,-0.46053588,-0.21901623,0.64261774,-0.28411257,-0.18927953,0.52062583,-0.15915947,-0.1279396
point,0,0,0,0.20840885,0.38607359,-0.20405259,0.52079366,0.62776774,-0.29914271,0.83491826,0.47505105,-0.3863957,1.05150639,0.18730676,-0.46243811,0.99355717,0.63396666,-0.10612352,1.36802447,0.77342459,-0.23917797,1.61101659,0.79225179,-0.29875867,1.81868134,0.78469386,-0.34174243,0.96897906,0.24714282,-0.09924821,1.22552423,0.13181734,-0.33725868,0.8902726,0.16699485,-0.37475196,0.71632287,0.26275635,-0.33274557,0.87446894,-0.10589723,-0.11989578,1.01500482,-0.2422187,-0.38997543,0.6814355,-0.09556784,-0.34673723,0.53982052,0.03757407,-0.24219292,0.73698334,-0.42968586,-0.15673905,0.82284513,-0.51191214,-0.35624406,0.58938213,-0.34774515,-0.32690677,0.4883657,-0.20817993,-0.25400021
point,0,0,0,0.2187829,0.39320841,-0.18718363,0.5292159,0.62601566,-0.27832886,0.84555323,0.50264544,-0.36589292,1.06133739,0.21108647,-0.44458653,0.99900012,0.62887793,-0.0927407,1.37880873,0.77266455,-0.21972964,1.63262284,0.7947129,-0.27684425,1.84052297,0.78484298,-0.31775682,0.97025134,0.24209985,-0.09262118,1.24637453,0.11724583,-0.33225737,0.90751755,0.16181206,-0.37230407,0.7163999,0.26294582,-0.32896601,0.86823095,-0.1102698,-0.11715093,1.03022302,-0.2461129,-0.38401762,0.69646792,-0.09125651,-0.33899517,0.53851706,0.04169797,-0.23106847,0.72190293,-0.43358091,-0.15613614,0.83008427,-0.51412069,-0.3544632,0.5999243,-0.34071415,-0.32375029,0.48855931,-0.19531649,-0.24811291
point,0,0,0,0.21406859,0.42305692,-0.17063422,0.54750366,0.67716492,-0.25032042,0.86897589,0.57960089,-0.3271105,1.07698801,0.31406917,-0.39716475,1.02218983,0.57474201,-0.08884857,1.40443122,0.68539294,-0.21340758,1.65901291,0.70798854,-0.26960804,1.87002612,0.69791417,-0.31001206,0.98221237,0.18777345,-0.09954957,1.28113512,0.11158323,-0.33869815,0.9404982,0.19348518,-0.38055299,0.73703627,0.28084765,-0.33562,0.86456522,-0.16307093,-0.132313,1.0324076,-0.22556508,-0.40556547,0.69037731,-0.04844103,-0.3652379,0.53476091,0.05476159,-0.25646551,0.70127161,-0.49475751,-0.17653789,0.81752671,-0.50236756,-0.37935619,0.57995278,-0.29552647,-0.34804967,0.46930966,-0.17042429,-0.27124399
point,0,0,0,0.21007547,0.4285822,-0.15907436,0.55960802,0.69753544,-0.24113407,0.88727054,0.68693399,-0.32097137,1.09518414,0.39999328,-0.39644982,1.02848357,0.51668436,-0.11941994,1.43190632,0.61947511,-0.2556855,1.69583576,0.64815467,-0.316516,1.92389819,0.6320204,-0.35973619,0.98995962,0.14135043,-0.14011863,1.31242013,0.11598703,-0.39989728,0.95329572,0.22704646,-0.44902038,0.7392153,0.28679033,-0.40707468,0.87127506,-0.21035981,-0.17716234,1.05380085,-0.20725252,-0.4646496,0.69576776,-0.01669781,-0.41540078,0.53454097,0.04822145,-0.29796249,0.70867121,-0.55298962,-0.22299028,0.83412408,-0.49945438,-0.4301284,0.58521907,-0.28141991,-0.38641381,0.46499129,-0.19908978,-0.30046209
point,0,0,0,0.21726346,0.42674046,-0.14429244,0.57172033,0.69748646,-0.22451196,0.89984137,0.6914476,-0.3074385,1.09042062,0.37197635,-0.38770811,1.0340537,0.51698775,-0.10554782,1.44533072,0.61102514,-0.23993674,1.71304076,0.63484885,-0.29883572,1.94287897,0.60643192,-0.34057688,0.99090237,0.13458269,-0.13615421,1.31203144,0.11416991,-0.38924325,0.94212392,0.22926882,-0.43228255,0.74177387,0.27934639,-0.3873523,0.87134863,-0.22075357,-0.18208519,1.06852028,-0.23074123,-0.46291757,0.70464283,-0.02790601,-0.4015562,0.54635857,0.03334822,-0.27767704,0.70661577,-0.57189295,-0.23644814,0.85262979,-0.54085347,-0.4351934,0.60676699,-0.31058841,-0.37793373,0.48552089,-0.22548399,-0.28354592
point,0,0,0,0.21960355,0.41991089,-0.1443598,0.56881418,0.68723459,-0.22976059,0.89644602,0.71476336,-0.31708802,1.08326598,0.40213816,-0.40182262,1.03788095,0.49218852,-0.11560292,1.44750716,0.57728694,-0.25242683,1.71862356,0.60154934,-0.31297248,1.95152223,0.57171225,-0.35561037,0.99377253,0.11142784,-0.14562897,1.32041037,0.10520007,-0.4059385,0.94560472,0.23215304,-0.4524025,0.73709297,0.2758259,-0.40812134,0.87058743,-0.2417275,-0.18913621,1.06153448,-0.23574186,-0.47451638,0.69912434,-0.02547886,-0.41324042,0.53777339,0.02626095,-0.28720633,0.70265178,-0.58842858,-0.24019525,0.84930542,-0.54160642,-0.439197,0.60267356,-0.30313702,-0.37962141,0.47849426,-0.23043891,-0.28298711
point,0,0,0,0.21315936,0.42431142,-0.13487925,0.56143484,0.69674154,-0.22591789,0.88431248,0.7500721,-0.32381015,1.03610042,0.45618553,-0.41887364,1.0333167,0.47017495,-0.10041761,1.42298238,0.546,-0.24450187,1.68153308,0.5683382,-0.31296319,1.90271716,0.52888421,-0.36140093,0.995819,0.09134838,-0.13849,1.29854699,0.16172168,-0.39987556,0.91817739,0.29459346,-0.44212152,0.72841233,0.29655771,-0.39596477,0.88434005,-0.25510056,-0.19236968,1.05784089,-0.15870877,-0.47090603,0.70570821,0.02392027,-0.405914,0.56697898,0.01377689,-0.28293031,0.72497281,-0.58993746,-0.2552288,0.81997946,-0.42927885,-0.44408635,0.57539949,-0.22384379,-0.38445065,0.47121841,-0.21724899,-0.29232541
point,0,0,0,0.21467659,0.42885556,-0.12412485,0.56599777,0.70927726,-0.20657875,0.89008533,0.76295324,-0.29706273,1.05469398,0.47824052,-0.38616542,1.03035774,0.47682159,-0.09725448,1.42716582,0.5623777,-0.23868566,1.68411573,0.58705756,-0.30479642,1.91095917,0.54964465,-0.35123958,0.99449746,0.1047607,-0.13738357,1.30481758,0.16804798,-0.39392622,0.92763215,0.29648137,-0.43581012,0.73556245,0.29713348,-0.39173341,0.88232449,-0.23896866,-0.19133021,1.06941546,-0.14798373,-0.46695503,0.71354475,0.03547773,-0.39929251,0.56568362,0.02953315,-0.27518254,0.72354128,-0.57922996,-0.25266167,0.83958824,-0.43723322,-0.43839638,0.59424545,-0.23068602,-0.37398841,0.48150759,-0.21816932,-0.27897349
point,0,0,0,0.205409,0.46823909,-0.12018892,0.57691368,0.77247972,-0.19145503,0.92922834,0.82724676,-0.27089092,1.08021404,0.52846445,-0.35124662,1.01725046,0.52453873,-0.0759224,1.39813308,0.61944614,-0.20001483,1.65294629,0.63931849,-0.25450945,1.8769811,0.60178867,-0.29604498,0.98910567,0.14720728,-0.11568012,1.32099597,0.22543762,-0.36368666,0.94704515,0.33872954,-0.40661946,0.74693313,0.33725196,-0.36154819,0.88400055,-0.20239276,-0.16735464,1.09539962,-0.09521636,-0.44864417,0.72472297,0.07662178,-0.38424712,0.56114415,0.07092686,-0.25762205,0.72956421,-0.5552366,-0.22437315,0.86991558,-0.38921323,-0.42361583,0.60389939,-0.19066515,-0.36269712,0.47054229,-0.17986246,-0.26626268
point,0,0,0,0.19575631,0.46779174,-0.12756033,0.58857564,0.79103048,-0.19114903,0.94740186,0.84250205,-0.25928674,1.08687561,0.52188831,-0.329381,1.02126225,0.51787474,-0.09181872,1.42147904,0.61512241,-0.22088712,1.67600757,0.64499052,-0.2860355,1.90989455,0.61686593,-0.33642529,0.99103892,0.13357343,-0.12944017,1.33207906,0.21855804,-0.38863421,0.96376117,0.3429026,-0.44610911,0.73529154,0.34142588,-0.41034775,0.88111674,-0.22995054,-0.17831653,1.09724655,-0.10609766,-0.46992993,0.71865206,0.07508888,-0.41626287,0.53388456,0.07804489,-0.29367252,0.72113139,-0.59417564,-0.23247178,0.8729915,-0.40531073,-0.44171242,0.60436656,-0.19759401,-0.3862256,0.45595105,-0.17724627,-0.2912013
point,0,0,0,0.19331691,0.46507224,-0.131012,0.58784951,0.78734783,-0.19577122,0.94605175,0.83251432,-0.26421276,1.0951647,0.51258354,-0.33442305,1.02621947,0.5127611,-0.09379842,1.42667645,0.60170593,-0.22491643,1.68339989,0.62580328,-0.29282923,1.91814996,0.5948913,-0.34493812,0.99205088,0.12583739,-0.1299126,1.33138548,0.19661044,-0.39380829,0.96496256,0.32621862,-0.45678958,0.73289877,0.33352109,-0.42369383,0.87692781,-0.23803744,-0.17697727,1.0978164,-0.13548264,-0.47127387,0.72021754,0.06011014,-0.41886087,0.53079042,0.08023562,-0.29609575,0.71063148,-0.59912943,-0.22945096,0.86649472,-0.42871001,-0.44233071,0.59874448,-0.2085457,-0.38769324,0.44787368,-0.17193806,-0.29172
point,0,0,0,0.18491884,0.46288913,-0.14441713,0.56199834,0.7791261,-0.22285216,0.91455933,0.82421822,-0.30283275,1.09704278,0.52184772,-0.38277997,1.02698351,0.51244716,-0.10892368,1.43029031,0.59610965,-0.25030747,1.69745513,0.60701421,-0.31762909,1.93616989,0.5707475,-0.36638885,0.99230699,0.12380161,-0.14136464,1.33960758,0.17314216,-0.42615816,0.96101248,0.30189304,-0.49357456,0.71977487,0.32198002,-0.45652507,0.87438431,-0.24050611,-0.1854757,1.08079283,-0.14931502,-0.50225179,0.69700961,0.04762424,-0.45062199,0.50558674,0.07305141,-0.32038919,0.70388788,-0.600619,-0.23456022,0.86168593,-0.44419401,-0.46489658,0.58528522,-0.22384862,-0.41126823,0.43425596,-0.19206031,-0.31023107
point,0,0,0,0.19477815,0.44287377,-0.14371171,0.57714496,0.75356647,-0.21969011,0.92967408,0.79263008,-0.2969259,1.11201517,0.48220912,-0.37448872,1.02786921,0.4928521,-0.10386633,1.42402319,0.5723015,-0.23833516,1.68740521,0.58735108,-0.29900791,1.91962185,0.54489357,-0.34332586,0.9944545,0.10516773,-0.13516596,1.3390741,0.16019477,-0.40874496,0.95579295,0.28874595,-0.4659406,0.72439062,0.29909043,-0.42250281,0.87841606,-0.2585653,-0.17894108,1.09007557,-0.16587037,-0.48693526,0.70716193,0.03133194,-0.43146022,0.52977149,0.04596578,-0.30078747,0.7108031,-0.62404137,-0.22776992,0.86569154,-0.46710309,-0.45020679,0.59063511,-0.23850759,-0.39388144,0.44925595,-0.20407769,-0.29313334
point,0,0,0,0.16004523,0.42143442,-0.17739605,0.53510096,0.68508903,-0.26726799,0.88814395,0.71593561,-0.34806608,1.11304941,0.42204881,-0.42456552,1.02483839,0.46595021,-0.14490517,1.46747249,0.51266538,-0.30555891,1.77638547,0.51100084,-0.38225831,2.0302221,0.45453181,-0.43446478,0.99904023,0.04380197,-0.16343471,1.34722344,0.06842356,-0.48342451,0.94174797,0.19755628,-0.55454024,0.66715018,0.23944626,-0.50618932,0.87139904,-0.33708949,-0.19585704,1.04698154,-0.30603548,-0.53920794,0.65884264,-0.07381296,-0.48219702,0.46403663,0.00268997,-0.33741366,0.67428431,-0.70089029,-0.23520644,0.80550414,-0.6011283,-0.4920624,0.52645501,-0.33395587,-0.43703626,0.39539393,-0.25145004,-0.32340437
point,0,0,0,0.19691501,0.38670408,-0.1667502,0.56228568,0.65265374,-0.2594018,0.90361856,0.70175382,-0.34909533,1.11772137,0.40153357,-0.43601286,1.03959811,0.42977366,-0.11861211,1.44757662,0.48134686,-0.27431969,1.72918401,0.48316686,-0.35111444,1.96809257,0.43583776,-0.40154241,0.99918614,0.04033676,-0.14246648,1.33632321,0.05819917,-0.44828739,0.94385173,0.18454635,-0.52015682,0.68759158,0.22253305,-0.47672161,0.87195302,-0.32436229,-0.18072187,1.06308231,-0.28903753,-0.50416577,0.68593414,-0.0786138,-0.44495595,0.50281374,-0.02446831,-0.30452336,0.69021845,-0.68032771,-0.226153,0.83741367,-0.59305292,-0.45052463,0.56887267,-0.34400105,-0.38447262,0.43741046,-0.27122252,-0.27139792
point,0,0,0,0.2187336,0.37944481,-0.16227174,0.58687839,0.62299541,-0.25565597,0.9184018,0.65291126,-0.3460552,1.10298149,0.34230679,-0.43214432,1.04250184,0.38257937,-0.1323669,1.44270816,0.43778146,-0.28652054,1.71599978,0.43704645,-0.35717941,1.95131328,0.38433829,-0.40456288,0.99999783,-0.00208481,-0.15748851,1.32247676,0.01222138,-0.44074689,0.94202807,0.17465635,-0.4915832,0.72117801,0.22618626,-0.44413865,0.87232459,-0.35820708,-0.19845665,1.06383408,-0.31346653,-0.50870899,0.69625376,-0.08160452,-0.44590108,0.53117998,-0.02810791,-0.31230333,0.69482484,-0.70229373,-0.247286,0.82274867,-0.59900391,-0.46583948,0.56796053,-0.34357808,-0.40701481,0.4500139,-0.27829892,-0.30628368
point,0,0,0,0.22978822,0.4099628,-0.15258529,0.60030474,0.6485936,-0.23788516,0.93554434,0.65579006,-0.32331103,1.11517877,0.33879393,-0.40479777,1.05253144,0.40436008,-0.10689285,1.45779918,0.45895172,-0.25009431,1.73137666,0.4540369,-0.31344736,1.96211404,0.40263906,-0.3566917,0.99979306,0.02034317,-0.135634,1.3365963,0.01418487,-0.42040614,0.95829172,0.17284122,-0.47791807,0.73107889,0.24123878,-0.43225239,0.86753755,-0.33437643,-0.1789327,1.05882938,-0.31038458,-0.48666604,0.69680423,-0.07978032,-0.42751554,0.53136024,-0.01479814,-0.29435194,0.6880915,-0.67542835,-0.22939341,0.83097344,-0.60189928,-0.44118597,0.5801565,-0.34742721,-0.38018143,0.4586626,-0.27248099,-0.27756919
point,0,0,0,0.23653133,0.41475241,-0.14323325,0.61977711,0.65251013,-0.22331853,0.96229851,0.65816233,-0.30572137,1.12796402,0.32161996,-0.38704633,1.0520712,0.39716349,-0.10708516,1.45625322,0.44582136,-0.24632861,1.72511952,0.44196551,-0.30962948,1.95828743,0.39420433,-0.35554996,0.99977067,0.02141522,-0.14060089,1.34570904,-0.00574229,-0.41493567,0.98059784,0.16141853,-0.47039263,0.75710614,0.23313561,-0.428947,0.86564747,-0.32571312,-0.18768217,1.08971493,-0.32564869,-0.48788532,0.73065994,-0.07909389,-0.42954623,0.55518535,-0.00256665,-0.301358,0.68307224,-0.66209579,-0.24163162,0.84605171,-0.61141884,-0.4543766,0.60424113,-0.34814794,-0.39961183,0.47442237,-0.2566164,-0.30403613
point,0,0,0,0.23211597,0.39898911,-0.13706787,0.6152742,0.64159058,-0.21610455,0.96952334,0.67984763,-0.29956554,1.12078522,0.33282378,-0.38162718,1.04421082,0.4023541,-0.09509995,1.43865421,0.43698464,-0.22994795,1.70255651,0.41895315,-0.29305622,1.9377022,0.36320236,-0.34099285,0.99944086,0.03343603,-0.1308585,1.3272813,-0.00155993,-0.40099935,0.96547629,0.15821378,-0.45755831,0.76126664,0.21846101,-0.41884846,0.87296027,-0.30499598,-0.17899104,1.08030456,-0.32191608,-0.46698698,0.73275849,-0.08703376,-0.40415455,0.57253855,-0.0265699,-0.27759972,0.70199568,-0.63899934,-0.23493629,0.84596417,-0.59543876,-0.43125285,0.60976214,-0.35449054,-0.36961108,0.49366307,-0.29083325,-0.27340459
point,0,0,0,0.2410703,0.39724816,-0.13987824,0.60865195,0.63168796,-0.22414615,0.95115049,0.64301759,-0.3123387,1.12861475,0.31704848,-0.39751398,1.05028343,0.38219677,-0.09364709,1.44539151,0.42322141,-0.22916462,1.71931728,0.41645387,-0.2876868,1.94659101,0.35831616,-0.32810265,0.99999904,0.00138738,-0.12793404,1.34418777,-0.01082121,-0.39290313,0.96545677,0.15012281,-0.43784654,0.74712233,0.20431933,-0.38577132,0.86711333,-0.34408553,-0.17599142,1.07278936,-0.34694308,-0.46577297,0.7161702,-0.10552033,-0.39821448,0.55474726,-0.04617331,-0.26284068,0.68276888,-0.67759087,-0.23081499,0.84341109,-0.62611338,-0.42656413,0.6028586,-0.36811666,-0.35654025,0.48016952,-0.29518966,-0.25012478
point,0,0,0,0.23405848,0.41824605,-0.14528165,0.6057525,0.65929017,-0.23340958,0.95613629,0.67744125,-0.32411265,1.12504184,0.33986564,-0.41136775,1.04610664,0.39777521,-0.1033368,1.45833871,0.43969114,-0.24518644,1.73659413,0.43407164,-0.30617489,1.9677725,0.37583576,-0.34835396,0.99980068,0.01996515,-0.13651311,1.35497984,0.03051753,-0.41412769,0.97156402,0.1916963,-0.46177774,0.75187739,0.23775582,-0.40958557,0.87225582,-0.32879953,-0.18371692,1.08083447,-0.32052988,-0.47993666,0.72465915,-0.08294548,-0.41096105,0.56430796,-0.02771464,-0.27374738,0.69503501,-0.66845532,-0.23848632,0.85319385,-0.60851737,-0.43646407,0.61338808,-0.35202741,-0.36703512,0.49340878,-0.28629178,-0.26130613
point,0,0,0,0.2218333,0.43256498,-0.12949355,0.62180901,0.68692734,-0.2032315,0.96201721,0.70857695,-0.28208556,1.13012291,0.39685764,-0.3595108,1.04372891,0.38039685,-0.09989057,1.45636361,0.40312688,-0.24320228,1.71850659,0.40952533,-0.31131558,1.94214142,0.3496683,-0.35904613,0.99998597,-0.00529781,-0.13994347,1.36861211,0.04705481,-0.40824115,0.9938947,0.23255139,-0.45678487,0.76709007,0.25185707,-0.40874079,0.87450973,-0.35189697,-0.1941376,1.08512689,-0.26184596,-0.4843884,0.72769596,-0.0418847,-0.42555429,0.56858557,-0.03791452,-0.30007904,0.69757994,-0.68388907,-0.25471782,0.83149936,-0.52159272,-0.45533969,0.58734887,-0.28980154,-0.39709238,0.47184269,-0.27256922,-0.30259684
point,0,0,0,0.23707076,0.41380596,-0.1392041,0.60655418,0.66054381,-0.22535244,0.94285676,0.68855861,-0.3162919,1.12199722,0.38407963,-0.4045776,1.0529032,0.37792846,-0.09834719,1.4499742,0.42647051,-0.24074231,1.71359379,0.42620228,-0.30645563,1.93934985,0.36629953,-0.35145331,0.99999455,0.00330126,-0.13328306,1.32923224,0.04125298,-0.39524279,0.9586226,0.21282972,-0.44171243,0.75971689,0.23846946,-0.39693626,0.86978345,-0.33730355,-0.1831904,1.07889404,-0.27352969,-0.46865976,0.72754915,-0.04294247,-0.40145784,0.57532079,-0.02442161,-0.27242507,0.69102083,-0.67258462,-0.24086277,0.83604824,-0.5557059,-0.43471264,0.60010674,-0.30447856,-0.36806164,0.48230539,-0.26490203,-0.26779113
point,0,0,0,0.2376938,0.41136093,-0.13118654,0.6100508,0.65490082,-0.21132419,0.94277222,0.68507718,-0.29691706,1.1147436,0.38607152,-0.38006621,1.04988948,0.38479563,-0.09283597,1.45229472,0.42862333,-0.23189321,1.71316713,0.427183,-0.29606593,1.94001482,0.36546475,-0.34156579,0.99997602,0.00692523,-0.13179245,1.33743722,0.03752839,-0.39613727,0.96623628,0.21185135,-0.4449224,0.75617585,0.23965132,-0.40143394,0.86835462,-0.33770059,-0.18447402,1.07797608,-0.2764064,-0.47075578,0.72544728,-0.04318035,-0.40449873,0.5677072,-0.01986601,-0.27617546,0.68508221,-0.67325944,-0.24405385,0.83075273,-0.55551566,-0.4404321,0.59176062,-0.30372149,-0.37520294,0.4720441,-0.26332242,-0.27591173
point,0,0,0,0.24285591,0.42207023,-0.13113862,0.6113093,0.67361313,-0.21183922,0.94417439,0.702437,-0.29826509,1.13296232,0.4109095,-0.38352285,1.05058182,0.3855687,-0.09663841,1.45271254,0.43947347,-0.23810578,1.71181502,0.43559735,-0.30351306,1.94055141,0.37665669,-0.34908629,0.99978483,0.02074353,-0.13534167,1.34436693,0.03946415,-0.40523756,0.9790691,0.21322741,-0.45766617,0.76016663,0.25404637,-0.41577628,0.86699129,-0.31776205,-0.1872678,1.08900681,-0.26967258,-0.48123003,0.73966685,-0.03564238,-0.41759661,0.57166579,0.00165967,-0.28821338,0.68533475,-0.65467427,-0.24496577,0.84876012,-0.55187742,-0.44676087,0.60766658,-0.30009552,-0.382128,0.47693514,-0.25007247,-0.28154169
point,0,0,0,0.23499726,0.42266642,-0.1247821,0.61537037,0.67270565,-0.19734541,0.95130065,0.70267088,-0.27625219,1.11734265,0.40280359,-0.35474577,1.05007105,0.40716165,-0.0893131,1.45243598,0.46929362,-0.22757091,1.71171783,0.47053396,-0.29373602,1.94170263,0.41712235,-0.34137711,0.99958793,0.02870494,-0.13029941,1.33970716,0.04621128,-0.4017759,0.97158145,0.21259019,-0.45898526,0.74840637,0.25654044,-0.42018409,0.86664659,-0.31850689,-0.18306648,1.08464517,-0.26454162,-0.47698474,0.72822946,-0.03918905,-0.41575176,0.55805528,0.00050896,-0.28779876,0.68529273,-0.65565734,-0.24113579,0.84616514,-0.54371851,-0.44376107,0.59778499,-0.30397484,-0.37945202,0.4655453,-0.25699439,-0.27871089
point,0,0,0,0.23424763,0.42500923,-0.12362831,0.62093763,0.67209899,-0.19723914,0.97375595,0.70795167,-0.27817161,1.12797129,0.39495372,-0.35999335,1.04994666,0.40417768,-0.09040031,1.45947679,0.46804281,-0.22501907,1.72110065,0.47310481,-0.28971427,1.9530307,0.42850102,-0.33805615,0.9995715,0.02927131,-0.13221341,1.35555867,0.04033082,-0.39919561,0.9919206,0.20197656,-0.45564281,0.76586345,0.25161287,-0.41784188,0.86785886,-0.31997313,-0.18472819,1.09858442,-0.28264323,-0.47318294,0.74198388,-0.04868922,-0.41050611,0.5580236,0.01009803,-0.28285606,0.685869,-0.66148258,-0.24301295,0.86166665,-0.56884326,-0.44568679,0.61624403,-0.31611072,-0.38368656,0.47069792,-0.24497743,-0.28469889
point,0,0,0,0.22948102,0.42983653,-0.11935881,0.61252623,0.69403491,-0.1934954,0.96451249,0.7252655,-0.27620586,1.12349034,0.39924783,-0.35792126,1.04094112,0.41751198,-0.06323937,1.43395588,0.46630053,-0.1917578,1.68603459,0.47118771,-0.24649125,1.89926051,0.43078477,-0.28366945,0.99931325,0.03705444,-0.10316181,1.34884595,0.08620763,-0.35729966,0.96768088,0.22583953,-0.39783173,0.75457416,0.25237298,-0.34489396,0.88227478,-0.30925699,-0.15606609,1.09444117,-0.24394232,-0.4343177,0.73143779,-0.05155035,-0.36043954,0.56580068,-0.02735101,-0.2244841,0.71241942,-0.65156428,-0.2148355,0.87443955,-0.5289214,-0.40388665,0.6165679,-0.31485101,-0.32882133,0.48103892,-0.28708639,-0.22057072
peace,0,0,0,0.18619194,0.4728075,-0.10775802,0.57539223,0.68435053,-0.14275402,0.88769632,0.54521776,-0.1893897,1.04474077,0.20561896,-0.22413818,0.93033742,0.55972565,-0.03781684,1.29892054,0.84984549,-0.12916046,1.50041569,1.02073848,-0.18637488,1.67471763,1.12986118,-0.23021849,0.9797719,0.20011753,-0.08137612,1.49510605,0.16774582,-0.23147801,1.80261513,0.17821728,-0.32338349,2.04617038,0.14356038,-0.36764754,0.89676022,-0.14058702,-0.13803811,1.27597021,-0.12563576,-0.39237432,0.96849092,0.08995214,-0.4110665,0.73414561,0.18372678,-0.34932907,0.72935106,-0.40581199,-0.19856477,0.89044122,-0.16113583,-0.44186419,0.65534387,0.05676873,-0.45710685,0.46008475,0.13242389,-0.41121835
peace,0,0,0,0.1755702,0.47342041,-0.11635473,0.56258137,0.66510196,-0.15655951,0.86215303,0.50447046,-0.2070164,1.03235104,0.1796114,-0.2477181,0.93938235,0.55812165,-0.04877406,1.30593141,0.84400269,-0.14612855,1.50420235,1.01297465,-0.20692383,1.67907746,1.12783289,-0.24965134,0.98101088,0.19395272,-0.08875132,1.50071905,0.13648964,-0.23283866,1.8024301,0.12309889,-0.32020326,2.04411855,0.06118433,-0.36057282,0.89134159,-0.13855253,-0.14341337,1.24442028,-0.13934099,-0.40492341,0.95986366,0.07455409,-0.44473258,0.7306446,0.17003685,-0.39524153,0.72442832,-0.39962119,-0.20089552,0.87537743,-0.17319501,-0.44689836,0.65478895,0.04096408,-0.47083018,0.46409762,0.13092975,-0.43141904
peace,0,0,0,0.17015803,0.46403691,-0.11950897,0.5514699,0.65305807,-0.16156947,0.84928881,0.48301618,-0.21263757,1.02344739,0.15967726,-0.25335762,0.9396028,0.55609259,-0.05420173,1.30404247,0.83671765,-0.15403217,1.49902052,1.0046428,-0.21645806,1.67167289,1.12088944,-0.25954883,0.98184916,0.18966348,-0.09114546,1.49615817,0.12487572,-0.2368085,1.79338248,0.10795819,-0.32514593,2.03230588,0.04616073,-0.36579538,0.88944206,-0.14043336,-0.14251266,1.2266719,-0.128547,-0.3997192,0.94588913,0.07286262,-0.43782533,0.7238725,0.15703002,-0.38849368,0.72165745,-0.39451646,-0.19728366,0.8621899,-0.16727045,-0.43645625,0.6462727,0.0331414,-0.45719092,0.46453473,0.11147722,-0.41642924
peace,0,0,0,0.18039005,0.45930837,-0.10887699,0.56333298,0.62715062,-0.14364828,0.85275131,0.45353071,-0.19077813,1.01140507,0.12930967,-0.2290375,0.95052,0.53345053,-0.0439557,1.32049102,0.80132031,-0.1440355,1.51924057,0.96561261,-0.20901004,1.69119531,1.08136479,-0.2554683,0.98602775,0.16658112,-0.08590471,1.49897753,0.07784242,-0.22881673,1.79539013,0.0465807,-0.31867244,2.03092855,-0.02642163,-0.36369048,0.88612378,-0.16117386,-0.14240357,1.23179641,-0.19835699,-0.39749594,0.95600722,0.02774519,-0.44054069,0.73020617,0.13780099,-0.39721578,0.7076324,-0.41366383,-0.20175762,0.85822624,-0.23417226,-0.44238308,0.655245,-0.01339872,-0.46978206,0.47641135,0.0886675,-0.43568145
peace,0,0,0,0.18041361,0.46242964,-0.11086705,0.55744107,0.62687833,-0.14862458,0.84469688,0.43981554,-0.19837379,1.00532214,0.11683024,-0.2388531,0.95149197,0.52535949,-0.04513868,1.31838307,0.79722427,-0.14405209,1.5175418,0.96015985,-0.20797062,1.69118331,1.06965697,-0.25373265,0.98707809,0.16023995,-0.08637742,1.49656416,0.06956603,-0.22898331,1.7908545,0.03494002,-0.3180253,2.0261168,-0.0462178,-0.36164677,0.88644561,-0.16506333,-0.14208865,1.23058828,-0.20788254,-0.39730814,0.95457426,0.02625787,-0.43896886,0.7296154,0.13983732,-0.39327784,0.70643982,-0.42093987,-0.20067297,0.864026,-0.24415379,-0.44122076,0.66402822,-0.01477481,-0.46660847,0.48434189,0.09329149,-0.42959687
peace,0,0,0,0.18314611,0.46780811,-0.11149697,0.55767147,0.63012614,-0.15194232,0.84083152,0.44660547,-0.2045414,0.99958201,0.12393374,-0.24890495,0.95408038,0.5229042,-0.05269727,1.32567171,0.80153874,-0.15310014,1.52991845,0.96352592,-0.21851784,1.70769469,1.07416674,-0.26567286,0.98836405,0.15210689,-0.09571777,1.50540756,0.05453816,-0.23837954,1.80187669,0.01606615,-0.32732929,2.0394616,-0.06777834,-0.37163942,0.88562905,-0.17530792,-0.15275994,1.23888594,-0.22908495,-0.41185239,0.96290406,0.01745403,-0.45528621,0.73393152,0.1428792,-0.41039981,0.70096376,-0.43106431,-0.21222716,0.86901569,-0.2610154,-0.45890244,0.6679858,-0.01852619,-0.48617114,0.48283168,0.10138238,-0.44983267
peace,0,0,0,0.1731785,0.44861414,-0.11343787,0.54111014,0.65879591,-0.16082764,0.8397717,0.55892767,-0.22122779,0.99055393,0.23218634,-0.27253219,0.95970493,0.50231674,-0.05994462,1.32555303,0.76625354,-0.16417469,1.5210688,0.9304186,-0.23289224,1.69342729,1.04381235,-0.28043658,0.98965056,0.14349832,-0.10395291,1.50390065,0.04179467,-0.25375675,1.80141883,0.01427284,-0.34665932,2.04005392,-0.05700271,-0.39299401,0.88797521,-0.17787789,-0.16059004,1.24013105,-0.17717944,-0.41788562,0.96738029,0.06926129,-0.45383395,0.73636454,0.18826452,-0.40430995,0.71025049,-0.4243989,-0.22077739,0.88507824,-0.21151072,-0.45646706,0.67732554,0.0215061,-0.47231015,0.4779847,0.12527267,-0.42853795
peace,0,0,0,0.17692677,0.43840983,-0.0987288,0.54258195,0.67828939,-0.14424992,0.84974793,0.6854595,-0.20749979,1.01084961,0.39743619,-0.25912816,0.95841204,0.47840246,-0.05544371,1.32702508,0.73850115,-0.17157708,1.52691202,0.90167763,-0.24752143,1.70400019,1.00307747,-0.29964232,0.99022182,0.13950177,-0.10988941,1.51781085,0.06198484,-0.2780576,1.82765204,0.0575127,-0.37929057,2.0721081,-0.0000677,-0.43035202,0.8950846,-0.16743296,-0.17660179,1.27637336,-0.11705541,-0.44010688,1.00385176,0.1641216,-0.46986827,0.77365592,0.30198578,-0.41638617,0.72608807,-0.40053071,-0.24671124,0.90647859,-0.12724995,-0.47862473,0.69796919,0.11905868,-0.49260279,0.49698076,0.22682283,-0.44970856
peace,0,0,0,0.17187416,0.43266826,-0.10162214,0.54054461,0.67107818,-0.14656238,0.84862934,0.66584938,-0.20866517,1.00596914,0.36516568,-0.25816861,0.95564204,0.47982359,-0.04813287,1.31478643,0.74034856,-0.16076964,1.51021376,0.90284571,-0.23638099,1.68445335,1.0067263,-0.29102159,0.99104882,0.13349993,-0.10211066,1.51089244,0.05493778,-0.27087834,1.81663978,0.04797306,-0.37583819,2.05612642,-0.00497078,-0.43077383,0.90015247,-0.1798748,-0.1689219,1.28837033,-0.12833325,-0.43255303,1.00955454,0.1447596,-0.46039921,0.77820423,0.28345254,-0.40677121,0.73485893,-0.41368762,-0.23991928,0.90948125,-0.13243015,-0.47636096,0.69631028,0.10548555,-0.49351249,0.49450326,0.2063502,-0.45292282
peace,0,0,0,0.15724536,0.44460817,-0.11391874,0.51411979,0.72267471,-0.1682186,0.83491757,0.78671042,-0.23915107,0.99396907,0.50760954,-0.29414165,0.94304288,0.48094786,-0.06094074,1.32917444,0.72520584,-0.17983146,1.53291703,0.87817438,-0.25318602,1.71658331,0.96430927,-0.30378463,0.98944221,0.14492797,-0.10936711,1.52790902,0.08297698,-0.29915344,1.84578646,0.08808298,-0.41115326,2.09539367,0.03848573,-0.46451475,0.91416947,-0.15421288,-0.17129006,1.28995601,-0.02172318,-0.45185533,1.00527244,0.25676867,-0.48750746,0.77183982,0.38594193,-0.43381418,0.768005,-0.36943779,-0.23827885,0.90073983,0.00191344,-0.48172385,0.67288033,0.24541989,-0.51024613,0.46993653,0.34112876,-0.47656738
peace,0,0,0,0.15711887,0.4358086,-0.10602443,0.5274854,0.70913321,-0.15462358,0.84930544,0.78686749,-0.22104319,1.01015004,0.5276328,-0.27119976,0.94288557,0.46706891,-0.0657989,1.32984164,0.71800508,-0.18905395,1.53082293,0.89033514,-0.26434099,1.71191928,0.99153178,-0.31836671,0.99146076,0.1304054,-0.12022121,1.53660372,0.08365934,-0.32340734,1.85271426,0.09762308,-0.44436948,2.09793767,0.05432689,-0.50374739,0.91598433,-0.16737894,-0.18625426,1.30232569,-0.00602005,-0.46607721,1.01306116,0.27517566,-0.49275089,0.78680085,0.40180293,-0.43518998,0.76690345,-0.36672942,-0.25769216,0.90317448,0.02826066,-0.49792705,0.67278954,0.26150766,-0.52267875,0.47672417,0.33837064,-0.48814103
peace,0,0,0,0.15933863,0.42438423,-0.09691984,0.53179379,0.68053815,-0.13653276,0.83906631,0.75987279,-0.19525591,1.00268475,0.51492611,-0.23875986,0.94529106,0.46562565,-0.04762057,1.32399397,0.71175645,-0.16784707,1.52257018,0.87915159,-0.24316724,1.70127789,0.97071233,-0.29814072,0.99201681,0.12610568,-0.10513444,1.53105712,0.0720632,-0.30131573,1.84357376,0.08434131,-0.4191586,2.08784015,0.03918187,-0.47794509,0.91772604,-0.17843664,-0.17603298,1.31838317,-0.04492862,-0.45285318,1.02640466,0.23971887,-0.48502319,0.79886644,0.37853787,-0.43278142,0.76613186,-0.38812486,-0.25144389,0.90409484,-0.00840347,-0.49468268,0.672094,0.21703843,-0.52680587,0.47646349,0.29743688,-0.49840553
peace,0,0,0,0.16773512,0.4285774,-0.10802096,0.52699292,0.67035912,-0.15903905,0.83080685,0.66098426,-0.22598278,1.00331092,0.36434734,-0.28132602,0.95419294,0.48645942,-0.05470487,1.30811866,0.74920385,-0.1717931,1.50470004,0.91034321,-0.25031217,1.67733269,1.02103328,-0.30600919,0.99017513,0.13983279,-0.10874376,1.50916415,0.0529949,-0.27877143,1.81031821,0.04026889,-0.38374598,2.04586646,-0.01224279,-0.43822081,0.8947493,-0.17470368,-0.17645875,1.28403844,-0.12897022,-0.44567532,1.00483614,0.14424196,-0.47441866,0.77344154,0.28146515,-0.42015616,0.7200824,-0.41303393,-0.24818218,0.90633329,-0.1413907,-0.49155265,0.69400512,0.09997183,-0.50724341,0.49418941,0.1955837,-0.46401103
peace,0,0,0,0.16849149,0.44897371,-0.11259906,0.5252374,0.66923308,-0.15846744,0.81247466,0.58933807,-0.21768981,0.98434262,0.28834967,-0.2665765,0.95215151,0.53238001,-0.03707658,1.29822797,0.80613436,-0.13710089,1.49235984,0.96886848,-0.20390221,1.66353567,1.07706089,-0.25224217,0.98378351,0.17935998,-0.08254079,1.47955415,0.09117228,-0.23092201,1.76371058,0.07604452,-0.3214956,1.99208984,0.01749031,-0.36624994,0.88712766,-0.13519641,-0.14367322,1.2446374,-0.13846933,-0.40005181,0.96781623,0.10940341,-0.4326904,0.74497109,0.23112754,-0.38184386,0.70961058,-0.37973986,-0.20890011,0.88331569,-0.16290709,-0.44676487,0.66978206,0.0627904,-0.46449651,0.47567936,0.1544442,-0.42277373
peace,0,0,0,0.17155043,0.45414168,-0.11858869,0.53115069,0.62250866,-0.16299673,0.80529725,0.45195336,-0.21716053,0.96692297,0.14383876,-0.26246724,0.94092037,0.5523645,-0.0646048,1.30336354,0.83988914,-0.16950769,1.50210704,1.01169094,-0.23926659,1.68228668,1.12583773,-0.28917382,0.98339195,0.18149456,-0.10055961,1.48839396,0.10586875,-0.24440208,1.77828985,0.07594578,-0.33621532,2.01478251,-0.00401301,-0.38368723,0.89158955,-0.14991414,-0.15038851,1.24241664,-0.20196514,-0.40216486,0.97011333,0.01083658,-0.44882755,0.74342596,0.11249789,-0.40961737,0.71808092,-0.40464909,-0.20369412,0.8702107,-0.23432615,-0.44240811,0.66230163,-0.03417135,-0.47123876,0.47421387,0.05090277,-0.43824192
peace,0,0,0,0.17383236,0.43834777,-0.1204287,0.53041316,0.59677567,-0.16356382,0.80470713,0.43451479,-0.2169931,0.96841997,0.11440992,-0.26253854,0.94154133,0.54505968,-0.05861978,1.30520932,0.83841379,-0.16226391,1.5076207,1.00849857,-0.23194718,1.68976475,1.11715944,-0.28294533,0.98483569,0.17348965,-0.09567764,1.47746947,0.09905397,-0.24091681,1.76566585,0.05769993,-0.33649842,2.00551175,-0.02810648,-0.38614929,0.89135912,-0.16207532,-0.1474103,1.22524112,-0.2441917,-0.40200773,0.94808652,-0.03595051,-0.4514052,0.72457995,0.07464,-0.41265189,0.71441526,-0.42435149,-0.2030635,0.85058011,-0.28593235,-0.45009769,0.64397664,-0.06730969,-0.48573801,0.4632172,0.04445102,-0.45547648
peace,0,0,0,0.19142299,0.41372024,-0.1234275,0.52509888,0.55209321,-0.16922194,0.80480645,0.36255175,-0.22352206,0.97099113,0.03577481,-0.27150192,0.93782028,0.54017636,-0.06705999,1.30568084,0.82532934,-0.17085883,1.51205148,0.98634779,-0.24426651,1.70384867,1.08817474,-0.29948228,0.98608916,0.16621724,-0.09674501,1.46623697,0.10194498,-0.23707871,1.75137484,0.04603113,-0.3352424,1.99922012,-0.04413152,-0.39046869,0.89361458,-0.15789027,-0.13913109,1.22878253,-0.30565751,-0.37583472,0.96220139,-0.11745931,-0.42364964,0.74248238,0.00271261,-0.39019742,0.70887571,-0.40885833,-0.18627191,0.85715243,-0.37061897,-0.41570426,0.66294512,-0.16556015,-0.44552116,0.48323449,-0.02769996,-0.41449461
peace,0,0,0,0.17844215,0.4118634,-0.13195959,0.52497613,0.55174099,-0.17733341,0.81219513,0.36626229,-0.22965575,0.98119031,0.02544841,-0.27583868,0.93622112,0.54488526,-0.06500857,1.30181427,0.82301395,-0.17274929,1.50319795,0.98917687,-0.24842054,1.6916925,1.09758506,-0.30529114,0.98527303,0.17098847,-0.09056143,1.46381406,0.10007561,-0.23485084,1.73831711,0.048872,-0.33110938,1.97761071,-0.03965393,-0.38346968,0.89674595,-0.15538429,-0.13150952,1.23749812,-0.31105789,-0.37681622,0.97079208,-0.11681299,-0.42675931,0.75026374,0.00765904,-0.39338729,0.71951533,-0.40897061,-0.17820595,0.85915894,-0.38135971,-0.42058093,0.66090406,-0.17991738,-0.45944674,0.48009585,-0.04153251,-0.43325974
peace,0,0,0,0.19130749,0.41562196,-0.12868892,0.52516482,0.554684,-0.17381136,0.82445224,0.37678879,-0.22542253,0.98441786,0.03302934,-0.27105895,0.93044524,0.54339341,-0.06944859,1.30169733,0.81885487,-0.17490687,1.50149795,0.98570657,-0.24952687,1.68940697,1.09444157,-0.30405507,0.98586292,0.16755386,-0.09156296,1.4613737,0.09663849,-0.23252563,1.73207608,0.04387309,-0.32371207,1.96530991,-0.04434838,-0.37170581,0.89978289,-0.15678355,-0.12744283,1.22561732,-0.3042881,-0.36220696,0.94418204,-0.10777217,-0.40062418,0.71460427,0.01598426,-0.35880377,0.71995727,-0.41904132,-0.16894902,0.87846859,-0.39774802,-0.39160596,0.68652505,-0.2038894,-0.41396205,0.50603991,-0.0685557,-0.37726513
peace,0,0,0,0.1849475,0.41659849,-0.12765185,0.52828696,0.5560524,-0.16945251,0.82727899,0.36969045,-0.21859489,1.00176294,0.02958609,-0.26189407,0.93374558,0.54391273,-0.05953486,1.3041504,0.81053785,-0.16521303,1.50767588,0.97232044,-0.2402917,1.69684725,1.07790628,-0.29592191,0.98527542,0.17097472,-0.08305608,1.45636131,0.0952301,-0.2222536,1.73440553,0.04427703,-0.31492169,1.9739323,-0.04654904,-0.36508582,0.8955525,-0.14910924,-0.12189393,1.22208661,-0.30918609,-0.36106487,0.95373591,-0.1091619,-0.41068415,0.73292397,0.01602131,-0.37752547,0.71293991,-0.40537544,-0.16587863,0.85904061,-0.37412672,-0.40043025,0.66664576,-0.1760193,-0.43622611,0.48659445,-0.03800892,-0.40880637
peace,0,0,0,0.1754155,0.42415229,-0.12340185,0.52215103,0.57367632,-0.16593869,0.81135003,0.41623923,-0.21779401,0.98546757,0.08964395,-0.26239772,0.93470728,0.5504513,-0.05575476,1.31488452,0.83709541,-0.14762182,1.525828,0.99334895,-0.2138024,1.71711176,1.10137923,-0.26748865,0.98318118,0.18263286,-0.08621679,1.47800236,0.08948924,-0.21185672,1.75764421,0.04735952,-0.30008239,1.99703329,-0.03062555,-0.35342663,0.89299901,-0.14009705,-0.13153583,1.25698745,-0.27869633,-0.36352097,0.99654785,-0.06742535,-0.41482127,0.77492692,0.05405338,-0.39046005,0.71081448,-0.39096436,-0.18248651,0.85898481,-0.31756617,-0.41956092,0.65989021,-0.1050462,-0.46365343,0.47550513,0.02036872,-0.44737306
peace,0,0,0,0.18328507,0.4484598,-0.11340902,0.52761908,0.60666621,-0.15427818,0.83398441,0.46127441,-0.20494682,1.00315259,0.11695514,-0.25087755,0.92860811,0.56798695,-0.06539235,1.31492888,0.86092177,-0.15825215,1.52301052,1.02035315,-0.22646988,1.71876238,1.12393339,-0.2824327,0.98001138,0.19894142,-0.09742503,1.47412928,0.12304212,-0.22502277,1.75469783,0.08839405,-0.31600853,1.99960293,0.01111884,-0.37332639,0.89312413,-0.12598194,-0.14087033,1.26450613,-0.24225231,-0.36519066,1.00129975,-0.02689252,-0.41247248,0.77973208,0.09094151,-0.38875113,0.71437622,-0.38803637,-0.18871827,0.87613679,-0.29656737,-0.4165759,0.67857979,-0.08780332,-0.45373982,0.49260605,0.02908956,-0.43453181
peace,0,0,0,0.16857413,0.45368517,-0.11958682,0.51755416,0.62568716,-0.1659214,0.81382481,0.49677912,-0.22233055,0.99282167,0.1715474,-0.27155547,0.93591518,0.57824015,-0.05919752,1.29977856,0.87091801,-0.15042798,1.50551593,1.02835888,-0.21437453,1.68866794,1.13420266,-0.26532564,0.978249,0.20743407,-0.09221243,1.47266538,0.12669334,-0.21834958,1.75064435,0.09803352,-0.29957789,1.9768533,0.0262117,-0.34733448,0.88583925,-0.12575239,-0.13980786,1.24913575,-0.20940451,-0.36999981,0.99560186,0.02413641,-0.41158868,0.775849,0.14402623,-0.38058936,0.7128875,-0.39534282,-0.19267548,0.88682815,-0.25691128,-0.42143322,0.69079974,-0.0351955,-0.45258403,0.50061492,0.07263947,-0.42815035
peace,0,0,0,0.16198432,0.46197159,-0.12088119,0.51074862,0.64703088,-0.16803064,0.81062893,0.53686044,-0.2263992,0.99191573,0.21025088,-0.27814045,0.93404981,0.58323894,-0.05480603,1.29899545,0.87691405,-0.1468618,1.50271551,1.03199573,-0.21007315,1.68656601,1.13342796,-0.26027859,0.97588427,0.21828856,-0.08917025,1.46464131,0.14574181,-0.21942317,1.7407965,0.11480771,-0.30145965,1.97195096,0.03799951,-0.34759089,0.8854238,-0.11089719,-0.1390142,1.2511476,-0.1845963,-0.37721241,0.97808244,0.04597105,-0.4160522,0.7503283,0.16152762,-0.37865278,0.71123237,-0.38554012,-0.19391149,0.88833675,-0.24402089,-0.43127197,0.68797579,-0.02016628,-0.46251875,0.49658837,0.08714627,-0.43430378
peace,0,0,0,0.16054422,0.46841871,-0.11779977,0.52346816,0.65182091,-0.15985845,0.8255928,0.53811318,-0.2127648,1.00985498,0.2090704,-0.25895387,0.93489608,0.59054984,-0.05181128,1.30439175,0.88297459,-0.14200063,1.50875028,1.04175827,-0.20326418,1.69114973,1.14176284,-0.25238677,0.97554197,0.21981325,-0.08661806,1.46901376,0.15005797,-0.2186989,1.74930226,0.12697188,-0.30282547,1.9803117,0.05074307,-0.34950945,0.88546143,-0.11393529,-0.13643538,1.25583191,-0.19414496,-0.37777031,0.98824345,0.04669957,-0.41965322,0.76554068,0.16964166,-0.38392524,0.71552799,-0.38870444,-0.19063229,0.88677579,-0.23698505,-0.43388418,0.68154658,-0.01118275,-0.46936095,0.48949956,0.09702125,-0.44362958
peace,0,0,0,0.17091685,0.46979157,-0.10883986,0.52429556,0.64554864,-0.14886877,0.82450532,0.53786572,-0.20126255,1.00123926,0.21123165,-0.24751354,0.93381458,0.58326302,-0.0503217,1.30707237,0.86985002,-0.1391814,1.50714949,1.0244813,-0.20046421,1.69003832,1.12123102,-0.24974775,0.97652923,0.21538491,-0.08665016,1.46589405,0.14478304,-0.22048727,1.74680025,0.11427767,-0.30828808,1.98048171,0.03705471,-0.35809661,0.88758401,-0.11365244,-0.13573201,1.24796858,-0.19119764,-0.36931093,0.97571049,0.04350313,-0.4081385,0.75138633,0.1655237,-0.37183466,0.71646941,-0.38800138,-0.1886314,0.89046481,-0.24238257,-0.4194501,0.68980339,-0.01952172,-0.44862242,0.5004438,0.09150552,-0.41999871
peace,0,0,0,0.17144159,0.46987607,-0.10661369,0.524602,0.6405856,-0.14487004,0.82365008,0.53280444,-0.19607233,0.99552394,0.2069552,-0.24134747,0.93347806,0.57690856,-0.04701895,1.30686071,0.86226158,-0.13370616,1.50666688,1.01597774,-0.19260217,1.68851331,1.11285981,-0.2400546,0.97717498,0.21243601,-0.08400645,1.46369345,0.14025564,-0.21739063,1.74448644,0.10536792,-0.30424649,1.97739463,0.0257904,-0.352744,0.88888365,-0.11447318,-0.13362852,1.24192159,-0.19325396,-0.36704318,0.96911821,0.04109429,-0.40587358,0.74483583,0.16421906,-0.36886677,0.71808748,-0.38985429,-0.18684288,0.89032664,-0.24928476,-0.41690072,0.69057746,-0.02396484,-0.44597029,0.50279197,0.09118132,-0.41704466
peace,0,0,0,0.1750019,0.46367632,-0.10773152,0.52434033,0.639895,-0.14737586,0.81989124,0.53721477,-0.19933316,0.99732939,0.21718655,-0.24530572,0.93534045,0.57085124,-0.04902943,1.31105963,0.85781338,-0.13613732,1.51334354,1.01017207,-0.19738854,1.69975327,1.10463643,-0.24738196,0.97857118,0.20590884,-0.08699148,1.46806974,0.13735548,-0.21660539,1.74614994,0.10549152,-0.30382776,1.98238431,0.02885144,-0.35474343,0.88925549,-0.12105302,-0.13762352,1.26053436,-0.20340657,-0.36733079,0.98374747,0.03080231,-0.40338082,0.75875389,0.15385316,-0.3666779,0.71118761,-0.39222619,-0.1922471,0.89401857,-0.25748482,-0.42147957,0.69379645,-0.03247104,-0.4487129,0.50506618,0.07914449,-0.41927364
peace,0,0,0,0.19319602,0.45206012,-0.12115197,0.53035665,0.61722329,-0.16393784,0.8393156,0.50942327,-0.21468621,1.01611632,0.19012875,-0.25791756,0.94155861,0.53590047,-0.04632548,1.30705283,0.80102199,-0.12752935,1.5151504,0.94167007,-0.18574487,1.69777842,1.03529425,-0.23130952,0.98670711,0.16250871,-0.07667252,1.47085164,0.07646488,-0.20600146,1.76587009,0.03141803,-0.29077999,1.99653667,-0.03064751,-0.33581029,0.89471478,-0.16853273,-0.12051551,1.26607811,-0.26951225,-0.35191529,1.0036261,-0.03762999,-0.38327259,0.77367433,0.10042609,-0.33850604,0.71082371,-0.44198998,-0.16927224,0.92056518,-0.33117584,-0.40381049,0.71946764,-0.10674426,-0.42411047,0.51625662,0.00519812,-0.38350239
peace,0,0,0,0.20706203,0.45901699,-0.08233073,0.54658878,0.62387039,-0.11670941,0.86026248,0.53451914,-0.16623474,1.00745709,0.20475686,-0.20957515,0.93438117,0.5439312,-0.04436597,1.31139578,0.81436223,-0.11958151,1.5054338,0.96411575,-0.1737303,1.68447706,1.04769496,-0.22240582,0.98281566,0.18458975,-0.08868424,1.46204298,0.11907642,-0.21793732,1.73767049,0.08002653,-0.30475525,1.97300727,0.00747608,-0.35918186,0.89432002,-0.13430087,-0.13921617,1.27913484,-0.22027479,-0.33676067,1.00153515,0.01316576,-0.34329702,0.78587985,0.14530567,-0.29709844,0.70838633,-0.3998256,-0.19369893,0.92648008,-0.27209437,-0.38978559,0.73297967,-0.05272874,-0.39332105,0.54964451,0.05072611,-0.35387219
peace,0,0,0,0.20208333,0.46377427,-0.09035024,0.54628131,0.623043,-0.12717369,0.84559036,0.51795431,-0.17913403,1.00552356,0.20148136,-0.22501565,0.93801958,0.53172413,-0.04001507,1.31171136,0.79252151,-0.11727827,1.50212152,0.93193077,-0.17185113,1.68020808,1.01256535,-0.22067155,0.98392629,0.17857507,-0.08307762,1.45437029,0.09919528,-0.21148785,1.72340775,0.05691133,-0.29853887,1.95800888,-0.02003555,-0.35327596,0.89633294,-0.135569,-0.1358858,1.26773977,-0.24047368,-0.34563944,0.99056334,0.00276859,-0.36851853,0.77086393,0.14309933,-0.33124944,0.71400387,-0.4021645,-0.19232189,0.91900554,-0.29986749,-0.4012936,0.72904398,-0.06992465,-0.41854094,0.54622935,0.05032654,-0.38784857
peace,0,0,0,0.22489217,0.45247176,-0.10057962,0.56447698,0.59002629,-0.1413175,0.87422839,0.4888055,-0.19434022,1.04216366,0.17388254,-0.23913448,0.9390655,0.49656939,-0.04876283,1.31702251,0.76636701,-0.12363327,1.51757387,0.8998086,-0.17215849,1.69921544,0.97857314,-0.21501991,0.9912617,0.13190998,-0.08352962,1.46659989,0.0496318,-0.21833957,1.74848696,-0.00498427,-0.30013519,1.98121025,-0.08085672,-0.3481621,0.90436454,-0.19386756,-0.12762434,1.28643613,-0.28713126,-0.33670738,1.01097283,-0.04691572,-0.3473007,0.78074501,0.09508632,-0.29964445,0.72268835,-0.46519711,-0.17670295,0.94682652,-0.34527571,-0.38366633,0.75289878,-0.11862907,-0.39243166,0.56040454,-0.00956493,-0.35353462
peace,0,0,0,0.26881504,0.47695948,-0.01801615,0.58111685,0.60480494,-0.04642266,0.93037226,0.52757728,-0.10019404,1.07101772,0.19349724,-0.14340031,0.93111949,0.51956219,-0.0369303,1.34584193,0.7809009,-0.0986444,1.53881314,0.91407782,-0.12960952,1.71784038,0.98607409,-0.16749612,0.98626252,0.16518547,-0.10147757,1.48139866,0.09480668,-0.27111841,1.75086324,0.02387131,-0.36697992,1.99317379,-0.059932,-0.42798168,0.90956878,-0.13054258,-0.15513181,1.3257427,-0.24336777,-0.31447236,1.04309006,-0.02369907,-0.2555356,0.83309924,0.11413475,-0.1787057,0.72497603,-0.38677596,-0.21141108,0.99251856,-0.32348385,-0.34731438,0.81139673,-0.10020299,-0.30061239,0.6386362,0.01346224,-0.23569232
peace,0,0,0,0.21341338,0.46741275,-0.0989915,0.55561535,0.61229754,-0.14339889,0.86026423,0.49362205,-0.201464,1.0338623,0.1784973,-0.25226593,0.93964615,0.49695739,-0.06158115,1.31491393,0.75571503,-0.14479277,1.50232386,0.88971436,-0.19882407,1.68284552,0.97137924,-0.24605276,0.99127771,0.1317896,-0.10609046,1.49120662,0.03701734,-0.24933292,1.77606469,-0.01157501,-0.33759723,2.0156612,-0.08723386,-0.39046791,0.90340602,-0.18875156,-0.15874077,1.28331811,-0.28921939,-0.37580814,0.99341422,-0.03182692,-0.38739364,0.76304568,0.12066807,-0.34081629,0.71745697,-0.45469119,-0.21610755,0.93842352,-0.35282761,-0.42603966,0.74060089,-0.11258387,-0.4321114,0.55358539,0.00932338,-0.39316221
peace,0,0,0,0.22190354,0.44902364,-0.10136327,0.55279343,0.57164634,-0.14625338,0.87052362,0.44225729,-0.20097596,1.04934191,0.12039355,-0.24651368,0.93925581,0.49648848,-0.06659754,1.3219702,0.74747476,-0.15381634,1.5126738,0.88741975,-0.21791513,1.69355258,0.96869274,-0.27094968,0.99174409,0.12823283,-0.10097692,1.49851192,0.02207295,-0.23585684,1.78412143,-0.01308958,-0.32558793,2.01301307,-0.08116997,-0.38300599,0.90377055,-0.18383005,-0.1433675,1.27739733,-0.3098562,-0.34132301,1.02181866,-0.04086073,-0.35877761,0.80680322,0.11912768,-0.32307864,0.72207445,-0.44538214,-0.19126021,0.93901737,-0.34995629,-0.37967911,0.76533068,-0.11022631,-0.3868211,0.59122793,0.02338584,-0.35443796
peace,0,0,0,0.26028633,0.46705506,-0.05007846,0.56572798,0.57397391,-0.08885185,0.90643245,0.45447071,-0.14376778,1.07233774,0.12335477,-0.18261566,0.93105536,0.49818667,-0.07663731,1.35629287,0.74734716,-0.15681203,1.55070565,0.8725914,-0.20269811,1.73836251,0.94585905,-0.24843403,0.99176846,0.12804424,-0.12999282,1.52674094,0.02839613,-0.33166544,1.84501839,-0.03129436,-0.45359114,2.10556882,-0.10028658,-0.52813073,0.90774794,-0.1767531,-0.17257749,1.31314557,-0.3090131,-0.36291234,1.05579933,-0.06051742,-0.3296296,0.85152776,0.09889953,-0.26268341,0.71098105,-0.42316687,-0.21860766,0.96771249,-0.34594608,-0.3704848,0.79710343,-0.10612672,-0.33347515,0.63150101,0.01660136,-0.27316838
peace,0,0,0,0.24437344,0.45183859,-0.09779147,0.56816007,0.56135027,-0.1460117,0.89299208,0.40880433,-0.20221034,1.04942799,0.06832956,-0.24995447,0.94175961,0.48479198,-0.09937432,1.3508793,0.7322333,-0.1890151,1.54701632,0.86819018,-0.25284547,1.73805258,0.94667844,-0.30812844,0.99500157,0.09985929,-0.13112515,1.50865421,-0.00958572,-0.28353307,1.7984138,-0.06582285,-0.38814363,2.03836193,-0.14863134,-0.45835816,0.90388498,-0.21181494,-0.16341187,1.28605897,-0.36342244,-0.35741238,1.03779096,-0.09792917,-0.37463223,0.82577345,0.07023638,-0.34332175,0.71420413,-0.46266008,-0.20029594,0.93541785,-0.38394502,-0.37885053,0.76617425,-0.14188525,-0.38316431,0.59438267,-0.00161905,-0.35241632
peace,0,0,0,0.22981128,0.4471948,-0.11086451,0.56156115,0.55866874,-0.15893766,0.88279415,0.39786031,-0.21268219,1.046944,0.06266005,-0.25885202,0.94194358,0.49244461,-0.09733628,1.35326826,0.7468734,-0.18614981,1.55751196,0.88297439,-0.24771996,1.74892651,0.95856012,-0.29875905,0.99447718,0.10495302,-0.12098157,1.50635159,-0.0015475,-0.25681548,1.79392411,-0.06247589,-0.34630618,2.03200231,-0.16083045,-0.40443654,0.90549142,-0.21336718,-0.15021859,1.28970592,-0.38131531,-0.34972773,1.04639144,-0.12227072,-0.38112129,0.83094396,0.04109618,-0.35570613,0.71913087,-0.47311814,-0.183933,0.93364963,-0.39681541,-0.37482945,0.75943871,-0.15677165,-0.39228313,0.57845294,-0.00691436,-0.36772397
peace,0,0,0,0.21775839,0.382604,-0.1320605,0.54699876,0.5088427,-0.19510299,0.83857103,0.34328435,-0.26484935,0.9995306,0.00740401,-0.32327576,0.97555054,0.37770687,-0.09820593,1.36392927,0.6198816,-0.20221295,1.56500028,0.7516298,-0.27102699,1.74434079,0.83509386,-0.32073187,0.99998988,0.00449979,-0.12311282,1.48452797,-0.15344372,-0.26688054,1.76960383,-0.23859607,-0.3557884,1.98587498,-0.34977499,-0.40381535,0.88916083,-0.30729206,-0.16037867,1.22297451,-0.43145638,-0.38800258,0.97467134,-0.16915523,-0.42111167,0.75379618,-0.0143138,-0.38081504,0.69529003,-0.53191965,-0.2041785,0.86179793,-0.43412409,-0.4161382,0.68885648,-0.18707662,-0.43511613,0.51481514,-0.03657199,-0.39955223
peace,0,0,0,0.20771003,0.41510544,-0.12135075,0.55639021,0.52083825,-0.16752194,0.82833796,0.31353707,-0.22243998,0.97643465,-0.02596249,-0.269012,0.98210918,0.38868462,-0.06925112,1.36420932,0.61491339,-0.1681267,1.57647193,0.74306322,-0.23444807,1.75860747,0.83107799,-0.28266554,0.99995643,0.00933488,-0.10126598,1.48829203,-0.17361858,-0.23543944,1.7754771,-0.26633161,-0.32047902,1.99820356,-0.38083395,-0.36559013,0.88028028,-0.30826179,-0.14725317,1.21892661,-0.46137413,-0.38551244,0.98510641,-0.20972051,-0.429402,0.7744329,-0.0589375,-0.39422795,0.68227606,-0.53660512,-0.19759274,0.84387148,-0.44332945,-0.43093391,0.66366579,-0.19340332,-0.46117442,0.48932837,-0.04461488,-0.43112225
peace,0,0,0,0.20469207,0.40335199,-0.12476945,0.56028726,0.5009721,-0.17377262,0.81298904,0.29776715,-0.23243946,0.96372897,-0.03909612,-0.28228094,0.99109223,0.36606124,-0.06010262,1.3697274,0.58268019,-0.15992753,1.58513743,0.70421406,-0.22798696,1.7711551,0.7829274,-0.27943573,0.99985296,-0.01714831,-0.095407,1.47573881,-0.21329278,-0.23068526,1.75268906,-0.30473102,-0.31771353,1.97439605,-0.42075856,-0.3656351,0.87562348,-0.33106949,-0.14732346,1.21174567,-0.49382502,-0.38960936,0.97811394,-0.22632773,-0.43817204,0.77266337,-0.06631329,-0.40771912,0.67419472,-0.54640079,-0.20469293,0.81880183,-0.44824061,-0.44774251,0.63288059,-0.19617474,-0.48842635,0.46079983,-0.05048448,-0.46670212
peace,0,0,0,0.22728626,0.37980988,-0.11928413,0.57043626,0.46602085,-0.16691481,0.83110437,0.26452062,-0.22483579,0.96139642,-0.07846436,-0.27581854,0.99568148,0.31420276,-0.07270155,1.38279245,0.50123093,-0.17815224,1.59546516,0.61156607,-0.24830994,1.78456255,0.68381083,-0.29634771,0.99836507,-0.05715935,-0.10717535,1.46517338,-0.26486277,-0.2492664,1.74638445,-0.39126807,-0.34040497,1.96980075,-0.52374114,-0.38572129,0.86826396,-0.35485178,-0.15488768,1.15486943,-0.52341477,-0.39310464,0.91930762,-0.24834957,-0.43617463,0.71396243,-0.07287325,-0.39551354,0.66027402,-0.57007717,-0.20717859,0.82062881,-0.52304175,-0.42764555,0.65359503,-0.26388378,-0.44686125,0.49043143,-0.09472442,-0.40699405
peace,0,0,0,0.234263,0.37934419,-0.10377188,0.58212648,0.44130954,-0.14385911,0.83096327,0.24741939,-0.19868448,0.94276233,-0.09770217,-0.2478953,0.9978016,0.31049372,-0.05389651,1.38865037,0.4970637,-0.15217871,1.60398012,0.6055165,-0.21875498,1.79378364,0.67416969,-0.26743316,0.99830141,-0.05826054,-0.09668029,1.46117608,-0.27502188,-0.23609533,1.74124547,-0.40473825,-0.33076489,1.96721973,-0.5428836,-0.38162561,0.86550249,-0.3502529,-0.15161269,1.15082355,-0.53435264,-0.3860108,0.91722674,-0.26258512,-0.4339052,0.71744757,-0.08953448,-0.39938611,0.65561887,-0.55452832,-0.2098479,0.81638666,-0.50856333,-0.42557839,0.65027758,-0.25103721,-0.44726134,0.48817443,-0.08517671,-0.41286855
peace,0,0,0,0.23317423,0.37796109,-0.10663875,0.56950084,0.43697734,-0.15018275,0.82275244,0.23331,-0.20769546,0.93293484,-0.11976187,-0.2598647,0.99435845,0.29955217,-0.06441767,1.38930121,0.46754564,-0.16717242,1.60310646,0.57300916,-0.23726499,1.79576049,0.63414536,-0.28866245,0.99747022,-0.07108564,-0.105107,1.46099572,-0.2994419,-0.25192251,1.73684177,-0.44089093,-0.35128328,1.96424716,-0.59259112,-0.4050036,0.8649271,-0.35892125,-0.15627888,1.14651314,-0.56238102,-0.39150297,0.90526431,-0.28692712,-0.43364005,0.70523634,-0.10907409,-0.39529179,0.65029982,-0.5630288,-0.21096954,0.81608626,-0.53517099,-0.42420336,0.64688988,-0.27776457,-0.43785809,0.48302329,-0.10616049,-0.39739817
peace,0,0,0,0.21359991,0.37732068,-0.13901225,0.54315909,0.45884424,-0.19800497,0.79715689,0.25902096,-0.26431094,0.93511092,-0.09077073,-0.32168656,0.99356852,0.28134541,-0.09315701,1.38555487,0.46308563,-0.20520719,1.59944437,0.56503662,-0.27810108,1.79448932,0.61685804,-0.33055911,0.99487974,-0.10106583,-0.12140763,1.46483373,-0.33603208,-0.27619061,1.74238265,-0.48447136,-0.37227656,1.96091966,-0.64358917,-0.42157018,0.85790961,-0.40072896,-0.16425728,1.16401109,-0.58600269,-0.41427744,0.92083761,-0.30207169,-0.45895122,0.71055743,-0.11673397,-0.41932055,0.64216847,-0.60969905,-0.21344102,0.78506468,-0.550792,-0.44921706,0.61777054,-0.28661456,-0.48068287,0.45613256,-0.10806473,-0.44904095
peace,0,0,0,0.20818864,0.37922843,-0.13172625,0.5578796,0.45687575,-0.18037348,0.80499523,0.2340201,-0.23690804,0.94836555,-0.10708767,-0.28521714,0.99837114,0.28812998,-0.07735085,1.38266865,0.45153833,-0.18916767,1.59824643,0.55100612,-0.26436253,1.79210129,0.60441074,-0.31885951,0.99556939,-0.09402969,-0.10880526,1.46287295,-0.31877044,-0.25845664,1.73909797,-0.45576723,-0.35771814,1.9630917,-0.61118468,-0.41084912,0.8623592,-0.39443947,-0.15549532,1.16824593,-0.60181668,-0.40938532,0.93915612,-0.33147696,-0.46627138,0.73888412,-0.15252724,-0.43633166,0.65441486,-0.59419304,-0.20743995,0.78261532,-0.54126464,-0.45590116,0.6077655,-0.27907721,-0.49854323,0.44547879,-0.10443368,-0.47430193
peace,0,0,0,0.21791401,0.38900263,-0.11686642,0.57476072,0.50197334,-0.1685271,0.82925812,0.32453212,-0.23287157,0.95924258,-0.01600455,-0.28830525,1.00166166,0.30056953,-0.05897199,1.37679008,0.48178213,-0.1643327,1.58733821,0.58592318,-0.23765289,1.76959318,0.65548332,-0.29142879,0.99713097,-0.07569559,-0.10341286,1.47649239,-0.28985874,-0.24835108,1.75943387,-0.39768324,-0.34254856,1.98413419,-0.52667354,-0.39378769,0.86042108,-0.37612583,-0.16243168,1.20396867,-0.52002767,-0.41153761,0.97269614,-0.23481454,-0.45159753,0.76959625,-0.06345214,-0.41194276,0.6489269,-0.576797,-0.2262274,0.83270418,-0.45914401,-0.463357,0.65765374,-0.19301175,-0.48752725,0.48636258,-0.0423567,-0.45344421
peace,0,0,0,0.2071712,0.39095371,-0.12004305,0.55972134,0.55077502,-0.18193821,0.82566369,0.4629139,-0.25914385,0.98258659,0.16275164,-0.32631258,1.00773123,0.30806973,-0.05776868,1.37222705,0.50009216,-0.17369601,1.58043565,0.61287474,-0.25263158,1.76153372,0.68675191,-0.30770957,0.99820345,-0.05991556,-0.11182145,1.49368071,-0.26158869,-0.27253437,1.78129354,-0.33358285,-0.36926512,2.00485489,-0.4321775,-0.41799048,0.8614938,-0.35834864,-0.1830484,1.21711683,-0.4092512,-0.45445525,0.97276689,-0.07728258,-0.4920226,0.76301875,0.10890159,-0.44357493,0.65150455,-0.55187303,-0.25908456,0.85798736,-0.34937847,-0.50384886,0.65829899,-0.07954897,-0.51993127,0.46639799,0.04750249,-0.4777625
peace,0,0,0,0.2083985,0.40047023,-0.11495582,0.56425981,0.57077073,-0.17380975,0.83652761,0.47902627,-0.24751039,0.97613799,0.16249373,-0.31176973,1.00064904,0.3243353,-0.06719602,1.38004058,0.52690288,-0.18231931,1.59097145,0.64486263,-0.25824556,1.77441452,0.72231823,-0.31032632,0.99883361,-0.04828471,-0.12000314,1.50487031,-0.2339622,-0.27952182,1.80170708,-0.31005921,-0.37498267,2.02948828,-0.41248593,-0.4218834,0.86749243,-0.35379518,-0.18741996,1.22828906,-0.40485669,-0.45496791,0.9852451,-0.08564267,-0.49246855,0.77054895,0.09764058,-0.44362194,0.66329168,-0.55675867,-0.25883732,0.85913884,-0.35472647,-0.50231169,0.66497291,-0.08347423,-0.51996742,0.47352828,0.05143009,-0.47754879
peace,0,0,0,0.2058672,0.3978398,-0.12217801,0.56459531,0.55398147,-0.18052571,0.82639609,0.43618726,-0.25109489,0.96739,0.11128807,-0.31276839,0.99782073,0.34549964,-0.07607604,1.37980993,0.5579273,-0.18724582,1.59157362,0.67467681,-0.26296191,1.77814329,0.74971102,-0.31805464,0.99937364,-0.03538814,-0.12350107,1.50427268,-0.22198573,-0.2762705,1.79523211,-0.2951258,-0.37257288,2.02551571,-0.40083683,-0.42439333,0.86942004,-0.3470456,-0.18534718,1.24499937,-0.42334619,-0.44548854,0.99767595,-0.12122121,-0.4843927,0.78284459,0.04397129,-0.44164299,0.66449668,-0.5517365,-0.25192969,0.86810699,-0.37194002,-0.4968935,0.67345123,-0.11663012,-0.51929511,0.48564899,0.00316748,-0.48283097
peace,0,0,0,0.20368502,0.38868138,-0.13450101,0.54098291,0.49122426,-0.18889637,0.80476758,0.2924352,-0.25179588,0.95435894,-0.06573498,-0.30771896,0.96995354,0.41656146,-0.07559351,1.35597255,0.64704986,-0.18700347,1.56983067,0.77270775,-0.26402335,1.77079504,0.8550353,-0.32057354,0.99938717,0.03500415,-0.1060806,1.47665759,-0.11760609,-0.25756059,1.75541314,-0.21704475,-0.35502436,1.9928564,-0.33001843,-0.40642006,0.88725111,-0.28695997,-0.15125243,1.22119986,-0.43992122,-0.39997814,0.94741772,-0.20923235,-0.43428953,0.72714377,-0.06587448,-0.38785059,0.68659222,-0.52766271,-0.20260929,0.85122759,-0.4888176,-0.43698315,0.65497272,-0.26613,-0.45431876,0.47956374,-0.12538893,-0.41205363
peace,0,0,0,0.20476281,0.374239,-0.14451062,0.54065828,0.4758483,-0.20237578,0.81056027,0.26253694,-0.26719875,0.9676046,-0.09494151,-0.32474016,0.96974608,0.42841949,-0.08068269,1.35510639,0.64215135,-0.19789526,1.57255639,0.76428617,-0.27746571,1.77205978,0.85009654,-0.33272133,0.99871944,0.05059126,-0.10538106,1.46498142,-0.10250875,-0.26003004,1.74614708,-0.20952249,-0.35929269,1.98303448,-0.32205393,-0.40899862,0.88925078,-0.26552989,-0.14635168,1.18315335,-0.43368901,-0.39814796,0.90961261,-0.21512702,-0.43793288,0.69438499,-0.07109343,-0.39140486,0.69339942,-0.50313676,-0.19420068,0.85100208,-0.49490435,-0.42395527,0.6586452,-0.28406637,-0.43967252,0.48802885,-0.14035757,-0.39506403
peace,0,0,0,0.23504789,0.38273455,-0.12788886,0.52897023,0.48272781,-0.19153953,0.80366004,0.25945441,-0.2634118,0.94159558,-0.11776652,-0.32844893,0.9658077,0.45616798,-0.10173197,1.3700148,0.67714837,-0.21706987,1.58916496,0.79398434,-0.29435787,1.79481691,0.87206306,-0.34789661,0.99770636,0.06769066,-0.12890462,1.46643592,-0.07579054,-0.29409414,1.75353832,-0.20170752,-0.4039384,1.99579357,-0.31615437,-0.46308912,0.88552198,-0.24613649,-0.16382204,1.16700096,-0.40184944,-0.39754373,0.88961947,-0.20124397,-0.4257314,0.66793089,-0.05545831,-0.37663159,0.68440667,-0.49244438,-0.20395535,0.86607045,-0.51695664,-0.40236558,0.68361631,-0.31324886,-0.3963563,0.51660348,-0.15691632,-0.34083366
peace,0,0,0,0.23681615,0.37968475,-0.12658604,0.51879081,0.46455938,-0.19619917,0.78820105,0.22337685,-0.2755561,0.93609458,-0.17104323,-0.34759934,0.96409576,0.48323655,-0.10632099,1.37867895,0.69680839,-0.23787406,1.60497811,0.82175212,-0.3263342,1.82477229,0.90481262,-0.38793588,0.9966438,0.08186041,-0.13758005,1.46908723,-0.05386004,-0.33515,1.75912486,-0.19583578,-0.46747942,2.01158786,-0.31782185,-0.54062331,0.88437045,-0.23450281,-0.17497674,1.15434669,-0.42237669,-0.42839584,0.8552722,-0.24717766,-0.46069757,0.63029643,-0.0912121,-0.41164371,0.68113306,-0.48436922,-0.21704569,0.84984954,-0.55777467,-0.42229903,0.6553387,-0.37085778,-0.41655536,0.49256744,-0.20006598,-0.36166028
peace,0,0,0,0.22698284,0.36238152,-0.13671116,0.51571466,0.45311289,-0.20806012,0.79086221,0.20858866,-0.28645484,0.93944383,-0.17819567,-0.35809518,0.96182041,0.48664628,-0.11142392,1.37548193,0.69679007,-0.23767128,1.60119773,0.82797215,-0.32358228,1.81679369,0.91219713,-0.38431926,0.99618363,0.08728215,-0.13785196,1.46502019,-0.05928675,-0.31598214,1.74626412,-0.1923074,-0.43604268,1.99551824,-0.31471102,-0.50280716,0.88329331,-0.23008447,-0.17269201,1.15125223,-0.41622447,-0.41349054,0.85564009,-0.23204331,-0.44399427,0.63422222,-0.08372613,-0.39736489,0.67794958,-0.48156398,-0.21390409,0.84162031,-0.55235755,-0.4179187,0.65204653,-0.36979305,-0.41596616,0.48951879,-0.20451725,-0.36466511
peace,0,0,0,0.23470608,0.36243545,-0.14310644,0.52736338,0.44281529,-0.21815145,0.7976741,0.20103172,-0.29832533,0.95826043,-0.16933621,-0.37069245,0.96387032,0.47641981,-0.12275724,1.36401957,0.70922734,-0.25290728,1.59586263,0.84813791,-0.3392346,1.8119513,0.94160013,-0.3982868,0.99608744,0.08837314,-0.14958635,1.46667911,-0.05706196,-0.33093773,1.75357006,-0.18102554,-0.4507394,2.00561989,-0.29537316,-0.51515674,0.88113107,-0.23136722,-0.18567413,1.12701798,-0.40261442,-0.43620147,0.84841528,-0.21301034,-0.47268254,0.64365849,-0.07004481,-0.42746693,0.68116275,-0.48267969,-0.22822896,0.84010473,-0.53201871,-0.43912506,0.65177957,-0.33780636,-0.43967877,0.4977524,-0.17864975,-0.38903337
peace,0,0,0,0.23705754,0.3741151,-0.11954944,0.52332355,0.46083699,-0.18557778,0.80378064,0.24515028,-0.26143731,0.9553049,-0.1356675,-0.32983882,0.95685501,0.48963537,-0.10681072,1.36781742,0.72331976,-0.22741647,1.59279315,0.85649118,-0.30830011,1.80877418,0.93810358,-0.36795549,0.99502133,0.09966219,-0.13973887,1.46506403,-0.03103888,-0.33072571,1.75798687,-0.15721877,-0.45938968,2.01375707,-0.27445958,-0.53209326,0.88658225,-0.21664565,-0.17679572,1.16029848,-0.40034889,-0.41710737,0.87114181,-0.21632264,-0.44327104,0.65838868,-0.06792795,-0.39575723,0.68712847,-0.46538771,-0.2190351,0.85040643,-0.51364434,-0.41930973,0.66029507,-0.32762679,-0.4152671,0.50300566,-0.17125786,-0.36432056
peace,0,0,0,0.19581436,0.40108963,-0.14868543,0.50960638,0.52947837,-0.21712188,0.77875193,0.28697887,-0.29094114,0.94602339,-0.06181762,-0.35623471,0.96190535,0.50053299,-0.10356886,1.3546407,0.75198381,-0.22518752,1.59296637,0.88532805,-0.30680014,1.80208283,0.98328712,-0.362835,0.99319876,0.11643119,-0.12887309,1.46963259,-0.0396424,-0.28808904,1.76369019,-0.15312821,-0.39257894,2.01234228,-0.26184427,-0.44568131,0.88557646,-0.21266745,-0.16805459,1.14764376,-0.34483283,-0.41931493,0.87359296,-0.1558761,-0.45681099,0.66443755,-0.04034885,-0.40960986,0.69779298,-0.46654253,-0.21488598,0.82552878,-0.46095637,-0.44263124,0.63453711,-0.2617465,-0.45648712,0.47502424,-0.1216982,-0.41029256
peace,0,0,0,0.19847821,0.4017621,-0.12513668,0.51522946,0.52680685,-0.17877776,0.7796449,0.32710945,-0.24120455,0.92996384,-0.02316601,-0.29654585,0.96015249,0.47135092,-0.07804928,1.34334974,0.71561098,-0.18232117,1.56336106,0.84933688,-0.25500483,1.7642863,0.92738134,-0.30931863,0.99560547,0.09364695,-0.10855614,1.46103315,-0.0375216,-0.25353886,1.74894795,-0.13012775,-0.35514407,1.99963875,-0.24747822,-0.41189788,0.89083401,-0.22170932,-0.15080331,1.1834538,-0.39307755,-0.38437618,0.92446511,-0.18579777,-0.43156723,0.71733622,-0.05592273,-0.39888771,0.69517045,-0.4609254,-0.19860702,0.82360423,-0.43322259,-0.41866851,0.63895655,-0.21972889,-0.44601765,0.47216027,-0.07380104,-0.41515118
peace,0,0,0,0.17500545,0.42356843,-0.13801524,0.51447895,0.55876924,-0.19315042,0.76221676,0.34747511,-0.25569535,0.92662948,0.00769674,-0.30960608,0.96551701,0.45961992,-0.07535893,1.34420612,0.70879935,-0.18459456,1.56227094,0.84069001,-0.26123708,1.7635051,0.92603415,-0.32158227,0.99740651,0.07197393,-0.10957344,1.49007979,-0.06702873,-0.25990263,1.77775629,-0.13944308,-0.36311232,2.02704696,-0.24341873,-0.42216944,0.89221014,-0.24818826,-0.15987479,1.23128897,-0.41760657,-0.42118451,0.96640394,-0.18936775,-0.47950518,0.75257836,-0.04824743,-0.45231063,0.69749224,-0.47246334,-0.21627127,0.81197871,-0.40886898,-0.47848496,0.60356354,-0.183495,-0.52886983,0.42832037,-0.04605321,-0.51158411
thumbs_up,0,0,0,0.28249972,0.15030248,0.04768288,0.51796726,0.42925131,0.03662462,0.6979692,0.66280797,0.01478631,0.85980706,0.73354245,0.00088011,0.54929072,0.84146932,-0.03504288,0.34386693,1.22689201,-0.05540742,0.26086206,1.10427651,-0.05586601,0.27140927,0.93128056,-0.06206545,0.40967212,0.91223284,-0.09336812,0.19316346,1.2674318,-0.06658354,0.12381194,1.12556596,-0.03304561,0.14849768,0.96596568,-0.03428361,0.22664459,0.92244203,-0.14483791,0.03416882,1.22766388,-0.11724055,-0.01275099,1.0688844,-0.06422044,0.0255851,0.90691576,-0.05711539,0.03236265,0.8927744,-0.19434162,-0.10940595,1.08644406,-0.17272163,-0.13588718,0.92942942,-0.12924476,-0.09152118,0.79371872,-0.11073241
thumbs_up,0,0,0,0.28251659,0.15191488,0.04441469,0.51901066,0.43399581,0.03313215,0.69869459,0.66820859,0.0113105,0.86031106,0.7332202,-0.00184341,0.55186959,0.83909867,-0.02990311,0.34396361,1.22943223,-0.05479528,0.26160298,1.10404768,-0.05989893,0.27328891,0.93243066,-0.06795491,0.41068199,0.91177865,-0.08685271,0.19319439,1.2702616,-0.06513581,0.12646809,1.12737556,-0.03444557,0.15080897,0.9675007,-0.03456342,0.22692648,0.92515711,-0.13829009,0.03034553,1.22412858,-0.11545377,-0.01485766,1.06671618,-0.06609812,0.02192161,0.91015293,-0.05821753,0.03053152,0.90042363,-0.18799803,-0.11876241,1.08774188,-0.16836317,-0.14243896,0.92598864,-0.12722193,-0.09671263,0.79093653,-0.10859734
thumbs_up,0,0,0,0.28808993,0.14783139,0.04928996,0.52352529,0.42887651,0.03844279,0.70323917,0.66162108,0.01628544,0.86459343,0.72805399,0.00226422,0.5579947,0.8335923,-0.03154585,0.3504863,1.22451546,-0.05336698,0.26637283,1.10095477,-0.05528374,0.27815985,0.93013314,-0.06223055,0.41762849,0.90861788,-0.09121762,0.20014797,1.26662841,-0.06582851,0.13276345,1.12491032,-0.03183124,0.15727445,0.9661535,-0.03183759,0.23416346,0.92324654,-0.14462238,0.03835292,1.22490189,-0.11722857,-0.00809553,1.06589055,-0.06312574,0.02775169,0.90829648,-0.05471491,0.03821631,0.89851041,-0.19619101,-0.10837462,1.09108694,-0.17295304,-0.13157736,0.9274807,-0.12849296,-0.0856039,0.78989776,-0.10939759
thumbs_up,0,0,0,0.28695175,0.15185808,0.04718997,0.5220462,0.4334696,0.03646837,0.70075705,0.66510589,0.01473459,0.86216677,0.72925607,0.00098604,0.55652092,0.8346235,-0.03233781,0.35029563,1.22728089,-0.05580312,0.26588821,1.10546364,-0.05875286,0.27577951,0.93389553,-0.0657717,0.4131674,0.91065509,-0.09088566,0.1993171,1.26973536,-0.06715217,0.13124022,1.1277305,-0.03412632,0.1548561,0.96841314,-0.0341488,0.22775081,0.9264936,-0.14338735,0.0366055,1.23097353,-0.11891549,-0.01057422,1.07126846,-0.06569032,0.02414784,0.91252757,-0.05664873,0.03064369,0.90235384,-0.19394704,-0.11176602,1.09719226,-0.17261358,-0.135725,0.93293124,-0.12813242,-0.09089776,0.79447217,-0.10826158
thumbs_up,0,0,0,0.2875354,0.14424881,0.05003585,0.52389353,0.42438021,0.0380802,0.70909598,0.66003102,0.01368729,0.87323526,0.73091285,-0.00251811,0.56804352,0.82158705,-0.02753755,0.36933455,1.22719471,-0.05282932,0.2794338,1.10374908,-0.05748497,0.28636098,0.92866837,-0.06540473,0.42774377,0.90390003,-0.08862053,0.21650537,1.26907055,-0.06534314,0.14449272,1.1281154,-0.03415307,0.16727542,0.96989739,-0.03569484,0.24309987,0.92541252,-0.14385095,0.05155652,1.2350736,-0.11868192,0.00225743,1.0742824,-0.06625536,0.03754691,0.91610476,-0.05867046,0.04460579,0.90873004,-0.19712435,-0.10294902,1.09956082,-0.1749178,-0.12778948,0.93317209,-0.13132023,-0.08140363,0.79729169,-0.11271118
thumbs_up,0,0,0,0.28728001,0.16550453,0.05036012,0.52733399,0.45807038,0.03794294,0.71065139,0.69302493,0.0131871,0.87261339,0.76232098,-0.0025668,0.56159861,0.8417108,-0.03293241,0.35842056,1.26581478,-0.06603014,0.27475447,1.14360333,-0.07417023,0.28689661,0.96500588,-0.08305523,0.4172169,0.90880694,-0.09644882,0.20299068,1.31142114,-0.08174679,0.13639385,1.1660524,-0.04964137,0.1676805,0.99972749,-0.04934851,0.23056582,0.92221834,-0.15471025,0.03546302,1.27063563,-0.13744873,-0.01122258,1.10557397,-0.08296136,0.03015145,0.94323463,-0.0722913,0.03061884,0.8996847,-0.21058969,-0.11590871,1.13022335,-0.1931064,-0.13967732,0.96277331,-0.14784005,-0.09120228,0.82132135,-0.12761118
thumbs_up,0,0,0,0.27792362,0.17723164,0.02670812,0.53685079,0.50442958,0.00161804,0.7284708,0.76822623,-0.03056206,0.89917533,0.85370769,-0.05106656,0.59911196,0.85317718,-0.07574834,0.36277989,1.34185262,-0.13550683,0.28428382,1.19790329,-0.15692275,0.30703178,0.99548952,-0.17220206,0.44904755,0.89350786,-0.13553703,0.20280264,1.3901937,-0.14971838,0.1348086,1.22502797,-0.12233668,0.17578707,1.03840571,-0.1205948,0.25385041,0.88537644,-0.19226936,0.03138422,1.35090437,-0.20695307,-0.02088063,1.17132204,-0.15536521,0.02734445,0.99112373,-0.13876595,0.04225799,0.84622045,-0.24656577,-0.12938171,1.17372437,-0.25396842,-0.16480117,1.00581324,-0.21369586,-0.11989561,0.85149368,-0.19278207
thumbs_up,0,0,0,0.27753161,0.17643091,0.03036644,0.53455464,0.50628021,0.00718285,0.72255168,0.77105991,-0.02377629,0.89546129,0.85347923,-0.04285073,0.60411922,0.85220238,-0.07114402,0.3695725,1.33881765,-0.1294696,0.29749016,1.18815393,-0.14899692,0.32554521,0.98334175,-0.16374504,0.45047662,0.89278822,-0.13433469,0.20973431,1.38877728,-0.14965359,0.14452871,1.21404399,-0.12332729,0.18710645,1.02337778,-0.12255822,0.25261623,0.88285732,-0.19418477,0.03638024,1.36159107,-0.21204965,-0.01576024,1.17454242,-0.16042127,0.03469814,0.99110461,-0.14348902,0.03875131,0.8412417,-0.25105346,-0.13115987,1.19238981,-0.26063451,-0.16637839,1.01908748,-0.2195632,-0.11686396,0.85571913,-0.1982115
thumbs_up,0,0,0,0.27893194,0.18523288,0.02866862,0.53686055,0.52663429,0.00384883,0.72819189,0.79841567,-0.02832117,0.90471402,0.86997137,-0.04854505,0.60689277,0.85868856,-0.08355771,0.37968509,1.36482613,-0.14421562,0.30534546,1.21493345,-0.16244774,0.33003242,1.01225327,-0.17586232,0.4478117,0.89412789,-0.14602645,0.21148723,1.40991369,-0.16301422,0.14196106,1.23999305,-0.13353255,0.17986367,1.05530898,-0.1310582,0.24339292,0.87998207,-0.20450032,0.03277632,1.39048432,-0.22618547,-0.02194568,1.20747656,-0.17190862,0.02403732,1.02548014,-0.15238336,0.02310241,0.83503996,-0.25942595,-0.144104,1.22962959,-0.27314254,-0.18277976,1.07269524,-0.23158914,-0.13907636,0.91360141,-0.20899206
thumbs_up,0,0,0,0.29160986,0.18415863,0.01884,0.5593114,0.53723914,-0.01442845,0.7552044,0.82640525,-0.05313644,0.93675976,0.9090481,-0.07832674,0.63644832,0.85542608,-0.10864816,0.40616089,1.39418968,-0.17859534,0.32141793,1.26090277,-0.19858456,0.3418257,1.05941058,-0.21000913,0.46486161,0.88538336,-0.16802791,0.2352196,1.44344898,-0.19238778,0.15583105,1.27318094,-0.15660395,0.18606,1.08034082,-0.14758766,0.24920356,0.87032876,-0.22330505,0.05447593,1.41143939,-0.24759274,-0.00379615,1.22329561,-0.18165148,0.03376034,1.02873906,-0.15150774,0.01771095,0.83211329,-0.27588596,-0.11173015,1.26838342,-0.28583892,-0.14627069,1.12567613,-0.23317584,-0.10910994,0.97284451,-0.20135662
thumbs_up,0,0,0,0.29254922,0.21173304,0.00383059,0.5725365,0.62539456,-0.03836957,0.78146282,0.93212709,-0.08158911,0.98315982,1.01830783,-0.10965864,0.66790955,0.87718715,-0.15087432,0.42863091,1.49560123,-0.24413004,0.33417984,1.33453857,-0.27053923,0.35916132,1.12021076,-0.28440917,0.50330066,0.86411136,-0.20763745,0.23937001,1.50227987,-0.2528335,0.1675772,1.29568367,-0.21507216,0.22035845,1.09103775,-0.20499422,0.29362174,0.82024457,-0.261498,0.05805902,1.42456883,-0.30042463,0.01079301,1.19882703,-0.23292754,0.07317559,0.99965138,-0.2034458,0.06958539,0.77048656,-0.31368714,-0.09898176,1.22301115,-0.33011574,-0.12168586,1.01794384,-0.27873029,-0.05433431,0.82292678,-0.2505312
thumbs_up,0,0,0,0.28991952,0.20745595,0.00729838,0.5606096,0.6218142,-0.03144069,0.76144181,0.93724611,-0.07345179,0.95881159,1.04195301,-0.10038596,0.65633439,0.88504055,-0.13938178,0.41171094,1.50845794,-0.23016592,0.32262782,1.34003677,-0.25606158,0.35067925,1.12962722,-0.26920291,0.49295373,0.87005553,-0.19724754,0.22768147,1.51321663,-0.23972766,0.16346968,1.30500893,-0.2022463,0.21901031,1.10580673,-0.19256979,0.28444736,0.82428637,-0.25280174,0.05024873,1.42967227,-0.2894218,0.00826569,1.20822237,-0.2230405,0.07170831,1.01381805,-0.19398641,0.0653596,0.77180756,-0.30681011,-0.10188797,1.25368726,-0.31848997,-0.12409945,1.05835698,-0.2647324,-0.06099977,0.86179573,-0.23503613
thumbs_up,0,0,0,0.28856559,0.20674795,0.02888219,0.55878196,0.56344357,0.00721143,0.75198632,0.85016303,-0.02052669,0.93254636,0.93662908,-0.03571593,0.62047236,0.86452657,-0.09072257,0.40562393,1.39516171,-0.15337948,0.32774683,1.25953708,-0.16840327,0.32888286,1.06222021,-0.17672374,0.45696122,0.88948662,-0.14909168,0.24637367,1.43818753,-0.17376892,0.1740741,1.27805047,-0.14440573,0.19097457,1.09393738,-0.13719913,0.24843289,0.87661693,-0.20227696,0.06820371,1.41847945,-0.2292474,0.01137374,1.26470617,-0.17566515,0.03700329,1.10036805,-0.15174182,0.02838475,0.84181871,-0.25062613,-0.11166154,1.25008849,-0.2658589,-0.15755463,1.13945082,-0.22351721,-0.13501005,1.02371979,-0.19748962
thumbs_up,0,0,0,0.28370312,0.19518554,0.0300395,0.54834251,0.5480067,0.01138594,0.74041344,0.83310014,-0.01472657,0.91963372,0.90473489,-0.02915389,0.60284261,0.86226807,-0.07192465,0.38976506,1.37858256,-0.13232101,0.31586708,1.23974536,-0.15324577,0.33023943,1.03159755,-0.16540919,0.43870834,0.89862951,-0.12820624,0.22569532,1.4200156,-0.1412303,0.15672885,1.25822271,-0.11232944,0.1873897,1.06916251,-0.10882039,0.23161714,0.896239,-0.18075182,0.04536704,1.40336202,-0.19926006,-0.01002407,1.24265321,-0.14768966,0.02127579,1.06345928,-0.12783168,0.01629351,0.86585312,-0.22918038,-0.13440885,1.25467009,-0.23888003,-0.1886806,1.14340182,-0.1975462,-0.17342555,1.02385092,-0.17357568
thumbs_up,0,0,0,0.29218768,0.13074188,0.08835093,0.51857439,0.39660985,0.10921183,0.68833125,0.61645372,0.1120006,0.83726144,0.66337144,0.11767121,0.52992966,0.81136043,0.037725,0.35889632,1.08901515,0.05204101,0.27953967,0.95785387,0.06588807,0.27540321,0.79869125,0.06734966,0.39521723,0.91858769,-0.02370786,0.20319189,1.15869573,0.03650705,0.14611913,1.00706558,0.07214368,0.15918698,0.84827455,0.07170116,0.22071508,0.95384355,-0.07479146,0.03995263,1.12711205,-0.01086946,0.00315942,0.97550435,0.03235291,0.03392312,0.82488378,0.02797504,0.04273604,0.94080381,-0.12177146,-0.09893564,0.99179885,-0.07114099,-0.1182943,0.83746942,-0.03240449,-0.07381192,0.71770861,-0.02001816
thumbs_up,0,0,0,0.28598368,0.09670575,0.07582093,0.50588115,0.33498536,0.09416844,0.67762648,0.53309042,0.09763356,0.82532054,0.57885082,0.10417806,0.51095399,0.79130714,0.03955511,0.36507584,0.97663305,0.06452074,0.29239943,0.85793025,0.08347812,0.28701428,0.71520557,0.08614822,0.37234847,0.928093,-0.01247278,0.22448528,1.05946163,0.05122631,0.16852334,0.91627652,0.08202248,0.16939819,0.76737592,0.07925041,0.19774286,0.97935317,-0.05420049,0.06096136,1.04243689,0.00637569,0.02018686,0.89961216,0.04041896,0.03640796,0.75950948,0.03146564,0.01940781,0.97222876,-0.09234678,-0.10203822,0.94058131,-0.05619482,-0.12489506,0.79369226,-0.03046802,-0.09070402,0.68034875,-0.02391987
thumbs_up,0,0,0,0.28618223,0.08259606,0.05868378,0.50765579,0.30953792,0.0728969,0.67827115,0.50816471,0.07463405,0.82906837,0.55763394,0.07894351,0.5079342,0.78214473,0.03692252,0.35158947,0.89780062,0.05791107,0.28575207,0.77872164,0.06686625,0.28623969,0.64748821,0.06234304,0.37271674,0.92794516,-0.00485721,0.22327037,0.98634258,0.06100728,0.17088192,0.84494226,0.08358725,0.16909056,0.70871308,0.07303914,0.19808816,0.98476672,-0.03813101,0.07573867,0.99410648,0.01505122,0.03252255,0.85344475,0.04111374,0.03882131,0.71896147,0.03023825,0.01464026,0.97622379,-0.0686942,-0.08912588,0.93512411,-0.03588976,-0.11388842,0.7957356,-0.00938264,-0.09159988,0.68391417,0.00010867
thumbs_up,0,0,0,0.28322675,0.06342731,0.04332586,0.49711893,0.30132365,0.054622,0.6620593,0.51075168,0.05805093,0.81437647,0.56834586,0.06539873,0.48680995,0.80102623,0.01216151,0.34962247,0.82846195,0.0319542,0.29042171,0.69359177,0.04600623,0.28269328,0.56451399,0.04453241,0.34412203,0.93892493,-0.02145855,0.20522107,0.87238847,0.03478711,0.15544709,0.71998612,0.055657,0.13564566,0.60549784,0.04427429,0.1692427,0.98779825,-0.04673348,0.04974844,0.90153885,-0.00916279,0.00962298,0.75631585,0.01256258,0.00055627,0.64184517,0.00195414,-0.01026359,0.97647416,-0.06997965,-0.12805348,0.90241544,-0.05319735,-0.15853,0.75620456,-0.03440883,-0.14995621,0.65327684,-0.02781453
thumbs_up,0,0,0,0.29438322,0.07116065,0.05582163,0.50876218,0.30150865,0.06978718,0.67736844,0.49951265,0.07286167,0.83072955,0.54667992,0.07921281,0.49655563,0.79478098,0.0237176,0.37684366,0.81227846,0.05289455,0.31329893,0.67583479,0.07449316,0.30085732,0.54833936,0.07821171,0.36149309,0.93237479,-0.01307562,0.22063863,0.86902216,0.05213269,0.16969881,0.71059718,0.07460673,0.14796088,0.58907809,0.0632043,0.18922484,0.98240625,-0.03933931,0.06855211,0.90719766,0.0058868,0.02632813,0.76086913,0.02627351,0.01305745,0.63907985,0.013272,0.01179555,0.97052017,-0.06239896,-0.10708274,0.92311987,-0.03799414,-0.14571791,0.77931229,-0.01589682,-0.14830452,0.67169361,-0.00812143
thumbs_up,0,0,0,0.29426189,0.07217541,0.0562952,0.50940107,0.30360822,0.06470475,0.67705384,0.50310692,0.05663259,0.83200701,0.55574894,0.05129996,0.50352993,0.79139882,0.01700302,0.34194183,0.92725797,0.01824078,0.24246641,0.80991061,0.02502513,0.20327383,0.66214756,0.02464722,0.37883482,0.9254643,-0.03023194,0.17286243,0.97658592,0.00526024,0.08160556,0.82689784,0.01926848,0.03707139,0.68402159,0.01039201,0.21082843,0.97721383,-0.0694712,0.00523927,0.99062899,-0.05260054,-0.08343505,0.83489447,-0.03300322,-0.11945122,0.69096761,-0.03700372,0.02648607,0.97774494,-0.10574297,-0.16112099,0.94463735,-0.1048729,-0.21761749,0.78422321,-0.08877409,-0.21885293,0.65544654,-0.07837394
thumbs_up,0,0,0,0.29116696,0.06114872,0.05690721,0.50582147,0.29198203,0.07169849,0.6705212,0.48617444,0.07443326,0.82124367,0.52186397,0.0798423,0.5025612,0.78867849,0.02644362,0.38845967,0.82522065,0.04379977,0.32089818,0.70166609,0.05252142,0.3056566,0.57786559,0.04777349,0.36109637,0.93252851,-0.01556331,0.23122331,0.87469122,0.04523725,0.18175581,0.73095518,0.06299271,0.16859537,0.62018238,0.04742661,0.17979027,0.98212607,-0.0483149,0.07320556,0.89434922,-0.0055848,0.03299676,0.74907773,0.01447217,0.03080136,0.64024892,0.00003241,-0.00597582,0.96168034,-0.07822274,-0.11531677,0.872612,-0.05583369,-0.14344593,0.73830595,-0.03532758,-0.13132015,0.64646705,-0.02953525
thumbs_up,0,0,0,0.28786886,0.0912857,0.05324361,0.50279062,0.3312139,0.06480883,0.66808434,0.54217814,0.07094127,0.81435627,0.59467186,0.08100637,0.50559684,0.78948372,0.00712033,0.35947954,0.93348815,0.05069297,0.28490246,0.8032275,0.08582388,0.28511901,0.66361924,0.0988406,0.35789558,0.93376161,-0.02621562,0.22233456,0.9952861,0.06002115,0.16726742,0.85960872,0.09565997,0.16324826,0.73057269,0.09219451,0.17370209,0.98564212,-0.04574755,0.07243977,1.00192858,0.02826144,0.0369558,0.8704483,0.05816261,0.0457733,0.73927407,0.04659693,-0.00864852,0.96992554,-0.06124676,-0.07875808,0.92969214,-0.00451772,-0.09757002,0.79725052,0.03249435,-0.07411449,0.6882292,0.04665616
thumbs_up,0,0,0,0.26512953,0.09610252,0.034527,0.47454981,0.33752164,0.03514636,0.63321911,0.55413124,0.03328657,0.78131401,0.6022815,0.0363782,0.49409716,0.79736624,-0.0217274,0.3318999,0.9628321,-0.00546794,0.26060018,0.83775513,0.01174751,0.26374484,0.69798652,0.01367321,0.34270078,0.93944461,-0.05423029,0.18893583,1.02845994,0.00238993,0.13383714,0.89322046,0.03062382,0.13564917,0.76166381,0.02672577,0.16113984,0.9905534,-0.07654949,0.03510386,1.03195673,-0.03003193,0.00087648,0.89459282,-0.00143491,0.01606642,0.76126081,-0.00967422,-0.02094567,0.97724079,-0.09676873,-0.11850399,0.91834121,-0.07497925,-0.13484467,0.77338969,-0.05293959,-0.10348379,0.66115161,-0.0441527
thumbs_up,0,0,0,0.2619196,0.09262911,0.00925791,0.48493174,0.33872751,-0.00349967,0.64908002,0.55289487,-0.01411583,0.80264416,0.59496943,-0.0187196,0.49489077,0.81681836,-0.05094158,0.31474262,1.00575705,-0.0534301,0.23923865,0.88495851,-0.05068407,0.24103702,0.74208041,-0.0568822,0.33238861,0.94314252,-0.07559666,0.16536224,1.05690138,-0.03666308,0.10751542,0.91467558,-0.01510724,0.1100393,0.78182962,-0.02078654,0.14495648,0.98185264,-0.09271741,0.00446078,1.05389694,-0.06301972,-0.02575286,0.90996242,-0.03634806,-0.00713884,0.77030004,-0.04128013,-0.04013775,0.96467257,-0.10941316,-0.14527353,0.92186274,-0.10031537,-0.16085594,0.77417717,-0.08004863,-0.12888763,0.65961129,-0.06947726
thumbs_up,0,0,0,0.26580567,0.09847226,0.04696795,0.46739228,0.34464186,0.04183097,0.62681451,0.56718708,0.02877488,0.78026856,0.61171439,0.01936253,0.49446107,0.79390147,-0.01652271,0.29880993,1.03802644,-0.00601415,0.21430138,0.93126666,0.00764443,0.21282393,0.79788349,0.00678797,0.35546129,0.934691,-0.06238033,0.16639298,1.08244628,-0.0087756,0.10150636,0.95818696,0.02107695,0.10190585,0.83114051,0.01844339,0.17615121,0.98277,-0.09817508,0.02195174,1.05558594,-0.04778721,-0.01840092,0.91325364,-0.0138033,0.00026905,0.783202,-0.02099043,-0.01322366,0.97235394,-0.13221777,-0.13035948,0.93314212,-0.10516116,-0.15008401,0.78298203,-0.07906254,-0.115628,0.6691927,-0.06958581
thumbs_up,0,0,0,0.2460823,0.12663529,0.03279782,0.44252573,0.3709567,0.01868035,0.59674925,0.58048757,-0.00385063,0.74972631,0.62719221,-0.02018574,0.47557242,0.81413017,-0.01748077,0.26207802,1.04926877,-0.03417544,0.16858575,0.939683,-0.04248786,0.1645337,0.79816362,-0.05725175,0.34391284,0.93900157,-0.06662751,0.13005554,1.08857248,-0.04583278,0.05679147,0.95440741,-0.03429176,0.06073481,0.82055347,-0.04519644,0.17425184,0.98087451,-0.11023778,-0.0161789,1.0639235,-0.09322961,-0.06224788,0.91175935,-0.0654832,-0.03673027,0.77794929,-0.06973175,-0.00905343,0.96613364,-0.15388435,-0.16734189,0.92272975,-0.15506487,-0.18950518,0.76457915,-0.13762619,-0.1452152,0.65427455,-0.12974063
thumbs_up,0,0,0,0.25874937,0.11830264,0.03502122,0.46219261,0.36805792,0.02357104,0.622254,0.58994218,0.00313329,0.77874144,0.63746148,-0.01043203,0.49680804,0.80239568,-0.01523534,0.29513141,1.05602947,-0.02805177,0.19287788,0.95181008,-0.02941196,0.1821114,0.80692695,-0.0381694,0.3608181,0.93263621,-0.0638688,0.15286396,1.08629338,-0.04058726,0.07458281,0.95436225,-0.02580721,0.0771949,0.81315816,-0.03459295,0.18757463,0.98026091,-0.10665454,0.00005998,1.06982701,-0.08715461,-0.05028019,0.91713921,-0.05618927,-0.02488936,0.77522465,-0.05817247,-0.00022335,0.97085626,-0.14925659,-0.16038541,0.95975631,-0.14676773,-0.18124014,0.79611179,-0.1259696,-0.13198988,0.67050628,-0.11582205
thumbs_up,0,0,0,0.25436027,0.12558434,0.0362584,0.45394052,0.37475832,0.02777829,0.61028749,0.58267707,0.00938994,0.76245815,0.63049441,-0.00210487,0.48575806,0.81161213,-0.00294041,0.29746773,1.03674629,-0.01839296,0.2025364,0.92883777,-0.0269547,0.19265539,0.78713478,-0.0408352,0.35742396,0.93394224,-0.05004147,0.1577543,1.07003655,-0.03017045,0.08817247,0.93559042,-0.02199163,0.09631866,0.79667793,-0.03478076,0.19266096,0.97919881,-0.09205007,0.01207898,1.05315517,-0.0750266,-0.03276014,0.90520651,-0.04917951,-0.00549419,0.76652984,-0.05308842,0.01459456,0.96928693,-0.13397243,-0.14158313,0.94059579,-0.131284,-0.15982755,0.78435625,-0.11321258,-0.10993646,0.66449239,-0.10451299
thumbs_up,0,0,0,0.25567908,0.12810666,0.03976189,0.45682101,0.37659645,0.03267926,0.61517207,0.58543286,0.01588163,0.76966322,0.62823322,0.0054684,0.4808771,0.82196948,-0.0035619,0.28482105,1.06336563,-0.01100817,0.19233631,0.96113177,-0.0129111,0.18376097,0.82708415,-0.02281045,0.34794525,0.93751486,-0.04961708,0.14373101,1.08329079,-0.01800899,0.0777482,0.95396618,-0.00224,0.08679661,0.82017663,-0.01213828,0.17859624,0.96976891,-0.08970217,0.00402797,1.04998495,-0.06063541,-0.03663305,0.90795496,-0.03075832,-0.00849956,0.77542683,-0.03557575,-0.00148341,0.94833766,-0.12943399,-0.14723634,0.92194084,-0.11720423,-0.16082138,0.76833627,-0.09567438,-0.10920121,0.6512041,-0.08717509
thumbs_up,0,0,0,0.26072768,0.12101896,0.03239185,0.4607577,0.36860771,0.02088635,0.61625962,0.5825629,0.00201934,0.77145885,0.62737355,-0.01049236,0.47670805,0.82920837,-0.02211753,0.27732182,1.06572175,-0.02933161,0.18659097,0.9711359,-0.02736703,0.17680301,0.8426824,-0.03493666,0.33615454,0.94180684,-0.06580086,0.13068621,1.0912242,-0.03343466,0.06368417,0.96053894,-0.0138923,0.07211912,0.82805399,-0.02178352,0.16045983,0.96688136,-0.10294539,-0.01613966,1.04980604,-0.07437998,-0.05591258,0.90411391,-0.04331121,-0.02696253,0.76813993,-0.04796018,-0.02396988,0.93360167,-0.13987464,-0.17165303,0.89784954,-0.13019024,-0.18287481,0.74141735,-0.10962747,-0.12973523,0.62270478,-0.10165864
thumbs_up,0,0,0,0.25646087,0.13109748,0.047134,0.45505685,0.37479424,0.0377892,0.61322328,0.58646282,0.01759203,0.76974373,0.63151644,0.00279904,0.47888594,0.82026337,-0.01182876,0.27331038,1.06758486,-0.01202765,0.1865128,0.95916017,-0.00567347,0.18672804,0.82232808,-0.01138584,0.34348505,0.93915814,-0.06372102,0.13501035,1.09601485,-0.0236776,0.0694376,0.95686846,0.00069651,0.08228957,0.8149977,-0.0048954,0.16970265,0.972004,-0.10759107,-0.00877653,1.06031514,-0.06895018,-0.04873376,0.90724527,-0.03369167,-0.01769624,0.76383438,-0.03830298,-0.01665989,0.94903446,-0.15057438,-0.16414229,0.91387024,-0.1338969,-0.17999137,0.75494414,-0.11069098,-0.13044076,0.63359838,-0.10226168
thumbs_up,0,0,0,0.25667937,0.13019103,0.02784473,0.45908621,0.37530023,0.00898772,0.61837993,0.59390394,-0.01682169,0.77647863,0.64322156,-0.03507978,0.47965833,0.83467558,-0.03701584,0.26562524,1.10599285,-0.05131228,0.17165189,1.00821732,-0.05079946,0.16537927,0.8746699,-0.05817104,0.33802559,0.94113692,-0.0833337,0.12532837,1.12882099,-0.05679373,0.05518105,0.99577102,-0.03374034,0.06452401,0.85637606,-0.03821355,0.1605054,0.96397019,-0.12370849,-0.02424564,1.08496107,-0.09998066,-0.06434533,0.93147576,-0.06434816,-0.03397667,0.78494966,-0.06482408,-0.03082424,0.93416117,-0.16439428,-0.18420716,0.93031377,-0.1590729,-0.19532236,0.76883694,-0.13679239,-0.14133952,0.64137772,-0.12659471
thumbs_up,0,0,0,0.27614122,0.14962373,0.03833695,0.48300059,0.40070819,0.01729447,0.65625621,0.61461309,-0.01333619,0.81782846,0.6735008,-0.03625457,0.51468814,0.80918694,-0.04806277,0.31416491,1.1538856,-0.06719115,0.18383865,1.1036777,-0.05915173,0.15057192,0.98675722,-0.0582013,0.36112084,0.93251903,-0.10307651,0.14930728,1.18006441,-0.0866333,0.04959583,1.06935969,-0.06283946,0.04690978,0.93349928,-0.06496078,0.17320269,0.97728691,-0.14990643,-0.02242079,1.1553504,-0.13207447,-0.08742126,0.9989265,-0.08923176,-0.06176134,0.8436712,-0.08492474,-0.0319321,0.9746068,-0.1961457,-0.20880372,1.00445996,-0.19657324,-0.22894167,0.82759565,-0.17246033,-0.1694997,0.68501401,-0.16106218
thumbs_up,0,0,0,0.27678896,0.15273983,0.02683712,0.49698682,0.4128872,0.0121506,0.67042326,0.62631623,-0.00941654,0.82692242,0.68237023,-0.02363271,0.51276234,0.82606236,-0.04861348,0.3350907,1.18550036,-0.06638219,0.21120499,1.13606992,-0.05700996,0.17730044,1.01581991,-0.05197953,0.35287651,0.9356699,-0.09138955,0.17669846,1.22258408,-0.07236508,0.08199216,1.12556874,-0.04468386,0.07063229,0.98925441,-0.04119817,0.16567614,0.97323453,-0.12723321,0.00429887,1.19147427,-0.10710718,-0.0551088,1.04933577,-0.0634632,-0.03788096,0.88889722,-0.05489221,-0.03177761,0.96639753,-0.16291672,-0.17698442,1.06057789,-0.15341226,-0.20010475,0.90240375,-0.12170062,-0.15596885,0.75945048,-0.10400539
thumbs_up,0,0,0,0.28521538,0.15187914,0.06703307,0.49384399,0.41019039,0.07302594,0.65813886,0.63004889,0.06760995,0.81308592,0.67450236,0.06559905,0.50156264,0.82585092,-0.01227705,0.30385965,1.1803331,0.01032569,0.19607261,1.11662499,0.0466255,0.18497866,0.99210489,0.06610707,0.34512596,0.93855638,-0.06301669,0.15816238,1.2075417,-0.00194788,0.07640588,1.10147461,0.04340622,0.0768246,0.959855,0.05300289,0.15680868,0.96926019,-0.1004473,0.00347529,1.18197386,-0.04154756,-0.05331019,1.04403734,0.01210199,-0.03391683,0.88884648,0.0194007,-0.03968089,0.94474409,-0.1335058,-0.15609781,1.0791022,-0.09321806,-0.1833701,0.93234793,-0.04808373,-0.14834309,0.79002519,-0.02597477
thumbs_up,0,0,0,0.2858346,0.14862226,0.0398921,0.50419214,0.4069873,0.03095591,0.67365651,0.62899971,0.01588758,0.83142989,0.67758534,0.00577842,0.51071052,0.83212195,-0.05214158,0.32916306,1.20925028,-0.04150034,0.21000615,1.21272276,-0.01005777,0.17297765,1.1285559,0.00868142,0.34907928,0.9370932,-0.09013297,0.17829258,1.22434191,-0.0377723,0.09076418,1.14978206,0.00853992,0.08068655,1.02600557,0.01861594,0.15624064,0.96252352,-0.11634532,0.01314898,1.1848879,-0.06212307,-0.04279732,1.06501308,-0.00749401,-0.02911437,0.91078541,0.00053243,-0.04477244,0.94024871,-0.14058067,-0.14707809,1.07102704,-0.10191738,-0.16959562,0.93523976,-0.05683607,-0.1373332,0.79168349,-0.03459585
thumbs_up,0,0,0,0.28163217,0.15627852,0.05216683,0.49173728,0.41361025,0.04605169,0.65673402,0.63073678,0.03168029,0.81336332,0.68377136,0.02073238,0.50064402,0.83957758,-0.04509902,0.31269521,1.20505853,-0.0271086,0.19554643,1.19161407,0.00953756,0.16537089,1.09986652,0.02950948,0.34189988,0.93973638,-0.09011377,0.15178808,1.19747819,-0.03483276,0.07240595,1.0942771,0.01259671,0.07430029,0.95481607,0.02167311,0.15077966,0.95841372,-0.12180017,-0.00197463,1.15879559,-0.06347357,-0.05281533,1.02202791,-0.00623108,-0.03379097,0.86494216,0.00092208,-0.04746717,0.93213466,-0.15047855,-0.15125536,1.05248091,-0.11020949,-0.1724168,0.90365114,-0.06375094,-0.13785662,0.75863063,-0.04186562
thumbs_up,0,0,0,0.29939738,0.16297611,0.08974659,0.50909143,0.43063186,0.09931119,0.67264862,0.63956341,0.09232719,0.82717739,0.68411833,0.08547334,0.51396331,0.83611202,-0.0074823,0.33772222,1.21472093,0.02755149,0.21702347,1.22396336,0.07124225,0.1756056,1.15649861,0.09406939,0.35929158,0.93322535,-0.06566255,0.18488169,1.21568853,0.01277486,0.10521979,1.12784451,0.06924527,0.09931264,1.00224433,0.07901256,0.16880059,0.9507597,-0.10724025,0.03465775,1.17472977,-0.02119864,-0.01875943,1.03928631,0.04750992,-0.00462808,0.88422455,0.05394532,-0.02751237,0.92493143,-0.1438852,-0.11625413,1.06763196,-0.07687044,-0.13864506,0.91948198,-0.01603277,-0.10928198,0.77226334,0.0092607
thumbs_up,0,0,0,0.27191426,0.17503393,0.08604422,0.47950926,0.44658348,0.10390428,0.63468193,0.65217576,0.10325415,0.78004787,0.69053775,0.10257252,0.48528163,0.85764735,0.01960325,0.33558079,1.20129176,0.04240284,0.22285421,1.1630203,0.06543565,0.19188865,1.07103112,0.07515857,0.33906421,0.94076323,-0.03737446,0.17425732,1.18273341,0.02590929,0.10602528,1.05913988,0.06561855,0.11517993,0.90802286,0.0700244,0.15684148,0.94895956,-0.08145022,0.03218306,1.13634676,-0.01257662,-0.01125303,0.99574494,0.04038424,0.00832312,0.84405691,0.04508099,-0.02713655,0.912554,-0.12098572,-0.10857161,1.03405865,-0.06527007,-0.1258456,0.88909776,-0.01383055,-0.09647684,0.75290436,0.00991642
thumbs_up,0,0,0,0.26625639,0.15421789,0.08766555,0.47374397,0.41868608,0.10378516,0.63206989,0.62502028,0.10109119,0.78092817,0.66352287,0.09713695,0.47269697,0.86002702,0.00769921,0.32223528,1.25136784,0.02447751,0.20244201,1.22717184,0.04016044,0.16635302,1.14586799,0.04790444,0.33269414,0.94303479,-0.0463538,0.15435658,1.19429241,0.02419765,0.08491263,1.05637458,0.07204318,0.09546599,0.89673581,0.0817999,0.1506514,0.93826453,-0.08719351,0.02053974,1.1151787,-0.01180257,-0.01880236,0.9801282,0.04410484,0.00096434,0.82881631,0.05150344,-0.03000315,0.89029441,-0.12287408,-0.10483735,0.99982221,-0.05550068,-0.12242764,0.86491685,0.00527985,-0.10004392,0.7325779,0.03581983
thumbs_up,0,0,0,0.27200975,0.17475018,0.09207004,0.48002448,0.44854521,0.11107187,0.6432111,0.65425801,0.11230253,0.79248171,0.68751537,0.11498412,0.47718627,0.86089938,0.02450517,0.31110771,1.16082615,0.05629216,0.2289854,1.03596425,0.08431234,0.22814478,0.88631125,0.09585558,0.333446,0.9427692,-0.03279491,0.16742556,1.16427598,0.04784856,0.11127837,1.02492241,0.09444129,0.12083534,0.87048363,0.09946304,0.15304984,0.94726447,-0.07643288,0.03397685,1.11905145,0.0074559,-0.00011768,0.9774936,0.06046029,0.01954243,0.82761427,0.0609263,-0.02595383,0.90764365,-0.11497883,-0.10096772,1.00935664,-0.04870186,-0.1145275,0.86799467,0.00336255,-0.08698241,0.73870473,0.02437505
thumbs_up,0,0,0,0.27396103,0.16391518,0.08286119,0.48667679,0.43093427,0.09976049,0.64838949,0.64590049,0.10133758,0.79717626,0.70136026,0.10609714,0.48009633,0.85532556,0.02240229,0.30912278,1.14041885,0.05317428,0.23187283,1.02651335,0.08049875,0.23374397,0.88348861,0.09235009,0.33723121,0.94142186,-0.02915205,0.17097187,1.15961309,0.05332888,0.11605879,1.0271078,0.10102601,0.12151278,0.87730048,0.10603265,0.15948095,0.94846881,-0.06813591,0.03555695,1.11201839,0.01736567,-0.00010952,0.98055927,0.07218377,0.01602268,0.83248302,0.07347975,-0.01723921,0.91129275,-0.10323014,-0.09470146,1.00702079,-0.03243654,-0.10968505,0.87029719,0.02335425,-0.08249758,0.74400014,0.04670638
thumbs_up,0,0,0,0.27355051,0.15780179,0.06510574,0.49099174,0.43250635,0.07083942,0.66165093,0.64430135,0.06361828,0.81689086,0.68302997,0.06021381,0.499174,0.83375915,-0.00234545,0.32039636,1.13966005,0.00340102,0.23392097,1.03735388,0.01592513,0.22858859,0.89148699,0.01903173,0.35816427,0.93365859,-0.05350952,0.18047315,1.16465822,-0.00222955,0.11719855,1.03900418,0.03261939,0.12280964,0.88570471,0.03391018,0.1789644,0.95871422,-0.09478903,0.03434914,1.11958765,-0.03581893,-0.00183557,0.98758314,0.01026353,0.02060097,0.83725338,0.01070513,-0.00440993,0.93907955,-0.13395014,-0.10909477,1.0046477,-0.08883087,-0.12426148,0.86951958,-0.0490539,-0.08952461,0.74692862,-0.03342531
thumbs_up,0,0,0,0.27337989,0.1470705,0.05831682,0.49071291,0.41554811,0.06557076,0.65616607,0.6306437,0.06064241,0.80545148,0.68199537,0.06092725,0.49498433,0.83174,0.01228525,0.31859819,1.13164716,0.01725134,0.23655497,1.02752244,0.02350356,0.23582357,0.8794566,0.02239901,0.35304014,0.93560818,-0.03418807,0.18112451,1.16206454,0.01720501,0.11943119,1.04235845,0.04560153,0.12481434,0.89341588,0.0432071,0.17581523,0.96547391,-0.0728507,0.03369082,1.12143851,-0.01761068,-0.0027052,0.99768611,0.02113694,0.01953667,0.85090134,0.01889666,-0.00623007,0.949043,-0.10999052,-0.11745038,1.0169761,-0.06914405,-0.13453168,0.88560566,-0.03377007,-0.0995405,0.76143092,-0.01935454
thumbs_up,0,0,0,0.26491068,0.14077843,0.04432971,0.47962328,0.41072475,0.04544991,0.64161025,0.621364,0.03540136,0.79006337,0.66691697,0.0311829,0.48133227,0.84493152,0.00491415,0.30926714,1.12528995,-0.00922028,0.2260132,1.00554872,-0.01878109,0.22249811,0.85167253,-0.02951961,0.34094375,0.9400837,-0.04164099,0.16282631,1.15777816,-0.01297363,0.10423156,1.01844144,0.00487528,0.11535369,0.86298453,0.00019209,0.16797521,0.96216294,-0.08355671,0.01165185,1.1194292,-0.05025378,-0.02139275,0.97716857,-0.0162065,0.00462107,0.82846066,-0.01566159,-0.00997786,0.93526778,-0.12525894,-0.13133925,0.97682527,-0.10171317,-0.14222689,0.83082317,-0.07236038,-0.10420905,0.70877394,-0.05865385
thumbs_up,0,0,0,0.26414415,0.12939714,0.04240979,0.48216739,0.40445564,0.04508889,0.64394138,0.61889128,0.03548003,0.78629274,0.66691183,0.03196237,0.49868343,0.83084175,0.0076127,0.33087924,1.14160959,-0.01618423,0.23217093,1.0431506,-0.03261588,0.21626764,0.90527171,-0.04658614,0.3632252,0.93170138,-0.04141202,0.17676339,1.18075904,-0.02552162,0.10409974,1.0505428,-0.01265386,0.11237005,0.90462967,-0.01692613,0.19323747,0.96502865,-0.08752558,0.02427289,1.12627935,-0.06738724,-0.01677079,0.98588798,-0.03744428,0.00884897,0.84913179,-0.03516847,0.01587011,0.94986934,-0.13388241,-0.12252701,0.99485081,-0.11610985,-0.13806663,0.84563763,-0.08946833,-0.0989775,0.72575491,-0.07649507
thumbs_up,0,0,0,0.26488229,0.11113656,0.03187486,0.49193156,0.38218609,0.02769149,0.65971965,0.60272627,0.01417919,0.80782513,0.64414901,0.00778156,0.51075818,0.81791983,-0.00702047,0.34547208,1.12871753,-0.03650286,0.23772926,1.04937628,-0.05512085,0.21130457,0.92285434,-0.07021149,0.37232128,0.92810391,-0.05271333,0.19179643,1.17602214,-0.0436182,0.11060509,1.06052401,-0.03408433,0.10898844,0.92308535,-0.03938399,0.19980149,0.97115548,-0.09572687,0.03142518,1.11987955,-0.08193159,-0.01471103,0.98879905,-0.05521503,0.00610191,0.85782875,-0.05412901,0.01785662,0.96692695,-0.13963555,-0.12497622,0.9909744,-0.12979188,-0.14200507,0.84015759,-0.10814104,-0.10170034,0.72059606,-0.0972127
thumbs_up,0,0,0,0.26918153,0.11741733,0.03624689,0.4972778,0.39130072,0.03362968,0.66441612,0.61230309,0.02078357,0.81271599,0.65486174,0.01490848,0.51344259,0.81881025,-0.00486294,0.34636718,1.13786686,-0.0316708,0.24283204,1.05232354,-0.04756166,0.22135038,0.92181539,-0.06159359,0.37604268,0.92660235,-0.05289542,0.1933271,1.19110964,-0.04192628,0.11295982,1.07254393,-0.03024789,0.11246882,0.93332489,-0.03436498,0.2032701,0.96875151,-0.09769587,0.03155231,1.13312373,-0.08123347,-0.01521294,0.99982836,-0.05260191,0.00673816,0.8673252,-0.05108947,0.02089163,0.96220652,-0.14304063,-0.12454845,0.99916351,-0.13038698,-0.14328197,0.84867925,-0.10703785,-0.10357667,0.73008473,-0.09581838
thumbs_up,0,0,0,0.27365383,0.12346332,0.03963281,0.50257709,0.39370399,0.03385034,0.67302378,0.61429467,0.01742193,0.82420724,0.65603395,0.00831885,0.52425881,0.81623246,-0.01360651,0.35120112,1.16118503,-0.04123374,0.24095704,1.08699827,-0.05293472,0.21366207,0.95726807,-0.06270053,0.3842906,0.92321218,-0.06417851,0.19567876,1.2098251,-0.05208251,0.10980761,1.09838677,-0.03414092,0.10176014,0.95850602,-0.03390815,0.20848616,0.96326816,-0.1108821,0.02476819,1.14795398,-0.09095506,-0.02381484,1.01357252,-0.05825997,-0.00606607,0.87442476,-0.05500576,0.01998118,0.959459,-0.15786466,-0.1329408,1.00885094,-0.14314371,-0.15081075,0.85668026,-0.11947618,-0.11141644,0.73400719,-0.10845892
thumbs_up,0,0,0,0.27246981,0.14296242,0.02851052,0.50311041,0.40989322,0.01616654,0.67776761,0.62681361,-0.00412358,0.83119488,0.67513434,-0.01595615,0.51467423,0.82936865,-0.03183891,0.34935629,1.16930314,-0.05959942,0.24128689,1.08214043,-0.06847055,0.22189238,0.93302977,-0.07561553,0.36914967,0.92936996,-0.07667189,0.1966603,1.20433633,-0.0605961,0.11119937,1.08909448,-0.03867366,0.10677017,0.94090155,-0.03771263,0.18849809,0.96174581,-0.11743494,0.02488669,1.16505373,-0.09731758,-0.02442749,1.03117994,-0.06086676,-0.00682615,0.8774175,-0.05549986,-0.00649298,0.9483164,-0.15848914,-0.14054132,1.0260027,-0.14619274,-0.15775634,0.87946348,-0.11892209,-0.11761051,0.74638626,-0.10421167
thumbs_up,0,0,0,0.27161024,0.14694132,0.03502258,0.50007675,0.42333036,0.02466213,0.66868749,0.64884852,0.00446949,0.8201302,0.70341528,-0.00759108,0.50487082,0.84207264,-0.01608292,0.3563489,1.17301216,-0.04368336,0.25410294,1.08137461,-0.05763468,0.23787514,0.92975495,-0.06830131,0.35235615,0.93586599,-0.06607303,0.20066563,1.22889678,-0.05126568,0.12060736,1.10610431,-0.03301194,0.11957703,0.9438967,-0.03324813,0.16941474,0.96704703,-0.11221411,0.02214973,1.18266736,-0.08783573,-0.02156201,1.0472742,-0.05029796,-0.00097045,0.8878834,-0.04485279,-0.0247131,0.95270316,-0.15881849,-0.14288388,1.03050452,-0.14168577,-0.15867742,0.87937799,-0.11026001,-0.12372732,0.74478313,-0.09309538
thumbs_up,0,0,0,0.27825165,0.14698921,0.03799309,0.50690697,0.42043391,0.02530373,0.6816374,0.66060333,0.00519293,0.83960769,0.71239898,-0.00693825,0.50429206,0.84426475,-0.04166054,0.34421665,1.18935198,-0.05158538,0.2463717,1.08846677,-0.04343752,0.23710698,0.93286995,-0.0403231,0.34618603,0.93816589,-0.08582232,0.18547283,1.22074696,-0.0508805,0.11166808,1.09218901,-0.01547086,0.11461395,0.93220372,-0.00976235,0.15427835,0.96419079,-0.12192766,0.01409282,1.17107438,-0.0781526,-0.02438749,1.03876516,-0.03114678,-0.00277479,0.87964688,-0.02584786,-0.04420119,0.9474614,-0.15723738,-0.14978574,1.04813081,-0.124001,-0.16124409,0.90245329,-0.08475837,-0.12323644,0.76778344,-0.06606151
thumbs_up,0,0,0,0.27798952,0.15927284,0.03690637,0.50840678,0.43477056,0.02852009,0.67942242,0.66505505,0.0129813,0.83168515,0.71530481,0.00581992,0.50022867,0.84808273,-0.03370517,0.35336618,1.18670071,-0.04535401,0.25344493,1.10671447,-0.03872832,0.23815817,0.95658563,-0.03523768,0.34003792,0.94041173,-0.0762685,0.19116535,1.22469785,-0.04298462,0.11250352,1.11132304,-0.00880196,0.11147117,0.95677664,-0.00288435,0.15154735,0.96817553,-0.11209035,0.01420566,1.18336625,-0.07234795,-0.02708775,1.05447399,-0.02718497,-0.00769404,0.89280647,-0.02130306,-0.04214227,0.95065461,-0.14728745,-0.14755677,1.05188477,-0.11841649,-0.16147266,0.90818623,-0.08188999,-0.12766966,0.76959943,-0.06405077
thumbs_up,0,0,0,0.28197323,0.16692551,0.04047335,0.51438843,0.44677991,0.0350441,0.68710851,0.67494017,0.02071491,0.83962795,0.72431232,0.01433467,0.49562265,0.85300341,-0.02292519,0.35811056,1.19743721,-0.03445955,0.26306414,1.11199952,-0.02909485,0.24886708,0.95937071,-0.02648698,0.33714123,0.94145408,-0.06614523,0.19381736,1.23579351,-0.03455783,0.11628432,1.11804846,-0.00337975,0.11531436,0.96157063,0.00191673,0.14918244,0.96747546,-0.10290403,0.01773553,1.18778661,-0.06339866,-0.02400765,1.06013941,-0.02175321,-0.00422576,0.90360132,-0.01751217,-0.0448417,0.94947074,-0.13875769,-0.15251252,1.05525956,-0.11001414,-0.1656552,0.91187077,-0.07595605,-0.13025041,0.77828038,-0.05978113
thumbs_up,0,0,0,0.27633337,0.15178671,0.03063394,0.50607261,0.42768624,0.01595403,0.67583915,0.66321012,-0.00578398,0.83260824,0.71236784,-0.01979691,0.50027014,0.86128337,-0.04063568,0.35180641,1.20635546,-0.06141536,0.2554377,1.11126875,-0.06540584,0.2447346,0.95556521,-0.06889268,0.33563559,0.94199191,-0.08291844,0.1862304,1.23160743,-0.056302,0.11365392,1.10430387,-0.02750239,0.11944305,0.94344364,-0.02534069,0.14251654,0.95850113,-0.11933663,0.0114571,1.18563702,-0.08630722,-0.02389247,1.05344543,-0.04150564,0.00011367,0.89094533,-0.0345782,-0.0521735,0.93305735,-0.15527798,-0.14739934,1.0624867,-0.12947645,-0.16044489,0.91869603,-0.08897842,-0.12645979,0.78153144,-0.06758108
thumbs_up,0,0,0,0.27315029,0.15277552,0.02858957,0.5029583,0.42951288,0.01421837,0.67622621,0.66180893,-0.00682705,0.83154387,0.71358362,-0.02018004,0.50119626,0.86176012,-0.04754327,0.34397923,1.21061757,-0.06002087,0.24346826,1.1304888,-0.05322886,0.22583514,0.98760497,-0.04998818,0.33418807,0.94250641,-0.0888849,0.17755003,1.23991857,-0.06058695,0.10301848,1.11397681,-0.02730351,0.10301632,0.95049137,-0.02024758,0.13937711,0.95701984,-0.12328307,0.0100672,1.1964476,-0.09091348,-0.03083563,1.06168445,-0.04420996,-0.01466727,0.89513862,-0.03378338,-0.05744367,0.92793941,-0.15697738,-0.14777477,1.0645594,-0.13247531,-0.16595763,0.92793941,-0.09146323,-0.13822228,0.78973736,-0.0683582
thumbs_up,0,0,0,0.26904616,0.12378228,0.08059651,0.47296558,0.39561116,0.09002016,0.63520409,0.62309621,0.0774712,0.77893777,0.67885966,0.06321572,0.47166426,0.85135183,0.02118388,0.33414065,1.26962761,0.02391188,0.21312038,1.30454474,0.02595792,0.15251186,1.27030864,0.02163094,0.34608928,0.93820158,-0.04089494,0.154293,1.18538785,0.00245914,0.08600467,1.04588383,0.03407544,0.09275257,0.89556679,0.03595705,0.1736463,0.93064122,-0.09412249,0.01916184,1.10543281,-0.0446386,-0.02449794,0.95414757,0.00447682,-0.00338004,0.81864352,0.01037349,-0.00792686,0.88669489,-0.14413027,-0.12232427,0.98002902,-0.09951245,-0.13736844,0.83593763,-0.05306514,-0.10217491,0.71926944,-0.03142988
thumbs_up,0,0,0,0.26042478,0.15396024,0.08145026,0.45150252,0.42713176,0.09573014,0.60255811,0.63734228,0.09031276,0.74232049,0.68724365,0.08332096,0.47868482,0.84343922,0.01972422,0.31573724,1.22415379,0.02258303,0.18928013,1.24351034,0.02483152,0.12983541,1.19837199,0.02038942,0.35145974,0.936203,-0.04057513,0.14254537,1.16946793,0.00094983,0.06992055,1.0321226,0.02919156,0.07943229,0.88364485,0.02988653,0.17906101,0.94089834,-0.09103444,0.00568376,1.11339312,-0.04567677,-0.0421963,0.96257547,-0.002813,-0.02040454,0.82223469,0.00118943,-0.00098606,0.9014938,-0.1375999,-0.13564628,0.9757399,-0.09785492,-0.15401252,0.83149125,-0.0576758,-0.11952429,0.71173048,-0.03874085
thumbs_up,0,0,0,0.26773052,0.15474705,0.09846568,0.45745293,0.42838901,0.11716322,0.61241978,0.64028408,0.11349427,0.75326803,0.69075073,0.10776816,0.4841507,0.83667283,0.02580462,0.32338087,1.22068921,0.04497397,0.19448819,1.25238195,0.06271026,0.1298123,1.2254098,0.06627594,0.36099459,0.93256791,-0.04011738,0.15133613,1.17066048,0.01827007,0.0771691,1.0414233,0.05916187,0.08428651,0.90173054,0.06461297,0.18986174,0.93508769,-0.0933327,0.01590354,1.11148757,-0.03159588,-0.03527031,0.96004601,0.0198728,-0.01529646,0.82309598,0.02433667,0.00950908,0.89387644,-0.14140441,-0.12670961,0.97203041,-0.08983808,-0.14610591,0.82695421,-0.04519934,-0.10884868,0.70538902,-0.02655512
thumbs_up,0,0,0,0.25277576,0.14515967,0.06843893,0.44763632,0.41001387,0.07503941,0.59955763,0.62320452,0.06568554,0.74026445,0.68985591,0.06113334,0.48567793,0.82525873,0.01271688,0.28860409,1.10550641,0.01040771,0.19781757,0.99823245,0.01559939,0.1915714,0.86213532,0.01068213,0.36761417,0.9299784,-0.04836466,0.14708287,1.16056277,-0.01344943,0.07587031,1.02782232,0.01306041,0.08498718,0.89169234,0.01145822,0.20413767,0.95776382,-0.10157133,0.00074516,1.12846338,-0.06726381,-0.04570335,0.97630615,-0.02986986,-0.0148298,0.84119394,-0.03009989,0.02436861,0.93729095,-0.15230076,-0.14547194,0.9875571,-0.12865109,-0.16529519,0.83727636,-0.10101374,-0.11388918,0.72514888,-0.09142178
okay,0,0,0,0.0461367,0.46557525,0.01694167,0.23084449,0.85482131,0.02472676,0.3867625,1.16697532,-0.00836223,0.5547751,1.36398541,-0.0335535,0.67955753,0.70184669,0.19874357,0.82460761,0.98448855,0.11096035,0.76204757,1.18623433,0.02138393,0.65544116,1.30294777,-0.0181748,0.77925156,0.62671127,0.11449765,1.11241062,0.86331896,0.10624796,1.31958902,1.01603574,0.08002671,1.49977752,1.12767116,0.0614947,0.82774373,0.4956235,-0.00424294,1.16692418,0.69809737,-0.02465245,1.40432924,0.84262154,-0.03311254,1.59873489,0.94015958,-0.03878575,0.83674243,0.32975214,-0.13587267,1.11816395,0.484465,-0.15805385,1.31267394,0.57909976,-0.14342055,1.47740009,0.65338415,-0.12869131
okay,0,0,0,0.04094332,0.46313222,0.00859261,0.2290356,0.85631,0.0155477,0.38643295,1.16780828,-0.01492475,0.55345296,1.36580144,-0.03787881,0.67566889,0.70851107,0.18349652,0.8205619,0.98610918,0.09717778,0.76137057,1.18074693,0.00701457,0.66066733,1.29511274,-0.03553165,0.77712253,0.62934932,0.1040223,1.1136003,0.86664316,0.09223145,1.32163663,1.01459895,0.06101842,1.49972741,1.12202629,0.03771498,0.82673358,0.49286834,-0.00879854,1.16897259,0.69999917,-0.03245335,1.40556624,0.84312773,-0.04799268,1.60076145,0.94132815,-0.06005298,0.83558265,0.3193622,-0.13412481,1.11607368,0.47987316,-0.1575161,1.30842704,0.57752687,-0.14594387,1.473541,0.65716466,-0.13546634
okay,0,0,0,0.05889068,0.47530009,0.02648162,0.24393683,0.85877459,0.0399626,0.39590091,1.1690644,0.00954227,0.56702311,1.35748831,-0.01265333,0.67502035,0.70920717,0.22083276,0.81836314,1.00204381,0.1333268,0.75647848,1.20302227,0.04737543,0.63983122,1.31076577,0.01510924,0.77906078,0.62694841,0.1335423,1.10838925,0.86870265,0.13033156,1.31591029,1.01421072,0.11321938,1.49670166,1.11918521,0.10530249,0.82983123,0.49025248,0.0104358,1.16439276,0.70047583,-0.0066646,1.39176802,0.84814419,-0.00186013,1.57212382,0.94639896,0.00577586,0.84026023,0.31488915,-0.12586074,1.11449848,0.47504642,-0.1465561,1.3033213,0.57408536,-0.12368523,1.46023634,0.65097098,-0.0985804
okay,0,0,0,0.0538503,0.46290805,0.0174806,0.24555746,0.85063816,0.02490297,0.39818142,1.16457324,-0.00821431,0.56420834,1.36279193,-0.03253709,0.68054802,0.69841335,0.19321069,0.82259135,0.98640148,0.1026598,0.76066064,1.18671485,0.01435744,0.65104967,1.29443596,-0.0221966,0.78018893,0.62554395,0.11114908,1.10615814,0.85779655,0.10225499,1.30830858,1.01102411,0.07947489,1.48223326,1.12084332,0.06518558,0.82825335,0.49489741,-0.00519826,1.16488873,0.68759592,-0.024053,1.39622789,0.83080731,-0.0273512,1.58203025,0.92616107,-0.02826,0.83648543,0.32981439,-0.13443901,1.11376899,0.4813622,-0.15622547,1.30607051,0.57350197,-0.13991719,1.46755246,0.64590011,-0.12211305
okay,0,0,0,0.04139372,0.46260737,0.00733754,0.2343492,0.85696772,0.0117229,0.39045709,1.17036777,-0.02130551,0.55707147,1.36265145,-0.04601688,0.67577884,0.70556891,0.17670299,0.81800219,1.00323292,0.08211497,0.75061219,1.20669466,-0.01087018,0.63862877,1.31728502,-0.05169075,0.77667904,0.62989656,0.10012754,1.1021087,0.87230032,0.0880939,1.30693479,1.01509925,0.05993312,1.48601739,1.11299333,0.04018544,0.8246063,0.49506558,-0.01012753,1.15927734,0.69972014,-0.03012441,1.39451669,0.83162624,-0.03825227,1.5903851,0.91540355,-0.04452504,0.83257258,0.32009468,-0.13349506,1.10944161,0.48077794,-0.15397048,1.29943726,0.57342524,-0.1379769,1.46199732,0.64616571,-0.12247927
okay,0,0,0,0.04452841,0.46667327,0.00013824,0.24221306,0.86457325,0.00595027,0.40573361,1.17964551,-0.02438659,0.5727016,1.38757638,-0.04542865,0.67354283,0.70526657,0.18220033,0.81370339,0.98026927,0.09646649,0.7561499,1.173271,0.01130779,0.65232754,1.27724566,-0.0247262,0.77804708,0.62820597,0.11271001,1.10035166,0.85943685,0.10780128,1.299515,0.99810625,0.08604347,1.47814653,1.09474765,0.07159372,0.83267316,0.49930179,0.00878621,1.16011878,0.69180871,-0.00647163,1.38551634,0.81901804,-0.01059914,1.57474211,0.89730289,-0.01316358,0.84893947,0.33025684,-0.10907845,1.12154838,0.48072365,-0.12547487,1.30672327,0.56273698,-0.10658165,1.46448914,0.62154821,-0.08810041
okay,0,0,0,0.06251467,0.48504018,0.05067714,0.26705899,0.84655448,0.07489373,0.434114,1.13495021,0.04950793,0.59381365,1.37254003,0.03118629,0.70643154,0.65886303,0.25847912,0.85045531,0.93041223,0.18661916,0.78912867,1.12766073,0.10375604,0.68795125,1.24066823,0.06771314,0.80600958,0.59190249,0.15903302,1.14017704,0.82029625,0.17246583,1.346491,0.96804692,0.15623841,1.52738347,1.0671848,0.14269282,0.85915135,0.47115992,0.02443755,1.20099114,0.66018082,0.02633342,1.43996415,0.79751807,0.02654839,1.63909742,0.88791433,0.02243912,0.87627803,0.31889716,-0.12194036,1.16624276,0.46016073,-0.12622523,1.36023601,0.55183353,-0.10351137,1.52471698,0.627211,-0.08599047
okay,0,0,0,0.07192014,0.47941613,0.07768507,0.28672261,0.82815515,0.11057427,0.453728,1.11484144,0.08734837,0.62273951,1.345087,0.07009434,0.74384425,0.60553943,0.29003141,0.87708822,0.89848152,0.22591761,0.80924273,1.13143684,0.14683158,0.70751535,1.27730169,0.11327716,0.83601546,0.54870589,0.17308383,1.17944674,0.76652827,0.19900606,1.38865751,0.91783638,0.19694784,1.5692507,1.01651312,0.1934075,0.88149445,0.43902354,0.02042751,1.23668258,0.61784482,0.03059068,1.48662144,0.76106659,0.04473907,1.6855494,0.85019844,0.05092963,0.89053004,0.31146501,-0.14373066,1.1961165,0.44600382,-0.14734092,1.3999461,0.5479776,-0.11955619,1.56297596,0.6291603,-0.09641109
okay,0,0,0,0.07878869,0.47290707,0.06394567,0.28391836,0.82527088,0.08501619,0.44794811,1.11804631,0.05204886,0.63082076,1.33589025,0.02686044,0.74101404,0.59846671,0.27437588,0.87590439,0.89060212,0.20105491,0.81135587,1.11682663,0.12014474,0.70553774,1.25378799,0.08969695,0.83997341,0.54262755,0.16421464,1.18138126,0.76465836,0.18758232,1.38970614,0.90808942,0.18951581,1.57029874,1.00275814,0.19170547,0.89030279,0.43063706,0.0169459,1.24862802,0.60481199,0.02572968,1.49532003,0.73938529,0.04759252,1.68743445,0.82500602,0.06203764,0.90170771,0.29155954,-0.14305564,1.20804703,0.4141155,-0.14366146,1.41017086,0.50518751,-0.10802769,1.56800869,0.58098036,-0.07674398
okay,0,0,0,0.07606539,0.48593632,0.0719237,0.27443685,0.8413015,0.09640582,0.43719126,1.13999222,0.06345013,0.6251195,1.34869073,0.03724733,0.73796783,0.60599209,0.29369449,0.86895195,0.89440014,0.22425367,0.8134201,1.13262873,0.14460844,0.71168679,1.28502627,0.11474332,0.83884877,0.54436453,0.1785219,1.18624354,0.75524021,0.2088542,1.3965012,0.90026029,0.21844563,1.58374822,1.00336072,0.22654329,0.89143136,0.43302737,0.02518231,1.25267581,0.60044208,0.03757451,1.50441795,0.73582775,0.0663954,1.70163891,0.82033448,0.08634586,0.90511328,0.2991349,-0.14121393,1.21360336,0.42013124,-0.14276237,1.4175064,0.51055304,-0.10476208,1.57647439,0.58349362,-0.0703834
okay,0,0,0,0.03851025,0.50524326,-0.04026602,0.18756755,0.90929527,-0.06096832,0.35534767,1.23473495,-0.11266313,0.55436233,1.36305787,-0.15555058,0.63982399,0.7574743,0.14868504,0.79964234,1.03756456,0.03251279,0.75535481,1.21281469,-0.07388085,0.64773324,1.30247769,-0.11590098,0.76568557,0.64321506,0.09628829,1.09739646,0.88178749,0.0733272,1.29791671,1.01584624,0.04096509,1.48107504,1.12423645,0.02381357,0.83532977,0.47960847,0.00454372,1.16659988,0.67069983,-0.02827773,1.39262452,0.793104,-0.04156714,1.58126915,0.87538577,-0.04389857,0.86189536,0.26053743,-0.10406054,1.13985497,0.41912792,-0.12900431,1.32019547,0.51846845,-0.11463277,1.46978132,0.59746841,-0.09533775
okay,0,0,0,0.02485442,0.49884067,-0.02654564,0.17154811,0.90512749,-0.03411184,0.32914152,1.22811381,-0.07189349,0.50717567,1.34790872,-0.10141503,0.61924584,0.78341482,0.14644694,0.76817415,1.05345935,0.04407145,0.72514871,1.21228818,-0.05037177,0.6218414,1.2799747,-0.08786037,0.74661166,0.66526013,0.09260035,1.06562714,0.90365894,0.07286551,1.2638841,1.04014678,0.04388962,1.43651766,1.14285409,0.02894201,0.81595688,0.49276678,0.00367907,1.13623078,0.68194767,-0.02875628,1.35362168,0.79980023,-0.03982343,1.53216505,0.87615518,-0.04044737,0.84084537,0.26749394,-0.09962382,1.10771752,0.43080886,-0.12788606,1.2826163,0.5254659,-0.11379784,1.42886266,0.59959646,-0.09417091
okay,0,0,0,0.02245577,0.50908668,-0.02253134,0.16033968,0.91779454,-0.03318058,0.31357385,1.24092791,-0.0761637,0.49063034,1.36886334,-0.10952284,0.61585173,0.7953901,0.15548341,0.76000811,1.07405624,0.05125091,0.70883296,1.2213322,-0.04135799,0.59047653,1.26856639,-0.07348395,0.7419757,0.67042677,0.10103565,1.05812624,0.90905929,0.0877179,1.25314964,1.04525283,0.06710497,1.4251745,1.14835414,0.05977222,0.80937486,0.49598648,0.01044849,1.12701955,0.67604831,-0.01609594,1.34349676,0.79642934,-0.01882442,1.51906553,0.87430423,-0.01285576,0.83216269,0.27359544,-0.09483844,1.09132733,0.42339325,-0.11821881,1.26247957,0.51974551,-0.09997287,1.40352188,0.59869416,-0.07586661
okay,0,0,0,0.02397206,0.51611478,-0.00586204,0.16515106,0.9160813,-0.00669401,0.31754724,1.22901527,-0.0429752,0.4906486,1.36336809,-0.07054115,0.6154995,0.78795366,0.17681537,0.75496894,1.06571058,0.08265776,0.7018092,1.22945942,-0.00397654,0.58858612,1.29770344,-0.03417716,0.74013177,0.67246186,0.11512646,1.05530764,0.90966152,0.10848114,1.24993391,1.04859966,0.09026728,1.42396814,1.15414551,0.08378792,0.80823126,0.50514621,0.01850295,1.12649126,0.68561449,-0.00216402,1.34353351,0.80697511,-0.00301837,1.52239465,0.88641321,0.00324132,0.83223055,0.29048051,-0.09167248,1.09341149,0.44036804,-0.11118027,1.26469438,0.53681375,-0.09107783,1.40541829,0.61316938,-0.06620806
okay,0,0,0,0.03085536,0.5027283,-0.02019468,0.17941434,0.90715545,-0.03030126,0.34238913,1.22248933,-0.07215535,0.53082716,1.37017164,-0.10450297,0.62211983,0.77440568,0.15549726,0.76171523,1.053854,0.05349921,0.71724582,1.23482528,-0.03551741,0.61292729,1.32308379,-0.06766254,0.75083252,0.66049264,0.09864177,1.06024986,0.91055259,0.08068726,1.2447173,1.07784509,0.05990059,1.40857721,1.21248467,0.05248224,0.82097714,0.49349689,0.00592682,1.14734441,0.66396106,-0.02740676,1.36873327,0.79096353,-0.0328671,1.54850824,0.88018739,-0.02815382,0.84403828,0.28192897,-0.10051465,1.11525951,0.42960578,-0.12951318,1.29142279,0.52667832,-0.11343503,1.43446808,0.60652717,-0.09128979
okay,0,0,0,0.0359688,0.49732207,-0.01810154,0.21228787,0.90012168,-0.02373926,0.37511118,1.21056055,-0.06044506,0.55242308,1.38162829,-0.08764259,0.64546115,0.74849405,0.15207564,0.80476792,1.03204004,0.04777519,0.75809433,1.22479083,-0.05043238,0.65628284,1.33326528,-0.0935609,0.76991446,0.6381471,0.0914553,1.0755452,0.90685009,0.06423652,1.25874167,1.10255026,0.02151033,1.42344338,1.26563671,-0.00701878,0.8358548,0.47478631,-0.0040078,1.16048519,0.65266449,-0.04268075,1.3886072,0.78562219,-0.07298438,1.57935891,0.8882367,-0.09148803,0.85490921,0.27435211,-0.11214216,1.12750352,0.41869142,-0.14330935,1.30900005,0.51475164,-0.14158056,1.46155139,0.60470214,-0.13665714
okay,0,0,0,0.04887182,0.48886993,0.01762894,0.23177613,0.87947923,0.01990258,0.38228474,1.20054554,-0.02172163,0.56711867,1.38639457,-0.05495862,0.67311843,0.69969765,0.20557963,0.81494087,0.9884689,0.1007792,0.76153935,1.20099066,-0.00125113,0.65393595,1.32801791,-0.04352294,0.78804509,0.61561752,0.11880125,1.09847255,0.8890647,0.10687876,1.27685774,1.1142346,0.08002402,1.43829259,1.31001257,0.06349641,0.84763425,0.47977004,-0.00595707,1.18633525,0.67177457,-0.02826309,1.42229904,0.84231185,-0.04097131,1.61165541,0.98126832,-0.0479214,0.86162707,0.31631054,-0.14422364,1.15644989,0.4674991,-0.16305127,1.35429635,0.58455718,-0.15028124,1.5090442,0.69201375,-0.13733684
okay,0,0,0,0.06350674,0.49595966,0.07320901,0.2559456,0.86214241,0.09988252,0.4041779,1.15457962,0.07147511,0.57256445,1.39751796,0.05108213,0.71111971,0.63825989,0.28792056,0.83378464,0.95540622,0.21415217,0.7747424,1.19120251,0.12921097,0.67270991,1.34066103,0.0951572,0.81696879,0.57668188,0.17192531,1.14101305,0.85238329,0.1912806,1.32019692,1.09638628,0.18456671,1.47511773,1.30484632,0.18009419,0.86912183,0.46599588,0.01827217,1.21307194,0.6737973,0.01954408,1.45297001,0.88065133,0.02094141,1.63947418,1.05121071,0.0206671,0.87969525,0.34547278,-0.14609833,1.18845048,0.51198038,-0.15487518,1.39094048,0.64788507,-0.13478819,1.54095195,0.77515496,-0.11715643
okay,0,0,0,0.06398982,0.47955305,0.07423364,0.25871712,0.84738685,0.10378992,0.40181211,1.14406525,0.07941508,0.56660562,1.39050633,0.06173468,0.69983394,0.64899208,0.28344155,0.82793025,0.96710417,0.20124079,0.76674834,1.19560006,0.10642132,0.66547367,1.342619,0.06555948,0.80735827,0.59006155,0.16704106,1.13846683,0.8581308,0.17869333,1.3091562,1.1088684,0.16591671,1.44442999,1.32693989,0.15748269,0.86074737,0.47632198,0.01319686,1.21222218,0.67953303,0.00403462,1.44807204,0.89907818,0.00075345,1.62555681,1.09077116,0.00007054,0.87209682,0.35317382,-0.15054683,1.18527346,0.49865324,-0.16723467,1.39267335,0.63288757,-0.14948458,1.54488736,0.76375616,-0.13216265
okay,0,0,0,0.05767958,0.47945691,0.03027241,0.25889287,0.86489511,0.04625019,0.41885383,1.16944193,0.0188195,0.59439757,1.40694983,-0.00119449,0.69625035,0.65221002,0.24326184,0.82357033,0.9605186,0.1541994,0.77559552,1.20747359,0.05466206,0.69076229,1.3845241,0.0088107,0.81441966,0.58027633,0.15105304,1.13253272,0.84428708,0.14412347,1.3072482,1.10239334,0.11577956,1.45676116,1.33345165,0.09798993,0.87636435,0.45598853,0.02034016,1.22297261,0.65689093,-0.0076117,1.45785883,0.86549353,-0.02542504,1.64390168,1.04927229,-0.032561,0.89298855,0.30891194,-0.12197709,1.19955842,0.44872149,-0.14750799,1.39683359,0.57451086,-0.13567223,1.55100729,0.70230743,-0.12136747
okay,0,0,0,0.07596923,0.49301457,0.05448562,0.26230116,0.86381202,0.07328521,0.41469775,1.16196915,0.04194554,0.59413235,1.3989769,0.01936086,0.70149966,0.64064545,0.2729176,0.81858136,0.96096943,0.18656974,0.77489012,1.19589679,0.09395317,0.67313451,1.34886112,0.05729488,0.82536768,0.56459561,0.16779027,1.15769229,0.82470027,0.17138401,1.32530889,1.08179011,0.16174229,1.4611471,1.31417474,0.16107801,0.88642098,0.43678363,0.02391871,1.23928925,0.62904411,0.00698398,1.46343819,0.84897094,0.01290037,1.63160849,1.04461095,0.02341769,0.89880498,0.29551823,-0.13101286,1.2028183,0.42927638,-0.15062538,1.40387326,0.55390675,-0.12462037,1.55559616,0.67719037,-0.09759791
okay,0,0,0,0.06808787,0.48481145,0.0304061,0.25219973,0.8642547,0.0382259,0.40828542,1.1643435,0.00177021,0.58529482,1.40031514,-0.02577726,0.69223518,0.65511178,0.22825569,0.80909075,0.96838952,0.12992903,0.76643443,1.20185453,0.0337124,0.66470823,1.35298574,-0.00488464,0.81872841,0.57418098,0.13411992,1.15008493,0.83293353,0.12046287,1.32335297,1.08598284,0.10305486,1.46230995,1.30970594,0.09854025,0.87914867,0.4409924,0.00216712,1.23682077,0.62643563,-0.03190863,1.46329952,0.82823068,-0.03306703,1.63536322,1.00580913,-0.02419333,0.886269,0.28879518,-0.141151,1.18909496,0.42383517,-0.17230113,1.38913966,0.53876979,-0.15093268,1.54275768,0.64837418,-0.12539415
okay,0,0,0,0.0666037,0.50256429,0.0356,0.25284615,0.8759019,0.04743127,0.4160401,1.17942331,0.01202261,0.59628512,1.40592039,-0.01571916,0.6895397,0.66593693,0.24312714,0.81608792,0.96809663,0.14783506,0.78094645,1.20175074,0.05324236,0.68455465,1.35307155,0.01538652,0.81620246,0.57776599,0.1472019,1.14705264,0.82967999,0.13724738,1.32633925,1.07777849,0.12052988,1.47726457,1.29592314,0.11544573,0.88155937,0.43843687,0.01271317,1.23792679,0.62881291,-0.01903211,1.4684137,0.82553959,-0.02004743,1.64745889,0.99018396,-0.01178613,0.89546248,0.27536456,-0.13328397,1.19772167,0.40412935,-0.16461717,1.39720088,0.52033062,-0.14575235,1.55223873,0.62695002,-0.12200319
okay,0,0,0,0.05641267,0.48635638,-0.02836131,0.23775847,0.88833544,-0.04210811,0.41187779,1.2121001,-0.08722838,0.60996941,1.34922568,-0.12449879,0.64650195,0.76014336,0.1538935,0.79532891,1.03057957,0.04163558,0.78577999,1.22200544,-0.05918345,0.70898898,1.33772519,-0.09871611,0.78037213,0.62531539,0.09572082,1.10498723,0.87042245,0.07114628,1.29273899,1.05710959,0.0508556,1.46391395,1.22998471,0.04631857,0.85176776,0.44575559,-0.00102545,1.18071572,0.6218897,-0.04024813,1.39363976,0.77192721,-0.03969722,1.56399098,0.89493006,-0.02750866,0.87583904,0.22712099,-0.11372153,1.14932402,0.35748742,-0.14755305,1.32770197,0.44998335,-0.12818308,1.47082826,0.53497827,-0.10139927
okay,0,0,0,0.05095785,0.48645425,-0.04796768,0.22842896,0.90704831,-0.06605927,0.39816191,1.23160171,-0.10774804,0.59650345,1.35546465,-0.14053953,0.6480889,0.77382733,0.10651968,0.80751109,1.03669192,-0.00852891,0.77860247,1.20808272,-0.11151008,0.68438624,1.30380872,-0.15616482,0.77613102,0.63057167,0.06197243,1.08893188,0.870476,0.02279491,1.28007873,1.04258009,-0.02190103,1.4467525,1.19648788,-0.0490119,0.83797542,0.44071523,-0.01686315,1.15954618,0.62208997,-0.06678782,1.36959363,0.76299162,-0.09167309,1.54033101,0.88201885,-0.10195858,0.85045932,0.21274771,-0.11010242,1.11580176,0.35790523,-0.15260375,1.29264278,0.44401862,-0.1489081,1.4412266,0.52537952,-0.13753673
okay,0,0,0,0.05091976,0.48567593,-0.06068012,0.22180738,0.90957499,-0.09007241,0.39659023,1.23816841,-0.14001244,0.59437715,1.37340915,-0.18092094,0.65004224,0.77391677,0.0818316,0.80749055,1.04038219,-0.03603919,0.78112379,1.22345614,-0.13718515,0.69766601,1.33389277,-0.18161739,0.78115818,0.62433316,0.03999837,1.10615259,0.87236896,-0.00333264,1.29935074,1.05057506,-0.0456624,1.47289273,1.21483649,-0.07124325,0.84775051,0.42991589,-0.03586763,1.17935153,0.61026913,-0.09126066,1.39313834,0.74265441,-0.1160842,1.56731117,0.85338205,-0.12605782,0.86217645,0.19774738,-0.12682106,1.13302153,0.33846212,-0.17191587,1.30757633,0.41903149,-0.16674241,1.45267845,0.49163376,-0.15459917
okay,0,0,0,0.06389774,0.49026385,-0.02888734,0.22457704,0.89011051,-0.04597741,0.37622351,1.21238741,-0.09581866,0.56573916,1.3486688,-0.13415982,0.64475021,0.77020999,0.15018389,0.79037325,1.04809981,0.02997452,0.73927303,1.22021071,-0.07541992,0.62627783,1.30706084,-0.11550499,0.77001527,0.63802545,0.09673311,1.07780152,0.87231577,0.06986508,1.24327521,1.05513085,0.04382667,1.39344279,1.21876591,0.03411993,0.83238142,0.46628845,0.00544656,1.13988344,0.62819409,-0.0275849,1.34381135,0.76627565,-0.02483169,1.5083829,0.88224508,-0.0126561,0.84342142,0.27028683,-0.10267262,1.09106505,0.39592813,-0.12781323,1.26378416,0.47838442,-0.10466978,1.40835456,0.55015105,-0.07520661
okay,0,0,0,0.05657962,0.50660995,-0.02489762,0.2125233,0.89686348,-0.03996092,0.37338428,1.21843156,-0.08827776,0.56411769,1.37666313,-0.12765713,0.63778428,0.76203568,0.15663579,0.77585429,1.03926265,0.04048705,0.73963982,1.23279636,-0.06255571,0.64601045,1.34123546,-0.1041708,0.76617446,0.64263263,0.0993284,1.07303068,0.88810027,0.06766441,1.24579269,1.07230961,0.03885073,1.40463066,1.2384891,0.0263936,0.83547093,0.47722321,0.00445664,1.15399535,0.64392015,-0.03786495,1.35533705,0.78817451,-0.04042576,1.51462499,0.91155365,-0.03129336,0.85706215,0.27624148,-0.10588963,1.11572656,0.40982397,-0.1384187,1.28730005,0.50105067,-0.11938691,1.42487514,0.58107366,-0.09378528
okay,0,0,0,0.04120929,0.50179459,-0.01316533,0.1897165,0.9019837,-0.01165339,0.34323838,1.22067449,-0.04484105,0.5273636,1.38589139,-0.06960719,0.62448245,0.76665255,0.17986378,0.75615233,1.03841051,0.07221372,0.7197758,1.23556467,-0.03309105,0.62614046,1.35478969,-0.07926863,0.74914763,0.66240307,0.12181031,1.04972301,0.91202873,0.09916904,1.21251165,1.10317825,0.06351715,1.35894899,1.27849067,0.04247866,0.82019004,0.51245979,0.02750373,1.12848981,0.69367682,-0.00486955,1.32021065,0.83982997,-0.01125661,1.47859231,0.97548814,-0.00842545,0.84376632,0.31847791,-0.08187779,1.09784326,0.46066716,-0.10245237,1.26521729,0.55729311,-0.07956643,1.40891585,0.64856158,-0.05494555
okay,0,0,0,0.03857179,0.52686662,-0.00367869,0.18378327,0.91937792,-0.00372207,0.34388587,1.24704256,-0.04343805,0.53399992,1.42131718,-0.075331,0.62404775,0.75069218,0.20486876,0.76056625,1.02246232,0.10322038,0.73021725,1.23101649,0.00376647,0.64270234,1.35987106,-0.0385364,0.75818189,0.65204311,0.13489509,1.06881729,0.9070472,0.11492277,1.24496281,1.11328786,0.08408571,1.407173,1.29768866,0.06823736,0.83475371,0.50509222,0.02629961,1.15594859,0.68104185,-0.00903027,1.36875154,0.83362907,-0.02006988,1.54029134,0.95733679,-0.01881184,0.86313868,0.32283758,-0.09666033,1.13507473,0.45788481,-0.12480025,1.3138188,0.55450088,-0.11026451,1.45476951,0.63440328,-0.09041198
okay,0,0,0,0.02600263,0.56187352,0.01293103,0.16823886,0.95587912,0.02095347,0.33038695,1.28377934,-0.01446902,0.52445518,1.48306634,-0.04243604,0.61707788,0.76008304,0.23482725,0.74568209,1.02919537,0.14745603,0.72672499,1.25746575,0.06301756,0.64429827,1.40362976,0.03259724,0.75369873,0.65722007,0.15672769,1.07428764,0.91924923,0.1538469,1.25001592,1.1315212,0.14076197,1.40548655,1.32430217,0.13930318,0.83537601,0.50701178,0.03983804,1.16166633,0.69565882,0.01725323,1.37118579,0.86419848,0.02540841,1.53483964,1.00089682,0.04111522,0.86887219,0.32274095,-0.09145363,1.15269685,0.4607526,-0.111419,1.33326997,0.57868745,-0.08495604,1.4682817,0.68068473,-0.05449082
okay,0,0,0,0.01542292,0.5577275,0.00773874,0.15405483,0.97002226,0.01890535,0.32163446,1.31174321,-0.01223333,0.52944867,1.48129259,-0.03608878,0.61973309,0.75586285,0.25794109,0.74598141,1.02378796,0.18408428,0.73385799,1.25583323,0.10096525,0.65878663,1.41329696,0.06826567,0.76016829,0.64972623,0.18121859,1.0882721,0.91113863,0.18697815,1.27368192,1.12483457,0.17034974,1.43995257,1.32472353,0.1657988,0.84355326,0.50026784,0.0637259,1.17083983,0.69112968,0.04430888,1.38872374,0.86537068,0.04193715,1.56523962,1.00450397,0.04959418,0.87638678,0.31151293,-0.06847932,1.16691895,0.45809971,-0.08618858,1.34924524,0.57609166,-0.06383421,1.48780286,0.67817265,-0.03829612
okay,0,0,0,0.01289613,0.53292833,-0.02835442,0.14685368,0.95853315,-0.04331853,0.31894303,1.31664946,-0.09298228,0.552862,1.47464082,-0.13266265,0.62582137,0.74953039,0.19226055,0.7580506,1.0269163,0.10213818,0.74577768,1.26627705,0.01851148,0.66188943,1.43373388,-0.00956354,0.76835959,0.64001839,0.13206708,1.10214221,0.9095052,0.12817614,1.29148858,1.13034817,0.12002213,1.45318647,1.3376685,0.12671176,0.85051785,0.48817858,0.03056626,1.1976384,0.65812239,-0.00038717,1.42737174,0.83059569,-0.00260962,1.60582581,0.97317479,0.01034076,0.87892541,0.30313549,-0.08695229,1.17479817,0.46190528,-0.11438657,1.36574968,0.58088212,-0.0963635,1.50711117,0.6904441,-0.06946664
okay,0,0,0,0.00996244,0.49528708,-0.05132831,0.15638342,0.921854,-0.07560069,0.32779492,1.27672376,-0.12354146,0.55194883,1.43300006,-0.16116882,0.63499211,0.74158504,0.12157151,0.77685994,1.01009985,0.03029271,0.76231007,1.23221945,-0.0511346,0.68176791,1.38452831,-0.08149079,0.78630431,0.61783941,0.07062779,1.12612864,0.88251886,0.0516589,1.32481726,1.11394521,0.03274044,1.4925543,1.32506396,0.02943625,0.86908299,0.44002513,-0.01713914,1.22376013,0.61780092,-0.06324792,1.45398498,0.79708057,-0.08499518,1.63608831,0.94452419,-0.08738384,0.89086617,0.22946974,-0.11913651,1.18836451,0.38082053,-0.16215113,1.38437248,0.49379579,-0.15883547,1.53518967,0.60091963,-0.14409802
okay,0,0,0,0.03294763,0.51959248,-0.01951277,0.18451956,0.92691865,-0.02975042,0.35139352,1.25603599,-0.07336525,0.55011829,1.43559245,-0.10942864,0.64316377,0.73601029,0.17407503,0.78035284,1.01175463,0.06985197,0.74817349,1.22022933,-0.03138269,0.65971399,1.35829002,-0.0746667,0.78508298,0.6193906,0.10557632,1.12133044,0.88915726,0.07881052,1.32297477,1.10444218,0.04148145,1.49744207,1.29639697,0.02251269,0.86498887,0.44574241,-0.0005526,1.21163417,0.63775199,-0.04815068,1.44496055,0.81029505,-0.07310147,1.63337628,0.95250167,-0.07977013,0.88855665,0.22773059,-0.11955407,1.1866175,0.383994,-0.15774566,1.37882444,0.50091196,-0.14808399,1.53173456,0.60660174,-0.1314045
okay,0,0,0,0.0229233,0.49945554,-0.02025765,0.1918678,0.92611259,-0.02481828,0.35564837,1.25530214,-0.06075377,0.54385293,1.41578371,-0.0903473,0.6386018,0.74766249,0.17039652,0.78095409,1.01397155,0.08101777,0.75161493,1.20859114,-0.0119473,0.66787986,1.33770087,-0.05434842,0.77536546,0.63151278,0.10312378,1.10478846,0.90065575,0.08741024,1.29734245,1.10260157,0.05151814,1.47358606,1.29073885,0.02946065,0.85109316,0.4562598,-0.00037414,1.17827844,0.70017274,-0.03902712,1.40226624,0.90803164,-0.06734819,1.5903794,1.07959144,-0.08259096,0.87915324,0.23019081,-0.11681009,1.16836189,0.38361176,-0.15330006,1.36183738,0.49770268,-0.14853591,1.5207441,0.60743942,-0.13953463
okay,0,0,0,0.03070859,0.47829461,-0.03256693,0.20363424,0.90456699,-0.03938776,0.36822542,1.23087129,-0.07416913,0.56551888,1.38977112,-0.10292113,0.64256486,0.7319138,0.15454146,0.78362741,0.99037699,0.0503142,0.75898569,1.18782295,-0.05597474,0.67976665,1.32614133,-0.10528599,0.7814485,0.62396974,0.09202311,1.11215538,0.88207633,0.06271924,1.30825156,1.10345521,0.01529227,1.47797227,1.30997032,-0.01344826,0.85988249,0.45280158,-0.00809934,1.19566212,0.67826505,-0.05681456,1.42387781,0.88376609,-0.09313445,1.61169168,1.06115318,-0.11006996,0.89255118,0.2336863,-0.12214155,1.19997105,0.38981946,-0.16282038,1.39567707,0.5079513,-0.16076147,1.5488388,0.62441109,-0.15138
okay,0,0,0,0.045299,0.47317301,-0.02578851,0.21143046,0.87474404,-0.03792134,0.37131577,1.18609135,-0.07868171,0.55698605,1.36101588,-0.11463236,0.64341779,0.73240056,0.13312995,0.77999992,0.99149757,0.02319289,0.74652206,1.18480189,-0.08290906,0.66525788,1.31354544,-0.13443032,0.78359787,0.62126837,0.06334061,1.11828651,0.87451284,0.01527501,1.33098073,1.08988529,-0.04940039,1.51624347,1.27448623,-0.09165914,0.85832261,0.44623439,-0.03934085,1.21159375,0.63305207,-0.10220023,1.45095319,0.80583335,-0.15046602,1.64935755,0.95332343,-0.17695134,0.88190767,0.22917933,-0.1534588,1.18390738,0.37006424,-0.20138504,1.37770657,0.49057119,-0.20468792,1.53420467,0.61569826,-0.20140893
okay,0,0,0,0.05068093,0.46758459,-0.03220747,0.21818175,0.86758926,-0.05204038,0.37632491,1.18004973,-0.09927249,0.56113975,1.35016415,-0.1419579,0.64354691,0.73581305,0.11311825,0.7805345,0.99960092,-0.00724326,0.74402183,1.18292163,-0.12162792,0.66173435,1.29934154,-0.17867101,0.7840144,0.62074263,0.04508941,1.11405483,0.87865781,-0.01326621,1.32997914,1.09220591,-0.08835213,1.52025193,1.27340861,-0.13948038,0.85632847,0.44362675,-0.05502001,1.20867671,0.62888662,-0.12472812,1.44775508,0.79083476,-0.18207786,1.6483141,0.9285353,-0.21620547,0.87640867,0.2302087,-0.16636848,1.17378383,0.3733095,-0.21767332,1.36420669,0.48686419,-0.22605744,1.51978142,0.60172929,-0.22789103
okay,0,0,0,0.03054391,0.46320917,-0.05947331,0.20510581,0.88086495,-0.07785209,0.36953658,1.21709672,-0.11505195,0.56146385,1.34165533,-0.14914644,0.6226951,0.7553861,0.07267657,0.76489925,1.01423023,-0.05152404,0.7361465,1.20427475,-0.17030283,0.66252177,1.33015946,-0.23298205,0.77154363,0.63617642,0.02404014,1.10183009,0.88599495,-0.04181184,1.31486606,1.09538349,-0.12356408,1.50238247,1.28359621,-0.18237005,0.84951798,0.45105227,-0.0562739,1.1967961,0.65224833,-0.13209166,1.42841772,0.82632511,-0.19667699,1.62618476,0.98180312,-0.23765875,0.87860289,0.22054467,-0.14926144,1.17799984,0.38097671,-0.20709009,1.3662157,0.49677931,-0.22206608,1.52409239,0.61759425,-0.23069686
okay,0,0,0,0.03806418,0.46846944,-0.06461866,0.19861543,0.88671871,-0.09134393,0.36652131,1.22492526,-0.13749709,0.57288755,1.34791246,-0.17976147,0.62634588,0.75394471,0.07550003,0.76633701,1.00554126,-0.04970094,0.73969104,1.19463058,-0.16443029,0.66047715,1.31675405,-0.22190107,0.77593718,0.63081019,0.02723287,1.10631063,0.8740159,-0.03834924,1.31779702,1.07116553,-0.11501209,1.5073598,1.25169365,-0.1676062,0.85666649,0.4436177,-0.05397312,1.20464519,0.64158754,-0.13206053,1.43738073,0.81254121,-0.19074761,1.63388816,0.96445303,-0.22475702,0.8867211,0.20758463,-0.14846822,1.19040383,0.36525217,-0.20772974,1.38312543,0.48212765,-0.21905274,1.54181238,0.60178952,-0.22244888
okay,0,0,0,0.02904261,0.45908547,-0.0778616,0.19074507,0.89033295,-0.10806094,0.36454795,1.237919,-0.15372176,0.57235549,1.3479723,-0.19466677,0.61976503,0.75682138,0.0537702,0.75878968,1.009257,-0.07849078,0.742766,1.19352247,-0.19498227,0.66801997,1.30597241,-0.25088406,0.77393445,0.63326571,0.01356157,1.11189068,0.88398237,-0.05700109,1.33021954,1.07704827,-0.13139624,1.52016168,1.24182976,-0.17924233,0.85762306,0.44464206,-0.0598041,1.20769978,0.63964195,-0.14144164,1.43962054,0.80047162,-0.1972151,1.63212898,0.9355503,-0.22588313,0.88950257,0.20210288,-0.14726982,1.19261357,0.36131439,-0.20984226,1.38412503,0.47081029,-0.22099129,1.54003191,0.57778102,-0.22100289
okay,0,0,0,0.04378099,0.47073332,-0.05144621,0.1978345,0.89583293,-0.07345411,0.35686833,1.234483,-0.11824686,0.55857297,1.34692813,-0.15832968,0.61956368,0.76024284,0.09415272,0.77199757,1.01990565,-0.0379456,0.74279618,1.1913124,-0.16222557,0.65212948,1.29248541,-0.22460371,0.77308608,0.63430112,0.0370644,1.11819968,0.88925024,-0.03618594,1.33942086,1.09477461,-0.12753263,1.53684947,1.27676706,-0.19019721,0.85979447,0.44599432,-0.05258928,1.21182762,0.65501734,-0.1360818,1.45135489,0.82069569,-0.20684443,1.65920849,0.96434977,-0.24871586,0.89614784,0.20958676,-0.15408328,1.20136787,0.36795511,-0.21464775,1.39466102,0.48493444,-0.22952746,1.56016082,0.6047364,-0.23594439
okay,0,0,0,0.03835555,0.47120661,-0.04232725,0.19176632,0.88490418,-0.06172013,0.35184298,1.22389641,-0.10652313,0.55145533,1.35684458,-0.14777155,0.6185905,0.75141643,0.10642813,0.76440041,1.00202141,-0.02087801,0.74299832,1.18945781,-0.13953288,0.66042267,1.30886716,-0.19842123,0.7742036,0.63293663,0.04408763,1.11967926,0.89210451,-0.02200074,1.34177218,1.10257799,-0.10332686,1.53673839,1.28703905,-0.15832367,0.86090437,0.44859697,-0.05115357,1.21668566,0.64949942,-0.12898285,1.46056594,0.81470982,-0.1914106,1.66755067,0.95920239,-0.22787999,0.89549861,0.21394687,-0.15821194,1.20037392,0.36775176,-0.21724912,1.39863198,0.48102257,-0.22942388,1.56459608,0.59746788,-0.23340553
okay,0,0,0,0.03194322,0.46594379,-0.05504016,0.19310563,0.89503777,-0.07539409,0.35102651,1.22712252,-0.11832681,0.54076247,1.37097959,-0.15078005,0.62243281,0.77574924,0.09997166,0.7591017,1.04434661,-0.01499877,0.72992879,1.2263685,-0.11124301,0.63513941,1.31996014,-0.14890539,0.76208852,0.64747285,0.05620391,1.07743389,0.90020101,0.01970698,1.25875294,1.08742578,-0.0090261,1.42297109,1.25703338,-0.02059232,0.83544349,0.46950196,-0.02358522,1.14671974,0.664652,-0.07352712,1.34303995,0.82395841,-0.08067069,1.49637225,0.95774402,-0.07407006,0.86245288,0.24277828,-0.11983066,1.12207427,0.38346796,-0.16411334,1.30392447,0.47838827,-0.15172134,1.45255429,0.56826459,-0.12995158
okay,0,0,0,0.05156109,0.48160121,-0.01511735,0.21750729,0.89509599,-0.01944118,0.36861717,1.2183698,-0.05797486,0.56131329,1.33296611,-0.08705148,0.64648882,0.76374025,0.16358532,0.78646062,1.03348401,0.06122572,0.74788206,1.20238717,-0.03554006,0.64848336,1.28725238,-0.07411256,0.77347921,0.63382167,0.10347723,1.07494187,0.88111344,0.08367519,1.24892471,1.06838357,0.04971846,1.40991514,1.23154451,0.03041225,0.84100989,0.46313308,0.0086449,1.15029275,0.62803911,-0.02130381,1.3579181,0.76870471,-0.03447545,1.52796274,0.88289011,-0.037684,0.85837489,0.26408428,-0.10075606,1.11341421,0.39393937,-0.12564612,1.28923154,0.48342698,-0.11168138,1.43747741,0.56429484,-0.09346784
okay,0,0,0,0.05806131,0.48936288,-0.01702265,0.21790921,0.88835727,-0.02817147,0.36921073,1.20669562,-0.07289382,0.55884723,1.3584575,-0.10608621,0.64314097,0.75921252,0.15410035,0.79421195,1.04423299,0.03433189,0.7430305,1.21669402,-0.07097649,0.62456911,1.296538,-0.11132107,0.77020077,0.63780152,0.09186266,1.08961238,0.88545016,0.0615714,1.26438082,1.07758661,0.02574168,1.41724853,1.24359752,0.00643761,0.83478133,0.47113633,-0.0064998,1.15787439,0.63974136,-0.04444807,1.36730558,0.78759002,-0.05611747,1.53225538,0.91066234,-0.05619384,0.85054897,0.2778669,-0.11945785,1.11384824,0.40685836,-0.14941917,1.29453584,0.50132081,-0.13557779,1.44270192,0.58640886,-0.11566389
okay,0,0,0,0.04775245,0.51290135,-0.002623,0.19442571,0.90270214,-0.00660623,0.34132385,1.22457281,-0.05080309,0.52959056,1.37395651,-0.0842202,0.6273314,0.77426418,0.19778336,0.77633469,1.06432736,0.08248291,0.72555644,1.24145648,-0.02479629,0.60491614,1.31849433,-0.06375913,0.75764332,0.65266882,0.13020938,1.07580736,0.91339543,0.11475662,1.2512652,1.11485904,0.08597423,1.40547872,1.28465385,0.07237605,0.83021264,0.48994086,0.02386002,1.14919814,0.66091225,0.00275044,1.36004386,0.81638763,0.00130299,1.52695619,0.94305424,0.00791567,0.85582835,0.30207385,-0.09815363,1.11278719,0.44637919,-0.11073603,1.28974155,0.55080735,-0.08525749,1.43372819,0.63856845,-0.05726354
okay,0,0,0,0.0462917,0.50284572,-0.01146455,0.19538011,0.89496523,-0.01936169,0.34544862,1.20427023,-0.06272863,0.52512153,1.38245427,-0.09555214,0.63333511,0.75148806,0.17238418,0.78316686,1.0333458,0.05628745,0.73023053,1.22071094,-0.05048421,0.61600358,1.32053146,-0.09369259,0.7629501,0.64645738,0.10598636,1.08129708,0.90689545,0.07581164,1.26654029,1.11417273,0.03769722,1.43279756,1.29272316,0.01728643,0.83169293,0.48854281,0.0026537,1.16075966,0.66300212,-0.03735089,1.37308833,0.8175311,-0.04961975,1.54081143,0.94746118,-0.04831773,0.85192446,0.29238211,-0.11473846,1.11925181,0.43129488,-0.14427782,1.298814,0.53296239,-0.12808718,1.44530727,0.6233149,-0.10603327
okay,0,0,0,0.04799815,0.50617302,0.00009193,0.19972133,0.89670701,-0.00399759,0.35564296,1.20233773,-0.04608532,0.53482592,1.39537193,-0.07961356,0.64312859,0.7453962,0.19018181,0.7888335,1.02399244,0.08436651,0.7451761,1.22093883,-0.01667565,0.64248754,1.33469734,-0.05799462,0.76734871,0.64123004,0.11699819,1.08909313,0.90114143,0.09572913,1.27607462,1.11061257,0.06313282,1.44520376,1.29301841,0.04536228,0.83273691,0.48518804,0.00724813,1.15905009,0.67503223,-0.02608917,1.37306756,0.837784,-0.03514382,1.5438185,0.96889495,-0.03377879,0.84917029,0.29053747,-0.11591415,1.11820706,0.42749565,-0.14341447,1.29948562,0.52856447,-0.12594548,1.44752403,0.61601677,-0.10404856
okay,0,0,0,0.04739589,0.51291273,-0.00081952,0.20339847,0.89705001,-0.00386728,0.36387601,1.20234424,-0.04470512,0.54024327,1.40478965,-0.07732928,0.64614009,0.74662889,0.1932746,0.80131162,1.01299137,0.08514823,0.75741345,1.2026795,-0.0214756,0.65318503,1.31305881,-0.06762168,0.76945712,0.63869847,0.12180108,1.09027907,0.89936953,0.09752923,1.28046725,1.10926997,0.05676395,1.45095242,1.29238821,0.03186442,0.83195563,0.48175489,0.01354725,1.16211022,0.66379649,-0.02308312,1.38108381,0.82001657,-0.04076181,1.5547108,0.9507517,-0.04581144,0.84362932,0.28528604,-0.10772548,1.11419851,0.42247641,-0.13612738,1.29845522,0.52348536,-0.12340568,1.45006913,0.61338494,-0.10637911
okay,0,0,0,0.04424987,0.51963518,0.01047006,0.20622178,0.90092622,0.01576096,0.36561854,1.21181137,-0.01922667,0.54084925,1.41170676,-0.04659674,0.65229665,0.73786463,0.21443363,0.79627033,1.0163212,0.12028172,0.75264536,1.21781521,0.02384067,0.65428412,1.33591832,-0.01692756,0.77152248,0.63620206,0.13798994,1.09250923,0.89832988,0.12477555,1.28130022,1.10943054,0.09078146,1.45058392,1.29746238,0.06956126,0.83209473,0.48386183,0.02477543,1.1579259,0.67020065,-0.00370454,1.37421341,0.83239215,-0.02084963,1.54696867,0.96644766,-0.02781558,0.84451075,0.29632738,-0.101007,1.11714497,0.43337232,-0.12622657,1.30088835,0.53326814,-0.11526974,1.44984205,0.62209232,-0.10104655
okay,0,0,0,0.04229628,0.51174174,0.00815395,0.20416325,0.90059145,0.0144775,0.35677939,1.21635524,-0.01786036,0.5283766,1.41092846,-0.0425916,0.64611485,0.74115473,0.20274289,0.79603051,1.02037271,0.10263654,0.75067853,1.21281272,0.00012206,0.64640602,1.31676437,-0.04448902,0.76620756,0.64259316,0.12813332,1.08848114,0.90364271,0.10796981,1.27925218,1.11754061,0.06473599,1.4431228,1.29813058,0.03631418,0.82621118,0.49228922,0.01768961,1.15260907,0.68028132,-0.01441005,1.3705794,0.84536444,-0.04117428,1.54245887,0.97807927,-0.05569863,0.83775729,0.30499659,-0.10462349,1.10790747,0.44323668,-0.13114808,1.29123699,0.53829682,-0.12474078,1.43949184,0.61984393,-0.11501198
okay,0,0,0,0.03167771,0.48769647,-0.04955034,0.19241828,0.88091637,-0.06842621,0.35496796,1.20439051,-0.11197354,0.5410738,1.36316491,-0.14679512,0.6464939,0.75339651,0.11594626,0.80596245,1.03156848,-0.00782959,0.75671839,1.21609818,-0.12353409,0.6530474,1.31437229,-0.1757277,0.77300777,0.63439656,0.0702619,1.08580893,0.90410813,0.02869193,1.27641251,1.11050127,-0.02347455,1.44123758,1.28793569,-0.05709662,0.83583492,0.46546052,-0.01220255,1.16052754,0.65378595,-0.06235187,1.37800278,0.81369499,-0.09775299,1.55380988,0.94643896,-0.1157441,0.8463801,0.24955156,-0.10969879,1.11246066,0.40613247,-0.14791995,1.29305205,0.51558724,-0.14762152,1.44278427,0.61798645,-0.14079827
okay,0,0,0,0.03088878,0.48791927,-0.03781509,0.18486152,0.89704219,-0.05174227,0.34435158,1.22228449,-0.09051799,0.53277067,1.38391794,-0.12173445,0.64024533,0.74985415,0.12238634,0.7887859,1.02518812,0.0110272,0.75058456,1.22981801,-0.0983269,0.66115291,1.3599708,-0.15069741,0.77022525,0.63777195,0.07064285,1.09359255,0.8988188,0.03293061,1.29120897,1.10225653,-0.02053177,1.46499572,1.28236498,-0.05751749,0.83471332,0.46897378,-0.01450634,1.16335815,0.65950554,-0.06038519,1.38173375,0.81949653,-0.09505849,1.56409072,0.95666276,-0.1158823,0.84553015,0.25226874,-0.11313385,1.11552429,0.4051171,-0.1481418,1.29591667,0.50732634,-0.14412737,1.4468682,0.60031152,-0.13700296
okay,0,0,0,0.03426897,0.48787418,-0.0443289,0.18361585,0.89941851,-0.06501172,0.34419372,1.22401376,-0.10976226,0.53218037,1.39401742,-0.14560324,0.64242457,0.74873616,0.11616987,0.80004291,1.03481937,-0.001022,0.75331265,1.23038149,-0.11343699,0.64967177,1.34367201,-0.16582087,0.77316642,0.6342032,0.06614156,1.09958579,0.90896856,0.02472705,1.29869235,1.11576954,-0.03513615,1.47127033,1.2959166,-0.07657444,0.83825664,0.46354429,-0.017778,1.16905097,0.66280268,-0.06636278,1.38721401,0.82728015,-0.10719978,1.56666467,0.96601732,-0.13226474,0.84930577,0.24518199,-0.11534383,1.12370847,0.40557604,-0.151843,1.30540267,0.50920161,-0.15083242,1.4569683,0.60233406,-0.14591107
okay,0,0,0,0.03992938,0.48547544,-0.04446251,0.19203984,0.89421681,-0.06709357,0.34751837,1.21928311,-0.11547349,0.53285319,1.39751501,-0.15408435,0.64411186,0.74768775,0.11650468,0.79822135,1.031336,-0.0092274,0.7431682,1.22091792,-0.12307698,0.62875334,1.31977657,-0.17286961,0.77331552,0.63402138,0.06572168,1.09396446,0.90240921,0.02009975,1.28959638,1.10942945,-0.03478637,1.46148253,1.28712483,-0.06978521,0.83784192,0.46493605,-0.02079574,1.16951226,0.65960979,-0.07465852,1.39223869,0.82099187,-0.10973498,1.57230667,0.95492037,-0.12732331,0.85055437,0.24870612,-0.12146487,1.11961144,0.40497815,-0.16260768,1.30130628,0.51065329,-0.16040087,1.45145787,0.60663253,-0.15151653
okay,0,0,0,0.03943361,0.47249526,-0.04132036,0.20007902,0.88403731,-0.06111713,0.34957607,1.21639998,-0.10678636,0.53227625,1.37982983,-0.1429187,0.64529208,0.74534796,0.1212795,0.79681803,1.03842839,-0.00242009,0.73933245,1.22687126,-0.12018315,0.62635787,1.3259439,-0.17348281,0.77228383,0.63527764,0.07096647,1.08650813,0.90696373,0.03069721,1.28395891,1.1106357,-0.02754072,1.46038724,1.28592483,-0.06732625,0.83645771,0.471624,-0.01444864,1.15948062,0.6735338,-0.05838354,1.37571788,0.83294149,-0.09487048,1.55403182,0.96453207,-0.11655781,0.85105917,0.26348826,-0.11436214,1.11924733,0.42295222,-0.14525092,1.29712023,0.5280979,-0.14110026,1.44460907,0.62656537,-0.13340861
okay,0,0,0,0.04200191,0.480449,-0.04325973,0.20136872,0.88626153,-0.06288923,0.3514731,1.21519934,-0.10818521,0.53580554,1.37931598,-0.1442269,0.64026951,0.74936171,0.11668548,0.79258094,1.04320626,-0.00964639,0.73325444,1.22772203,-0.12571316,0.61972986,1.31980323,-0.17683587,0.76843072,0.63993299,0.06655034,1.08555849,0.91785763,0.0230847,1.27791811,1.12451178,-0.03289535,1.44679618,1.29964675,-0.06981169,0.83446093,0.47312199,-0.01936622,1.16195175,0.67820783,-0.06947891,1.37999558,0.84345137,-0.10662522,1.55798964,0.97993812,-0.12687891,0.85109508,0.25963557,-0.11948712,1.11956986,0.42174116,-0.15614757,1.297346,0.52918012,-0.15379941,1.44478818,0.6269359,-0.14613691
okay,0,0,0,0.04410888,0.48373361,-0.03883309,0.20064759,0.8856941,-0.05821133,0.35393702,1.21197533,-0.10506022,0.5379451,1.38089662,-0.14278037,0.64195148,0.74969156,0.12540615,0.79060877,1.04189351,0.00146963,0.73344412,1.22644999,-0.11217043,0.62147933,1.32060096,-0.16179167,0.76996895,0.63808136,0.07223512,1.08700028,0.91171281,0.0304568,1.27854184,1.11771219,-0.02154974,1.44841981,1.29683868,-0.0548022,0.83501594,0.46968772,-0.01696196,1.16347554,0.66881902,-0.06761736,1.382694,0.83130136,-0.10047672,1.5598138,0.96560838,-0.11655639,0.84984989,0.25725359,-0.12030881,1.1180092,0.42067814,-0.1592434,1.29816172,0.5270816,-0.15598377,1.44641753,0.62041127,-0.146317
rock,0,0,0,0.10369128,0.458912,-0.17054111,0.29386678,0.737195,-0.25929882,0.56243946,0.79515922,-0.34573352,0.76556419,0.69998314,-0.42592983,0.66672374,0.95229307,-0.07262069,0.93130742,1.25789968,-0.12876214,1.11424221,1.41950497,-0.15485315,1.25845547,1.50942711,-0.17581543,0.7610423,0.64870226,-0.06680038,1.11006539,0.75823031,-0.21998013,0.91382049,0.65929429,-0.27985229,0.74903178,0.62193115,-0.26960103,0.79986505,0.36514432,-0.0795525,1.11602471,0.43192658,-0.23310346,0.91586373,0.43516474,-0.26295597,0.72374831,0.41847401,-0.23593695,0.78918033,0.07465998,-0.10900579,1.09621883,0.0312722,-0.2063288,1.30138809,0.00258518,-0.24876803,1.48084843,-0.01814318,-0.26328055
rock,0,0,0,0.10018186,0.45602888,-0.17127256,0.29140014,0.743885,-0.26298352,0.56372196,0.77919746,-0.35224703,0.76102942,0.64451493,-0.43498102,0.66966387,0.94554005,-0.07252609,0.93178986,1.25432559,-0.13144569,1.11209543,1.41540494,-0.15922931,1.25414294,1.51281144,-0.18161133,0.76204325,0.64752613,-0.06651838,1.1052165,0.7644471,-0.22362235,0.91397772,0.65475894,-0.28614824,0.75044543,0.60486306,-0.27717023,0.80247472,0.36478966,-0.07881072,1.11989474,0.43243212,-0.23461659,0.92649246,0.42677633,-0.26424012,0.7347363,0.40195593,-0.23593497,0.79318278,0.07568659,-0.10773935,1.09634064,0.0277241,-0.20481583,1.3002415,-0.00316028,-0.24631546,1.47765166,-0.02822245,-0.25942076
rock,0,0,0,0.10647962,0.4600128,-0.16425028,0.29736558,0.74650268,-0.25573089,0.58096908,0.77884421,-0.34569351,0.77269113,0.6222986,-0.43025971,0.66044848,0.95444362,-0.07240879,0.92556144,1.26238717,-0.12375909,1.10999114,1.4272051,-0.1461178,1.25343544,1.51660697,-0.1655043,0.7600831,0.64982588,-0.06846877,1.10892859,0.75757405,-0.20959145,0.91236958,0.65412113,-0.26045551,0.75610532,0.60959228,-0.246411,0.80302634,0.37061219,-0.08138294,1.12151649,0.43300874,-0.22115702,0.92477268,0.43409955,-0.24165709,0.73757867,0.40559701,-0.21176696,0.79395191,0.08055699,-0.11103279,1.10016327,0.03104555,-0.19918542,1.30207247,0.00087877,-0.23435448,1.47828005,-0.02902855,-0.24483774
rock,0,0,0,0.10648884,0.4644933,-0.15252633,0.30234351,0.74256027,-0.23631283,0.57883248,0.78297954,-0.31891596,0.76434232,0.64549192,-0.39455544,0.66246444,0.95239718,-0.076179,0.92539787,1.25758205,-0.12796439,1.10623286,1.42540244,-0.14847987,1.24374111,1.52329906,-0.16608781,0.75684152,0.65359843,-0.07286053,1.0923224,0.76721373,-0.20836737,0.89586602,0.66454497,-0.24980276,0.74955625,0.6306878,-0.23247108,0.79841078,0.37814497,-0.08598427,1.11291626,0.44054457,-0.22195318,0.90024842,0.43426543,-0.23405523,0.70517741,0.40747871,-0.20133709,0.79195708,0.09392673,-0.11551065,1.09672897,0.0357206,-0.20770046,1.30424416,-0.00181541,-0.24687113,1.49276217,-0.03038452,-0.26126439
rock,0,0,0,0.14695354,0.48436988,-0.13839794,0.32494193,0.73859933,-0.2283731,0.61543746,0.81690452,-0.32334907,0.80631504,0.67161814,-0.4141438,0.65224299,0.96118547,-0.05849553,0.92933334,1.27534059,-0.10944776,1.11251286,1.44856808,-0.1275231,1.24540269,1.52413805,-0.14238572,0.75746292,0.65287818,-0.05376952,1.0906624,0.78249944,-0.15749555,0.87299448,0.6492228,-0.16291836,0.76242812,0.634055,-0.12698966,0.80304931,0.40147056,-0.06802322,1.13286882,0.45941251,-0.15896801,0.89964851,0.42706083,-0.14051991,0.70696263,0.40016471,-0.10023928,0.79787249,0.09727975,-0.10142394,1.10419395,0.05365378,-0.1674076,1.31622534,-0.00337815,-0.19696864,1.49748743,-0.03006847,-0.21095967
rock,0,0,0,0.12849858,0.48018007,-0.1393982,0.31953287,0.73583121,-0.22371482,0.60415791,0.80922965,-0.31144337,0.78984282,0.6684105,-0.3937199,0.65973812,0.9587539,-0.0536232,0.92566584,1.25279129,-0.10044048,1.10324173,1.42677337,-0.11877706,1.23288539,1.50670382,-0.13513635,0.75920226,0.65085477,-0.0507912,1.08389566,0.77496362,-0.16381127,0.87938007,0.66100923,-0.18498129,0.76558059,0.64079042,-0.15841752,0.80188398,0.3902222,-0.06584219,1.12828634,0.44759871,-0.17067502,0.89970681,0.42870653,-0.16490317,0.70378665,0.40137261,-0.12975931,0.79271867,0.09503514,-0.09882754,1.09529256,0.04988747,-0.1738648,1.30302263,0.00603759,-0.20886012,1.48640375,-0.01424576,-0.22549657
rock,0,0,0,0.10999905,0.47293522,-0.14801347,0.30421906,0.74747815,-0.2280925,0.57661905,0.81936848,-0.30886771,0.77169906,0.72078867,-0.38219875,0.65798121,0.95838822,-0.05280246,0.92148484,1.24074275,-0.09421642,1.10132834,1.40269921,-0.10781129,1.23288494,1.48044642,-0.12085588,0.75460447,0.65617992,-0.04895579,1.08714613,0.78192395,-0.17581882,0.88465531,0.68679973,-0.21166459,0.73579772,0.64958525,-0.18963231,0.79832871,0.38479751,-0.0630497,1.12677092,0.4543375,-0.18683884,0.90973713,0.45301965,-0.19783847,0.71313139,0.42877617,-0.16722452,0.79266338,0.09879013,-0.09398743,1.09718974,0.0482744,-0.1788379,1.30268789,0.01601385,-0.22084994,1.49008242,-0.00252107,-0.23948116
rock,0,0,0,0.06316744,0.46281387,-0.14012712,0.28910059,0.81078307,-0.1927691,0.57114588,0.87593824,-0.24512083,0.77568397,0.78699965,-0.291039,0.6721888,0.93698172,-0.01720866,0.93716473,1.18869107,-0.06214201,1.10947892,1.31961764,-0.09250942,1.25566982,1.39776752,-0.12141735,0.76332411,0.64601572,-0.02171999,1.12097994,0.76771883,-0.1861223,0.94171122,0.74931829,-0.2758845,0.74815925,0.70693228,-0.28573318,0.80050624,0.35743006,-0.04168212,1.13168914,0.45078247,-0.20308091,0.93559825,0.51455614,-0.24961075,0.73059053,0.51751874,-0.2323516,0.7927885,0.06582605,-0.07409099,1.1075456,0.03504601,-0.17550026,1.31367368,0.03277195,-0.2251193,1.49892407,0.02228848,-0.2456949
rock,0,0,0,0.07102675,0.47603931,-0.13820655,0.29772994,0.82610721,-0.19144173,0.58837617,0.88119444,-0.24399519,0.79326103,0.77105481,-0.2908164,0.67880101,0.93404473,-0.02254035,0.94902538,1.18851005,-0.0682828,1.12403455,1.31721453,-0.09918566,1.27155447,1.39674093,-0.12816572,0.76827586,0.6401189,-0.02688919,1.13420449,0.75832817,-0.19189874,0.95277683,0.74615993,-0.28256832,0.75540451,0.71012839,-0.29329187,0.80474854,0.34847283,-0.04532901,1.14275018,0.43880457,-0.20624317,0.94407286,0.51079434,-0.25380096,0.73300042,0.51952737,-0.23762171,0.79725371,0.05281173,-0.07554582,1.11559517,0.01670714,-0.17455016,1.32551622,0.01576339,-0.22375578,1.51330487,0.00493571,-0.24478855
rock,0,0,0,0.1011923,0.47241088,-0.1377151,0.33057405,0.76889188,-0.19791477,0.60820537,0.82027085,-0.25710859,0.79516045,0.70568416,-0.31040313,0.68151871,0.93345122,-0.04025327,0.95251849,1.22084564,-0.08038528,1.13618714,1.37377471,-0.10115545,1.28314025,1.45553771,-0.12209187,0.77316981,0.63419906,-0.04254127,1.12842946,0.74126638,-0.18602144,0.93911125,0.69036452,-0.24930459,0.75955983,0.65200972,-0.24398506,0.81070957,0.34547385,-0.05953963,1.13890281,0.41822446,-0.20130331,0.94259842,0.46086957,-0.23154833,0.7465516,0.45409847,-0.20832519,0.79961643,0.05324052,-0.09000808,1.11717914,0.00296578,-0.18175627,1.32419953,-0.01794415,-0.22434624,1.50924159,-0.03974328,-0.24131173
rock,0,0,0,0.10999747,0.43425491,-0.16313294,0.3083031,0.70890938,-0.26132388,0.60279453,0.72168694,-0.35543208,0.80318527,0.52455747,-0.44513138,0.64334678,0.98720736,-0.12537621,0.93458126,1.31391866,-0.20753214,1.12011329,1.51284437,-0.25338292,1.26307566,1.62422401,-0.28712363,0.75868933,0.65145261,-0.11293741,1.11192455,0.74235766,-0.25286054,0.86818881,0.59883656,-0.29326537,0.71762096,0.55651974,-0.28045591,0.80223663,0.37112422,-0.11574407,1.12410779,0.41518592,-0.24168621,0.90575271,0.3729296,-0.24972459,0.71677013,0.3280905,-0.22168887,0.7864997,0.08070358,-0.13579881,1.08193715,0.06064465,-0.22124111,1.28319504,0.00755567,-0.25906777,1.45657457,-0.03243336,-0.27581481
rock,0,0,0,0.06873932,0.37623347,-0.21849196,0.2840121,0.6329382,-0.32459872,0.58352347,0.59662927,-0.41053719,0.80420281,0.42589386,-0.48513714,0.64198156,0.97256647,-0.18696994,0.93013539,1.31522035,-0.2799394,1.11909954,1.51065966,-0.33065193,1.27790941,1.64264949,-0.37070512,0.7572345,0.6531431,-0.15116522,1.08943851,0.71657016,-0.31458663,0.87541518,0.55678248,-0.37143242,0.71863008,0.49605375,-0.37169886,0.79775408,0.34933721,-0.13301852,1.08588618,0.35389637,-0.30289648,0.87084358,0.27040374,-0.32708894,0.69127034,0.21904585,-0.30270327,0.78256582,0.06656962,-0.13264266,1.07334132,0.01655106,-0.24991095,1.27196231,-0.05139523,-0.2979945,1.46303976,-0.09634238,-0.31867387
rock,0,0,0,0.08932442,0.4039289,-0.20698628,0.30850216,0.6432989,-0.30811719,0.61000232,0.61821384,-0.39066833,0.82202409,0.44630697,-0.46516904,0.65596212,0.96321929,-0.18792913,0.95630811,1.29931213,-0.28353131,1.14115821,1.50569254,-0.34324163,1.29263681,1.63855608,-0.39039,0.76980515,0.63827896,-0.15117018,1.10301999,0.70823161,-0.292789,0.88127801,0.54167865,-0.33544173,0.74745066,0.5005008,-0.33241266,0.80492013,0.34731073,-0.13231233,1.10370946,0.37061932,-0.27084764,0.87881156,0.28462463,-0.28124822,0.69487806,0.23491132,-0.25642124,0.77818442,0.06107522,-0.13292483,1.07003815,0.03460944,-0.23627667,1.27293616,-0.03725492,-0.28279904,1.45745962,-0.07889608,-0.30606126
rock,0,0,0,0.06339038,0.38537275,-0.22014963,0.28390396,0.65015405,-0.32726326,0.58356369,0.62142224,-0.41487912,0.81059786,0.45007652,-0.49258814,0.63884552,0.98197094,-0.19614988,0.95000492,1.32389745,-0.29434943,1.1442201,1.52407962,-0.34714818,1.30693132,1.66037789,-0.38796238,0.7539498,0.65693204,-0.16117198,1.10618589,0.7141654,-0.32973738,0.8952058,0.55966089,-0.38795177,0.73786876,0.50848221,-0.38795738,0.7920065,0.34927955,-0.14353378,1.09909032,0.35062452,-0.31457042,0.87703259,0.27247678,-0.3369685,0.69181501,0.23421325,-0.3111441,0.77338022,0.05999422,-0.14415161,1.05985848,0.0192586,-0.26176371,1.25734102,-0.03680808,-0.31072897,1.44776072,-0.06521567,-0.33228317
rock,0,0,0,0.10382873,0.43107508,-0.15598308,0.3123805,0.67800914,-0.24143152,0.59929866,0.67877598,-0.31738074,0.79638558,0.47383564,-0.38899676,0.6516352,0.96686413,-0.15370217,0.9609141,1.33016852,-0.24636777,1.15331205,1.5272458,-0.30867895,1.31501594,1.65423237,-0.35967727,0.76409128,0.64510814,-0.1417465,1.10805717,0.72323419,-0.27498831,0.86395862,0.55073551,-0.31190613,0.72168482,0.51565953,-0.30670841,0.80802336,0.35386257,-0.14297887,1.11384175,0.39093584,-0.25435447,0.8844074,0.32887368,-0.24808109,0.69421886,0.28758271,-0.21928872,0.7860898,0.05280647,-0.16164515,1.08479799,0.03127478,-0.24135416,1.2692922,-0.01770091,-0.27047222,1.43735952,-0.04052198,-0.28510925
rock,0,0,0,0.0965716,0.43250633,-0.18313486,0.29546582,0.69410535,-0.28650488,0.57730429,0.68680251,-0.38206811,0.78652482,0.5155734,-0.47212216,0.66388465,0.96782668,-0.15809073,0.96910664,1.30753535,-0.23742155,1.16043873,1.50700862,-0.27252142,1.31719583,1.62444906,-0.30034155,0.7693348,0.63884581,-0.14258878,1.10657647,0.72984186,-0.28830154,0.86733599,0.58538117,-0.32382467,0.71710257,0.54323705,-0.30876315,0.80082732,0.35186284,-0.14336338,1.11003161,0.3919021,-0.28670398,0.86908947,0.3395175,-0.29217892,0.67669597,0.30171232,-0.26011817,0.77823911,0.06228719,-0.16205306,1.07037344,0.02204688,-0.26185673,1.26176556,-0.02055628,-0.30311614,1.44022035,-0.03888299,-0.32218275
rock,0,0,0,0.10629585,0.45291059,-0.15665976,0.30277546,0.71941432,-0.2528178,0.5902129,0.7180603,-0.345341,0.78479899,0.50870518,-0.4376898,0.66483161,0.96341887,-0.15445262,0.98503361,1.31080468,-0.24014732,1.18887686,1.50451485,-0.28619771,1.35775841,1.60074375,-0.32342845,0.77560131,0.63122311,-0.14771386,1.12631636,0.70987598,-0.28511886,0.8726268,0.56910282,-0.31022863,0.72150137,0.52436324,-0.29217143,0.80706585,0.34337266,-0.15491096,1.13223419,0.37207058,-0.27977436,0.88141645,0.33628878,-0.26412385,0.68044352,0.30142138,-0.22453638,0.78246481,0.03616691,-0.17947442,1.08935426,-0.01255968,-0.27121939,1.2848863,-0.06044422,-0.30175709,1.46452562,-0.07623357,-0.31574578
rock,0,0,0,0.1188733,0.43700853,-0.19568218,0.31939068,0.70154535,-0.31930858,0.61692763,0.69139911,-0.43475907,0.82985194,0.4913154,-0.54686235,0.69864439,0.9383131,-0.18269974,1.01332587,1.27540385,-0.2790496,1.22770531,1.46764366,-0.32634576,1.38951154,1.5676675,-0.36013213,0.7969029,0.60410742,-0.15967354,1.13625009,0.68015301,-0.29901074,0.88180372,0.53165971,-0.32079509,0.7515851,0.50158603,-0.29863136,0.82676619,0.32116564,-0.15429513,1.15152977,0.34562071,-0.28312856,0.89943273,0.30726496,-0.26555051,0.69429999,0.27109011,-0.22237121,0.80194123,0.02026959,-0.17030169,1.10714454,-0.04646734,-0.26011321,1.30491783,-0.09913891,-0.28938967,1.48065537,-0.1212631,-0.30097506
rock,0,0,0,0.1195461,0.43954725,-0.20924841,0.32280871,0.69428675,-0.33468406,0.61468103,0.67485295,-0.45174221,0.83528272,0.47526258,-0.56361844,0.71770023,0.93147868,-0.16938877,1.03446107,1.2468464,-0.2587197,1.24881132,1.43328991,-0.29925363,1.40876061,1.53754193,-0.32830968,0.80988187,0.58659301,-0.14718872,1.15722102,0.65754185,-0.30559006,0.90950854,0.51779411,-0.34692091,0.75907999,0.49006425,-0.33117498,0.83583337,0.29318423,-0.14475112,1.16055919,0.31590737,-0.29776911,0.92074471,0.28499466,-0.30819658,0.71382928,0.26106115,-0.27619201,0.80781422,-0.00302659,-0.16327516,1.10947024,-0.06899127,-0.26628593,1.31530825,-0.12955664,-0.31203849,1.49792981,-0.16453419,-0.33353151
rock,0,0,0,0.13009258,0.42667924,-0.21143474,0.34692142,0.67294736,-0.33207005,0.63925676,0.63176934,-0.44295975,0.84571634,0.4259544,-0.54728977,0.75701367,0.89724546,-0.14800406,1.06951889,1.16026398,-0.22165113,1.28274772,1.31506617,-0.25377926,1.44370388,1.390402,-0.27747953,0.83655192,0.54788766,-0.12589996,1.18039447,0.58370316,-0.27939082,0.93167918,0.47730474,-0.32502761,0.77043536,0.45686295,-0.3090483,0.85203486,0.24169621,-0.12342782,1.16446843,0.24616146,-0.27976991,0.91899232,0.2368238,-0.29086029,0.71424664,0.21899903,-0.2545009,0.81557336,-0.058675,-0.14141772,1.12441445,-0.1477097,-0.24100039,1.3253322,-0.20433156,-0.27605806,1.51031399,-0.24198147,-0.28732477
rock,0,0,0,0.14931115,0.4678766,-0.17490175,0.4135295,0.70165794,-0.27874431,0.71084892,0.65715164,-0.37620088,0.87989291,0.3930912,-0.4698656,0.79350904,0.84478317,-0.14204313,1.14891031,1.1027103,-0.20263069,1.37867201,1.24733591,-0.22532317,1.53616386,1.29974233,-0.24833976,0.87349636,0.48683067,-0.12578307,1.23824975,0.50394297,-0.23326554,0.98691354,0.42942597,-0.23938524,0.85724238,0.44365136,-0.20908279,0.88206217,0.19020816,-0.12718366,1.23754779,0.15714333,-0.22955966,0.98804753,0.19545331,-0.2132549,0.7896244,0.20844936,-0.17720365,0.82472582,-0.11658839,-0.14923604,1.1462429,-0.24553636,-0.23956869,1.35195672,-0.33008659,-0.28302859,1.54233912,-0.38740998,-0.30761382
rock,0,0,0,0.17944544,0.46446193,-0.13782143,0.42787387,0.68384838,-0.21606346,0.72218701,0.65470487,-0.29159358,0.88134355,0.39664054,-0.36419301,0.79324915,0.82296227,-0.11050883,1.13299176,1.09289186,-0.17719915,1.36012964,1.23402796,-0.2090069,1.52228412,1.28298912,-0.23458407,0.87367511,0.48650981,-0.10349451,1.23249098,0.51443246,-0.20326711,0.96354005,0.42101341,-0.20323485,0.82659788,0.41911269,-0.16694615,0.88858402,0.21019854,-0.11207319,1.23867677,0.18597857,-0.20029996,0.98870548,0.20522762,-0.17231933,0.79120863,0.21387767,-0.12733431,0.83483878,-0.09067113,-0.13859724,1.16283295,-0.20422228,-0.21041572,1.36235248,-0.29450681,-0.23522365,1.53342282,-0.35746623,-0.24416981
rock,0,0,0,0.17200976,0.46679238,-0.14680916,0.39795638,0.68350341,-0.23159654,0.68837053,0.68693378,-0.31481092,0.8629053,0.49718637,-0.39601996,0.77689673,0.850978,-0.11258806,1.11599253,1.12322516,-0.17583614,1.33989174,1.26478612,-0.20585799,1.50140036,1.31769818,-0.23261005,0.85458615,0.51930966,-0.10690556,1.22473352,0.54815912,-0.21576579,0.96199105,0.43868723,-0.22651191,0.82381708,0.438066,-0.19830272,0.87101749,0.24320558,-0.11792501,1.21816644,0.23367215,-0.21828082,0.97904587,0.24068997,-0.20761656,0.78309069,0.24876461,-0.17480131,0.82405369,-0.0552062,-0.14700951,1.14872315,-0.15268016,-0.23017368,1.3479265,-0.24839849,-0.2704761,1.51985807,-0.31108169,-0.29243694
rock,0,0,0,0.150092,0.4671114,-0.15209489,0.3776821,0.6982336,-0.24557977,0.66153457,0.6713111,-0.33968614,0.82792312,0.45680056,-0.43033639,0.78062165,0.85072295,-0.1026367,1.1083135,1.09970146,-0.16604819,1.32942739,1.24702354,-0.19791398,1.49838967,1.31231642,-0.2259506,0.85818484,0.5133408,-0.10373222,1.20991456,0.5643954,-0.24255335,0.95734478,0.48263552,-0.28276304,0.79655545,0.46451219,-0.26677331,0.87311905,0.22418057,-0.11970836,1.21833396,0.22652428,-0.24847243,0.98820245,0.26137238,-0.25690758,0.77792992,0.27132651,-0.22734323,0.82997701,-0.06989979,-0.15240884,1.15211513,-0.1756891,-0.2413831,1.35861163,-0.2578159,-0.28119315,1.53473521,-0.32159753,-0.29968927
rock,0,0,0,0.1435644,0.45982172,-0.17073953,0.36400314,0.69900202,-0.2716151,0.64912011,0.66453434,-0.37096054,0.8299765,0.44602771,-0.46677521,0.78813015,0.85401673,-0.11211418,1.12184625,1.10177111,-0.17534908,1.3377496,1.23666276,-0.2038075,1.50543068,1.29068415,-0.22834072,0.86221721,0.50653873,-0.10846247,1.22342685,0.55444305,-0.2531433,0.97294231,0.47477685,-0.29862939,0.80988953,0.46294478,-0.28499993,0.87245652,0.21144438,-0.12146027,1.20967558,0.20552333,-0.26069484,0.97625434,0.23470796,-0.27784856,0.76932374,0.24680347,-0.25140904,0.82678153,-0.08842651,-0.15202756,1.14813906,-0.19660963,-0.24346393,1.35799856,-0.28315623,-0.28574902,1.53587622,-0.34864136,-0.30643504
rock,0,0,0,0.14204941,0.45577003,-0.17795932,0.35754187,0.70918384,-0.28132387,0.6462598,0.66026288,-0.38217062,0.8266339,0.44527991,-0.47831504,0.78340653,0.86338858,-0.10362112,1.10941501,1.09386194,-0.16376786,1.32178285,1.22723762,-0.19166116,1.48416049,1.28011779,-0.21643672,0.85790216,0.51381308,-0.09595969,1.20290607,0.55812983,-0.23825765,0.94853629,0.48189565,-0.28605617,0.78456015,0.46814414,-0.27466089,0.86805673,0.22059032,-0.10626004,1.20063866,0.21214217,-0.2434284,0.97247167,0.24346431,-0.26435108,0.76782966,0.25199826,-0.24172801,0.82108616,-0.07686122,-0.13489983,1.13537142,-0.18390711,-0.22585358,1.34317653,-0.27169033,-0.2713746,1.52168154,-0.34426943,-0.29511294
rock,0,0,0,0.11028679,0.44049942,-0.18078268,0.33773051,0.70826846,-0.27567048,0.61482875,0.65404785,-0.36527219,0.79352316,0.45038783,-0.44646026,0.77911238,0.86421997,-0.1067565,1.09589731,1.10198034,-0.17421756,1.30681169,1.22933485,-0.20389413,1.47365261,1.29317408,-0.22838964,0.85236181,0.52295252,-0.09776809,1.19223906,0.55379557,-0.26227291,0.94757106,0.48226322,-0.31851864,0.76319484,0.46318759,-0.3059089,0.86050576,0.22118483,-0.10693449,1.18250833,0.20927912,-0.27011506,0.95870915,0.23714048,-0.29265571,0.7536702,0.24943281,-0.26032635,0.81698629,-0.066643,-0.13330042,1.12284411,-0.17381074,-0.23865687,1.32544139,-0.2527778,-0.282955,1.50396156,-0.31749262,-0.29879928
rock,0,0,0,0.07139892,0.43508282,-0.19604832,0.30643686,0.7434454,-0.29956578,0.57728784,0.70930935,-0.39435209,0.76984295,0.50753655,-0.47891468,0.78003149,0.85630268,-0.13949484,1.12099036,1.02395099,-0.22595321,1.35752033,1.12948496,-0.26062833,1.53947209,1.17551328,-0.28645211,0.8568347,0.51559121,-0.12536964,1.20338363,0.56197768,-0.30914173,0.9429207,0.49726224,-0.36414447,0.75261265,0.46816133,-0.34641627,0.86916551,0.21226737,-0.13066126,1.20929331,0.23091316,-0.30768694,0.96383361,0.25778086,-0.32047598,0.74908039,0.26252329,-0.27878407,0.83420376,-0.07544908,-0.15440926,1.1433079,-0.16136562,-0.27001498,1.34095544,-0.20996488,-0.31796642,1.53663708,-0.24662148,-0.33533992
rock,0,0,0,0.04631713,0.4327997,-0.19448446,0.27407431,0.75090906,-0.28843833,0.53830869,0.71750189,-0.37111112,0.73860772,0.51755054,-0.44338871,0.77554473,0.85361557,-0.15136666,1.13748421,1.01387022,-0.24816738,1.37642313,1.10269827,-0.29838692,1.58304174,1.15076417,-0.33731693,0.84865856,0.52894107,-0.14136514,1.21191214,0.5896354,-0.34997858,0.95506387,0.55498196,-0.43649175,0.74474502,0.52970743,-0.4399374,0.85311425,0.22429557,-0.14728505,1.18983168,0.24296811,-0.34347853,0.94096263,0.27652195,-0.37332292,0.7244078,0.28903303,-0.33938522,0.81611648,-0.0643275,-0.17017404,1.13556283,-0.13442138,-0.29392752,1.33578059,-0.1743777,-0.34578803,1.53657913,-0.20686865,-0.36514659
rock,0,0,0,0.04452756,0.41972748,-0.21434454,0.25997996,0.74344793,-0.32131935,0.52231332,0.71573651,-0.41330068,0.73673916,0.5367287,-0.49463196,0.75830449,0.87312567,-0.17427088,1.12190812,1.02681563,-0.28042672,1.36391425,1.11281473,-0.33785083,1.57299341,1.16184675,-0.38069379,0.835301,0.5497929,-0.15689098,1.20049412,0.62459161,-0.37647431,0.94448243,0.56912132,-0.47081528,0.73174963,0.53104883,-0.47707689,0.84645479,0.24337304,-0.15653208,1.18016027,0.27801647,-0.3614723,0.93025854,0.28846694,-0.39773824,0.7095162,0.28784044,-0.36560547,0.81657597,-0.04818826,-0.17421794,1.13351665,-0.10690116,-0.30158234,1.33193848,-0.14132523,-0.35666915,1.52833091,-0.16268475,-0.37751189
rock,0,0,0,0.04286012,0.43028078,-0.20802599,0.25555693,0.7618706,-0.31008275,0.52090113,0.72710475,-0.39801504,0.72976152,0.53107754,-0.47574925,0.75407819,0.8728705,-0.16549428,1.11440622,1.03319857,-0.26763597,1.35444146,1.1231265,-0.32137132,1.56333703,1.17486085,-0.36258994,0.83318423,0.55299551,-0.15088792,1.19777229,0.62836692,-0.36470611,0.94217098,0.58492555,-0.4533269,0.7305017,0.54956231,-0.45716172,0.84204852,0.24896958,-0.15349407,1.17298438,0.27963197,-0.35550133,0.92283629,0.30444054,-0.38880103,0.70582264,0.31064433,-0.35589241,0.81157687,-0.04235243,-0.17390751,1.1284393,-0.10058404,-0.3018526,1.32270764,-0.13008116,-0.35674217,1.51751689,-0.15026055,-0.37796069
rock,0,0,0,0.04699222,0.41560074,-0.21007628,0.24928592,0.73771457,-0.323906,0.50567546,0.74226567,-0.42594038,0.72876679,0.57224954,-0.51804565,0.74461562,0.87830073,-0.17249837,1.09796133,1.03407842,-0.28181565,1.34573891,1.12991574,-0.33799591,1.55249706,1.18366207,-0.37898037,0.82666267,0.56269781,-0.15862495,1.19166516,0.64514077,-0.37134733,0.93217585,0.58416753,-0.45224597,0.73165477,0.54839421,-0.44984331,0.84196083,0.26009687,-0.16265473,1.1754516,0.29573601,-0.36184492,0.91932191,0.30562893,-0.38339471,0.70059392,0.30369554,-0.34293292,0.81574957,-0.03328451,-0.18556708,1.12951679,-0.09099532,-0.31128037,1.3245099,-0.11820473,-0.36017341,1.51896245,-0.13323023,-0.37664308
rock,0,0,0,0.04564924,0.41200397,-0.19500459,0.25708093,0.73502242,-0.29678158,0.51981761,0.72606458,-0.38892603,0.7315595,0.5510496,-0.47041165,0.74638796,0.87857546,-0.15814299,1.10054584,1.03665219,-0.25685695,1.34132032,1.12309351,-0.30305917,1.54304148,1.17398173,-0.33683453,0.82566923,0.56415452,-0.14927366,1.18715591,0.63976878,-0.35165433,0.93376856,0.57651317,-0.42477784,0.73282728,0.54917893,-0.41813655,0.83695386,0.26524264,-0.15691137,1.16331103,0.29666417,-0.35017753,0.90406338,0.3036128,-0.36572888,0.68420291,0.3084075,-0.32138045,0.80789566,-0.02448292,-0.18232568,1.11724503,-0.07696754,-0.30292597,1.31645283,-0.11151855,-0.34665097,1.51486548,-0.13268514,-0.35949934
rock,0,0,0,0.06659928,0.41995719,-0.18762351,0.2892577,0.74360858,-0.27434969,0.56775069,0.70886035,-0.34993289,0.77408975,0.5502669,-0.41443534,0.74586699,0.87107321,-0.13083329,1.09318465,1.03925013,-0.2089976,1.32637986,1.11935684,-0.24812568,1.5255237,1.16812384,-0.28093081,0.82615678,0.56344031,-0.11772914,1.19179891,0.64138274,-0.28533025,0.97481524,0.58013284,-0.34865082,0.79440701,0.55261732,-0.34620295,0.83927417,0.27138005,-0.12155439,1.16565026,0.30430037,-0.28902983,0.92669597,0.30701831,-0.30430599,0.72070462,0.30570187,-0.26967365,0.81443986,-0.01494951,-0.14331277,1.12102017,-0.0676173,-0.25166433,1.31776462,-0.10076658,-0.29529017,1.51187,-0.12033579,-0.31343881
rock,0,0,0,0.09111029,0.42385783,-0.19338118,0.33658271,0.71801193,-0.2795203,0.63462891,0.66581159,-0.3546067,0.8292422,0.44629653,-0.42020221,0.76977825,0.86188625,-0.10929675,1.10739468,1.04102336,-0.17788084,1.32902553,1.11254581,-0.21562903,1.51780901,1.15191039,-0.24874733,0.84457948,0.53543021,-0.09190242,1.20841445,0.60451181,-0.2585888,0.98469325,0.53139934,-0.33266413,0.80028456,0.49574392,-0.33571434,0.85742991,0.22926258,-0.09198897,1.19090114,0.26201042,-0.25896802,0.9694981,0.26314799,-0.29202011,0.76450449,0.25330859,-0.2677719,0.83161692,-0.06503807,-0.10946172,1.13934377,-0.12542203,-0.21490962,1.33865974,-0.15949175,-0.26436751,1.52282143,-0.18064893,-0.28670964
rock,0,0,0,0.11465389,0.43448952,-0.18416349,0.35169597,0.70218254,-0.27713553,0.64561537,0.66642082,-0.36432886,0.82730539,0.44055005,-0.44343809,0.77380888,0.87030419,-0.08967108,1.10568778,1.04831611,-0.14802225,1.32655477,1.13505999,-0.17584445,1.49767779,1.16968767,-0.19846155,0.84441082,0.53569615,-0.07410845,1.19605385,0.6019059,-0.22001935,0.96211672,0.50899866,-0.27496583,0.79564381,0.47876466,-0.26371998,0.85861616,0.23895987,-0.07695596,1.19031779,0.27161459,-0.22075507,0.97156965,0.26596859,-0.24022663,0.76714646,0.24835887,-0.20945764,0.83009981,-0.04920961,-0.09835125,1.13680777,-0.11151555,-0.18587927,1.33978914,-0.15544488,-0.22493396,1.51580115,-0.18231508,-0.24025131
rock,0,0,0,0.11727508,0.43966439,-0.17998744,0.35651378,0.70754142,-0.27173126,0.65032039,0.66717449,-0.3580069,0.82888063,0.44094349,-0.43699542,0.77589159,0.86749655,-0.09488446,1.11135219,1.05179179,-0.15439352,1.33301102,1.14431117,-0.18273363,1.50584056,1.18342219,-0.20618778,0.84767269,0.53051956,-0.08226126,1.20329484,0.59900583,-0.23076717,0.96532708,0.50494685,-0.28648244,0.79485239,0.47414141,-0.2760739,0.86194513,0.23114943,-0.08708481,1.19433738,0.26967331,-0.23229492,0.9739916,0.26361047,-0.25207513,0.76805148,0.24335851,-0.22207608,0.8327869,-0.05832814,-0.1098824,1.14352478,-0.12543936,-0.19804715,1.34832201,-0.1662621,-0.23725863,1.52605241,-0.19020337,-0.25333303
rock,0,0,0,0.12692124,0.43743421,-0.17966139,0.3529258,0.69776403,-0.27843384,0.64851411,0.67316906,-0.37311724,0.83844334,0.45221922,-0.46203562,0.77084961,0.87220604,-0.09850991,1.10802076,1.06512783,-0.15752404,1.33067409,1.1657747,-0.18608675,1.50041065,1.20572358,-0.20914516,0.84546521,0.5340305,-0.08495055,1.20283983,0.60736049,-0.22117697,0.96377225,0.50470627,-0.26982002,0.80528985,0.47985147,-0.25799356,0.86382221,0.24185396,-0.08876726,1.20129196,0.27967445,-0.21867824,0.9802267,0.2704022,-0.23211628,0.77382591,0.25020522,-0.20317609,0.83587939,-0.04979218,-0.11160932,1.14892878,-0.11647409,-0.1903926,1.35509112,-0.16416029,-0.22615357,1.52918012,-0.19117183,-0.24221056
rock,0,0,0,0.13207164,0.45209992,-0.15202887,0.36095975,0.689797,-0.23781012,0.6528999,0.69365531,-0.32493294,0.83684961,0.48637967,-0.40872608,0.7590698,0.87615285,-0.08132707,1.0964179,1.08116722,-0.13536702,1.31334102,1.19324323,-0.16282653,1.47804377,1.23282938,-0.18789837,0.83541693,0.54961673,-0.07708319,1.18918619,0.62940957,-0.20196399,0.94817805,0.524787,-0.242847,0.80628849,0.50500343,-0.23106765,0.85499466,0.26757059,-0.08870779,1.2086981,0.29916713,-0.20439727,0.98069739,0.29917537,-0.21457286,0.77334755,0.28879877,-0.19069251,0.82357394,-0.02746952,-0.1178051,1.13839104,-0.09016223,-0.19654888,1.34191779,-0.14292325,-0.23983004,1.51665697,-0.16911539,-0.26506954
rock,0,0,0,0.12233056,0.45496152,-0.14836886,0.35474944,0.6999081,-0.22615689,0.63822492,0.71359651,-0.30594324,0.81790178,0.52390017,-0.38187346,0.76053992,0.88277017,-0.06802826,1.08926591,1.08091812,-0.12187317,1.30566731,1.18892643,-0.15059471,1.47050055,1.23100776,-0.17627459,0.83039594,0.55717374,-0.06631887,1.18292549,0.63405878,-0.20406364,0.94661928,0.54029687,-0.25703909,0.79072358,0.51329597,-0.24975791,0.8503268,0.26827407,-0.08041979,1.20331375,0.30410577,-0.20990514,0.97708172,0.31112738,-0.22986779,0.76546543,0.30017735,-0.2079115,0.82317431,-0.02210562,-0.11090376,1.13435002,-0.08923498,-0.19700005,1.33486855,-0.1348192,-0.24499422,1.51418667,-0.15776976,-0.27173496
rock,0,0,0,0.10222429,0.44806387,-0.16692819,0.34406707,0.76253108,-0.23857003,0.63393974,0.7756529,-0.31366673,0.80654374,0.58295483,-0.38044866,0.75891736,0.87160311,-0.01170506,1.06978277,1.08367368,-0.07007967,1.27616834,1.17484557,-0.11035226,1.44607889,1.22159137,-0.14663906,0.82582795,0.56392215,-0.01235445,1.17452002,0.64886667,-0.19759573,0.9723655,0.58806421,-0.29714473,0.782874,0.54621785,-0.30974309,0.8449246,0.2683738,-0.03365633,1.17053588,0.31075019,-0.21084416,0.96881541,0.33669256,-0.26405896,0.76490885,0.33870319,-0.24710802,0.82262529,-0.01496104,-0.07170438,1.10423742,-0.06938563,-0.17468305,1.29772021,-0.0997995,-0.22962899,1.47699895,-0.12673546,-0.25468866
rock,0,0,0,0.08855654,0.44884101,-0.16762952,0.34272874,0.7771317,-0.2372976,0.64703756,0.77066348,-0.30236053,0.82162072,0.53864632,-0.3601074,0.75303827,0.87354544,-0.05384478,1.07570844,1.07937076,-0.11284635,1.28909977,1.17450807,-0.14808799,1.46519051,1.2373081,-0.17933645,0.82478704,0.56544348,-0.0486619,1.1878127,0.64096061,-0.22730728,0.99219523,0.59295702,-0.31566657,0.79857128,0.55871747,-0.32193713,0.83957064,0.27018134,-0.06017198,1.17020309,0.31061954,-0.23282718,0.96955722,0.3466678,-0.27638581,0.76560561,0.35039029,-0.25475269,0.8140852,-0.01903156,-0.08701741,1.12058991,-0.08915672,-0.1892117,1.32567134,-0.11467516,-0.23871566,1.50923535,-0.13640314,-0.25949354
rock,0,0,0,0.09571162,0.45212034,-0.17117484,0.34383595,0.76239509,-0.24564658,0.64014925,0.76332813,-0.31694252,0.82510105,0.56687188,-0.38154751,0.76625463,0.86872737,-0.05253102,1.08753781,1.06957193,-0.11347828,1.29854124,1.16063224,-0.1509479,1.46928144,1.215582,-0.18371324,0.83351256,0.55250051,-0.04861855,1.20439772,0.62637416,-0.22819981,1.00119813,0.57950323,-0.32038921,0.8074709,0.55583716,-0.32929052,0.84520778,0.25188722,-0.06267226,1.18621559,0.2958929,-0.23570557,0.98717511,0.33500901,-0.28509505,0.77971023,0.34369599,-0.26798183,0.81491484,-0.04395808,-0.09262395,1.12065854,-0.1067794,-0.1985081,1.32910088,-0.13361668,-0.25443311,1.51326624,-0.15574961,-0.28012817
rock,0,0,0,0.11020412,0.4621966,-0.16472532,0.36340367,0.78027285,-0.23480704,0.66722825,0.76104001,-0.29970038,0.86043329,0.57132778,-0.35802635,0.78995963,0.84905149,-0.0542764,1.12153734,1.02624205,-0.10610953,1.33622497,1.11090145,-0.13502699,1.51203045,1.15861714,-0.16128903,0.8503932,0.5261477,-0.0490494,1.23026886,0.58270396,-0.21351994,1.01972423,0.55256689,-0.29215779,0.81953229,0.53897369,-0.29329449,0.8552067,0.22697911,-0.06047024,1.20479056,0.25907846,-0.22155035,0.99657913,0.31795738,-0.25885944,0.78580963,0.33853154,-0.23573451,0.82014775,-0.06928596,-0.08715599,1.14060818,-0.14679725,-0.18740695,1.35540009,-0.17774065,-0.23680292,1.55007323,-0.20435332,-0.25820832
rock,0,0,0,0.10264232,0.45140877,-0.14551641,0.36608877,0.77650486,-0.20177402,0.66363197,0.76163114,-0.25492363,0.84815309,0.57722927,-0.30139907,0.79623288,0.83205662,-0.03902846,1.12032481,0.99969388,-0.09181678,1.33145377,1.07611783,-0.12483691,1.51111156,1.11632674,-0.15581554,0.85703844,0.51525248,-0.04280034,1.23667559,0.56353477,-0.21343345,1.03628142,0.55517658,-0.29971776,0.83124,0.53648559,-0.30741388,0.85877023,0.21323212,-0.06111459,1.20849018,0.23305121,-0.22782665,1.00012408,0.30344894,-0.26392506,0.79209928,0.32951349,-0.23989919,0.81781672,-0.08381997,-0.0927274,1.13327552,-0.17384681,-0.196713,1.34357911,-0.20855749,-0.24354853,1.54093714,-0.24305802,-0.26292137
rock,0,0,0,0.10465176,0.45894063,-0.15072193,0.36803368,0.77513566,-0.21534843,0.66475425,0.78380019,-0.27911731,0.85505129,0.60724877,-0.33505685,0.78522786,0.8532683,-0.03843635,1.10998377,1.02166219,-0.09289085,1.32723256,1.10791064,-0.11956116,1.49604468,1.14171544,-0.1412423,0.85109561,0.52501073,-0.03767825,1.22864378,0.57521928,-0.20375432,1.018692,0.55581839,-0.2744874,0.82136107,0.53582744,-0.26570053,0.86311106,0.22456714,-0.05378721,1.22094149,0.25394452,-0.21489543,1.01507118,0.31156348,-0.24077836,0.80575326,0.32479645,-0.20604759,0.8322882,-0.0714509,-0.08463405,1.14821066,-0.14537122,-0.1843412,1.3608994,-0.17202651,-0.22783457,1.55485021,-0.19500303,-0.2415139
rock,0,0,0,0.10913599,0.45553961,-0.17222563,0.35416455,0.76932458,-0.25692503,0.65194683,0.74954355,-0.33789638,0.81876219,0.4992563,-0.41251798,0.76385556,0.87990106,-0.06339039,1.08361635,1.08262184,-0.11410289,1.29757477,1.19111498,-0.13916766,1.46308402,1.24138508,-0.16145553,0.83526462,0.54984818,-0.05604728,1.19782644,0.59384294,-0.20992823,0.98622376,0.55790571,-0.27458613,0.80507634,0.54020581,-0.2670898,0.8518732,0.25260699,-0.06647539,1.18394701,0.27245645,-0.21829269,0.97600095,0.33307327,-0.24598138,0.77364602,0.34636566,-0.21779769,0.82189692,-0.03760849,-0.09403458,1.13075874,-0.1046646,-0.18493393,1.33631278,-0.12888069,-0.22564581,1.52213574,-0.15438554,-0.2417939
rock,0,0,0,0.09266128,0.43822796,-0.19516178,0.31638337,0.72760485,-0.29202958,0.60078862,0.72499173,-0.38220294,0.81169787,0.54972043,-0.46554801,0.74433876,0.89809917,-0.09591217,1.07055391,1.12140467,-0.16653344,1.2881916,1.23567802,-0.20806526,1.46042999,1.29938415,-0.24090101,0.81813182,0.57503072,-0.0799449,1.1773503,0.63846729,-0.25436541,0.97328606,0.56542758,-0.34107271,0.79893113,0.53908043,-0.34954276,0.84243558,0.27299057,-0.08263086,1.18109852,0.31213829,-0.25229032,0.9813703,0.32326985,-0.29721154,0.77686354,0.31636803,-0.2793255,0.82063182,-0.02485244,-0.10307806,1.12744368,-0.08590244,-0.20756311,1.33811428,-0.11162628,-0.26132027,1.52279353,-0.1224323,-0.28554164
rock,0,0,0,0.10907098,0.41432119,-0.20544338,0.31842172,0.68521932,-0.32047442,0.60024039,0.64424664,-0.424082,0.7996773,0.43754884,-0.52004803,0.7181792,0.93555581,-0.14743271,1.03823732,1.16475963,-0.23211435,1.25303103,1.29178346,-0.28034702,1.42615983,1.35517937,-0.31627076,0.80736934,0.5900464,-0.12545815,1.16179125,0.65216145,-0.29084398,0.91681516,0.52498876,-0.35365883,0.74714403,0.48742302,-0.34807512,0.83838873,0.28666585,-0.12149365,1.15750154,0.32800095,-0.27799049,0.93062362,0.27997479,-0.2958998,0.7318431,0.24381055,-0.2633673,0.81820774,-0.00805117,-0.13729677,1.1151795,-0.03988767,-0.23289968,1.30941092,-0.06261159,-0.2696156,1.48463183,-0.05449646,-0.28208916
rock,0,0,0,0.08217207,0.38967258,-0.23451265,0.2906064,0.67233918,-0.35871556,0.573982,0.58967421,-0.46260593,0.79535887,0.4008147,-0.555991,0.70116783,0.95310026,-0.19963154,1.03236224,1.19298777,-0.30460306,1.25302678,1.317558,-0.36143183,1.43368078,1.39249181,-0.40195108,0.79618794,0.60504938,-0.16301603,1.1469461,0.64040928,-0.34526284,0.90287678,0.4855343,-0.4096472,0.73265349,0.44398979,-0.40505669,0.82559604,0.29214747,-0.14521395,1.13029714,0.30055881,-0.32361096,0.89846203,0.22082303,-0.33780215,0.70572209,0.18574931,-0.29858216,0.80211284,-0.00448578,-0.1477921,1.09610803,-0.0296466,-0.26192835,1.28627059,-0.05996813,-0.29939367,1.46559294,-0.05524905,-0.30779998
rock,0,0,0,0.07041736,0.39756393,-0.25130638,0.29056082,0.65440127,-0.36663744,0.58476216,0.55970393,-0.45618501,0.81187158,0.36273919,-0.53194893,0.69477722,0.9499759,-0.19387949,1.03726698,1.19367229,-0.29147578,1.26371042,1.31240509,-0.34634129,1.45582825,1.38703174,-0.38739143,0.79136127,0.61134879,-0.14536636,1.13473837,0.62256934,-0.3339809,0.90664141,0.48382394,-0.40885839,0.72374439,0.43629319,-0.41017638,0.82048003,0.29513887,-0.11803779,1.11263679,0.26999311,-0.30802349,0.89338553,0.21119405,-0.34499993,0.70947919,0.19297799,-0.31825705,0.80477473,0.01253028,-0.11048332,1.09658102,-0.02775216,-0.23057404,1.28274258,-0.07302002,-0.27962077,1.46065824,-0.08489957,-0.29620124
rock,0,0,0,0.06382298,0.39240287,-0.24729582,0.28517168,0.65271525,-0.35593391,0.57993941,0.55867555,-0.43914679,0.80731585,0.36107521,-0.50798301,0.68830222,0.95055895,-0.1799342,1.02237731,1.19795107,-0.27296864,1.24313373,1.31659783,-0.32508691,1.43231422,1.39858588,-0.3648721,0.78600532,0.61821973,-0.13257495,1.12165949,0.63379207,-0.32296866,0.90050069,0.49229442,-0.40222802,0.71344843,0.43934202,-0.40552174,0.81500467,0.30305913,-0.10635312,1.09816798,0.27376849,-0.29888188,0.89147229,0.2137291,-0.34324123,0.71425265,0.19546631,-0.32040772,0.79968016,0.02356999,-0.09895307,1.09079869,-0.0195534,-0.21908996,1.27608799,-0.06817013,-0.26982324,1.45239511,-0.08663961,-0.28722645
rock,0,0,0,0.06502594,0.39337093,-0.24731442,0.28230975,0.65534155,-0.35785096,0.57806167,0.57440692,-0.44387331,0.8096189,0.38806249,-0.51577988,0.68449864,0.95636295,-0.17617837,1.01452224,1.2015577,-0.26641723,1.23377942,1.32259059,-0.31579142,1.41761732,1.40392175,-0.35323791,0.78217318,0.62306108,-0.12872399,1.12283201,0.65336981,-0.31018636,0.90710154,0.50801869,-0.38263999,0.72788703,0.45420649,-0.38260995,0.81188327,0.31105615,-0.10317899,1.10131732,0.29898376,-0.28967434,0.89210173,0.2302876,-0.32919093,0.71278629,0.20459086,-0.30427677,0.79777199,0.03196196,-0.09706977,1.08605832,-0.00429987,-0.21545802,1.2727176,-0.05278765,-0.26625219,1.45026806,-0.06958412,-0.28419196
rock,0,0,0,0.07295469,0.40446717,-0.21398263,0.27993122,0.69567471,-0.31634187,0.57205072,0.64910872,-0.4029451,0.79353784,0.47320446,-0.47877664,0.66216123,0.97234025,-0.15185404,0.98478789,1.21647443,-0.2330454,1.19702633,1.33705937,-0.27443729,1.37226381,1.41147303,-0.3076175,0.76747178,0.64108272,-0.12107069,1.10363807,0.70754911,-0.28721718,0.8805574,0.56651128,-0.35024155,0.71378986,0.51226839,-0.34854677,0.80418516,0.33596836,-0.10912268,1.11413149,0.36918419,-0.27749484,0.89076302,0.30762556,-0.30483028,0.69851006,0.26999904,-0.27876195,0.79028598,0.04838983,-0.11578,1.07529111,0.01776327,-0.22639041,1.26443163,-0.01690984,-0.27619553,1.44355677,-0.02688332,-0.29772286
rock,0,0,0,0.08595834,0.42559976,-0.21178428,0.3022112,0.72569384,-0.31243919,0.59023173,0.70708435,-0.40360181,0.79889528,0.51807952,-0.48604002,0.72548072,0.9165722,-0.08744782,1.03509514,1.13587055,-0.14970482,1.24072093,1.24087335,-0.18630699,1.40360879,1.30116532,-0.21765265,0.80376844,0.59494226,-0.06561789,1.15560657,0.6828886,-0.23533315,0.94639463,0.59869391,-0.32409134,0.76927824,0.55540921,-0.33358693,0.82664856,0.29685164,-0.0646814,1.15023238,0.34549895,-0.23473189,0.94824406,0.3374668,-0.28785691,0.75222078,0.31151517,-0.27453166,0.80520848,0.00893519,-0.08263734,1.10569404,-0.04793799,-0.18712335,1.30067542,-0.07040765,-0.24399683,1.47410437,-0.08246925,-0.27056866
rock,0,0,0,0.09137788,0.43751931,-0.19781777,0.31107254,0.73582399,-0.29327384,0.59598875,0.73502854,-0.38276002,0.79780761,0.55586797,-0.46386942,0.72983874,0.91419737,-0.07405843,1.03584331,1.12608455,-0.13864454,1.2411557,1.22710357,-0.17606126,1.40211698,1.28489225,-0.20613105,0.80414971,0.59442682,-0.05814668,1.15477299,0.67749869,-0.23050855,0.95687663,0.60023039,-0.3159856,0.78266032,0.56155681,-0.32050565,0.82728135,0.29823706,-0.06291472,1.15625066,0.3485564,-0.23209777,0.96297116,0.35332654,-0.27837126,0.76755022,0.33871386,-0.25871397,0.80774452,0.0094385,-0.08601301,1.10720206,-0.04603822,-0.18779036,1.30464006,-0.06641543,-0.23933847,1.47931274,-0.07256271,-0.26064134
rock,0,0,0,0.08805049,0.44390855,-0.18904735,0.31418455,0.75377805,-0.27380456,0.60095654,0.7491896,-0.35301095,0.80011525,0.55881674,-0.42535395,0.74336701,0.89578632,-0.05826236,1.0514335,1.1042642,-0.11826887,1.25169836,1.20140296,-0.16201522,1.41740448,1.26065418,-0.19985705,0.8155422,0.5786976,-0.04762219,1.17360016,0.6625652,-0.22111244,0.9844353,0.61743101,-0.32408553,0.80022783,0.58538264,-0.3437254,0.82971589,0.27831274,-0.05581808,1.15426357,0.32562032,-0.22454137,0.97192522,0.35788343,-0.28655273,0.77864709,0.35489342,-0.27993999,0.79952002,-0.01250048,-0.08104316,1.1087352,-0.06739154,-0.18346041,1.30977429,-0.08673195,-0.2402951,1.47953682,-0.10369025,-0.26713322
rock,0,0,0,0.08600246,0.44969842,-0.17740849,0.3278732,0.76809727,-0.24577512,0.62274052,0.77071844,-0.30825407,0.81908678,0.60904881,-0.36334541,0.75480452,0.87714047,-0.04800287,1.0696208,1.08182178,-0.10964374,1.27369604,1.16783097,-0.1546353,1.44757531,1.22615671,-0.19377178,0.82477852,0.56545592,-0.04075797,1.20497384,0.63965384,-0.22713596,1.02239658,0.60523173,-0.33731556,0.81939322,0.57606552,-0.35867022,0.83755262,0.26343411,-0.05138817,1.17721326,0.30755462,-0.23091939,0.99750858,0.3503757,-0.29765995,0.79559855,0.36119821,-0.29065991,0.80871604,-0.03083888,-0.07734048,1.1249132,-0.0913252,-0.18715976,1.33342578,-0.11640162,-0.24880217,1.50949193,-0.13743204,-0.27740497
rock,0,0,0,0.09358646,0.4496783,-0.16596892,0.34438367,0.7617527,-0.23288362,0.63733641,0.75796837,-0.29734558,0.82564945,0.57079045,-0.35541017,0.76270453,0.87454418,-0.02994709,1.07511344,1.06845348,-0.07965278,1.28066012,1.15932549,-0.11317295,1.44746601,1.20739144,-0.14393475,0.83066629,0.55677061,-0.02627231,1.2007867,0.62158885,-0.19648238,1.00918795,0.5887848,-0.29176878,0.81488447,0.55489337,-0.30290384,0.84411545,0.25676213,-0.04043724,1.18309697,0.29030042,-0.20609366,0.99666463,0.3436781,-0.26069651,0.79910132,0.35158456,-0.24717638,0.81456024,-0.03624374,-0.06975609,1.12750828,-0.10451571,-0.17002985,1.3312298,-0.1271596,-0.22353586,1.50946313,-0.14865713,-0.24724429
rock,0,0,0,0.10172542,0.45537509,-0.17919432,0.34601738,0.76729737,-0.25284601,0.63838674,0.76357863,-0.32371004,0.82945392,0.58178889,-0.38780373,0.76710611,0.87583281,-0.02709626,1.07866713,1.06903147,-0.08053072,1.28457234,1.15583981,-0.11955426,1.45091978,1.20402963,-0.15409991,0.83211681,0.55460041,-0.01994604,1.20417026,0.61660425,-0.19789128,1.01385521,0.58453678,-0.30330906,0.81941797,0.56202076,-0.31989927,0.84542661,0.25191389,-0.03281852,1.18528863,0.28776227,-0.20574451,1.00074006,0.339942,-0.27047429,0.79867598,0.35225843,-0.26179618,0.81591639,-0.04362995,-0.06211791,1.12927537,-0.10911682,-0.16602779,1.33702732,-0.136153,-0.22581914,1.51453511,-0.15800579,-0.25363908
three,0,0,0,0.24895077,0.3165983,-0.12124555,0.52006014,0.40152766,-0.13096262,0.75776528,0.07108019,-0.11204957,0.84223422,-0.29247662,-0.08607212,0.95597235,0.28512102,-0.08647239,1.3405735,0.53883169,-0.12939136,1.54896284,0.68367591,-0.16382001,1.74892685,0.79181139,-0.18913244,0.9985365,-0.05408205,-0.09464149,1.44197043,-0.05931489,-0.14126352,1.68501193,-0.09569461,-0.1860971,1.89398092,-0.13709328,-0.20775182,0.92796642,-0.33675299,-0.11557245,1.30650555,-0.57109889,-0.22144553,1.55588641,-0.68778031,-0.30089309,1.79909532,-0.81176568,-0.33683621,0.72643647,-0.55815004,-0.14121133,1.05258821,-0.66643,-0.20154579,0.97752552,-0.49474736,-0.15540222,0.80828304,-0.34874009,-0.10890919
three,0,0,0,0.24573702,0.31973834,-0.12703376,0.52437202,0.4012521,-0.14178205,0.75788517,0.06527667,-0.12816288,0.84678689,-0.29280243,-0.10892152,0.95556703,0.28638193,-0.0924108,1.33418773,0.53033119,-0.13808337,1.54481612,0.67541578,-0.17770157,1.74766911,0.78456516,-0.20761863,0.99847453,-0.05521427,-0.09966121,1.44060903,-0.06295626,-0.14117478,1.68443014,-0.09590428,-0.18860036,1.89410014,-0.13577954,-0.21595626,0.92920349,-0.34270079,-0.12028178,1.30988178,-0.57407585,-0.22611704,1.55955758,-0.6945189,-0.31259076,1.79664164,-0.82415918,-0.35700601,0.73439801,-0.57110962,-0.14602976,1.05660011,-0.67722877,-0.21688706,0.97339328,-0.50324717,-0.18160031,0.80081271,-0.35763326,-0.14387461
three,0,0,0,0.24259153,0.31651742,-0.13288203,0.52192243,0.4077384,-0.15034913,0.762228,0.05799795,-0.13771336,0.84448237,-0.30428814,-0.11725076,0.9586385,0.28101465,-0.09983619,1.3495441,0.52560691,-0.14308425,1.55785584,0.66465982,-0.17394885,1.75157272,0.76633727,-0.19722202,0.99830164,-0.05825657,-0.10208717,1.44524688,-0.07244083,-0.15005018,1.68514897,-0.10523565,-0.19158643,1.88547944,-0.14122931,-0.21103156,0.92776493,-0.33721321,-0.11783492,1.3019237,-0.57455857,-0.22193003,1.55210241,-0.69105794,-0.29899289,1.78717941,-0.80832974,-0.33479987,0.73164493,-0.55593739,-0.13973915,1.04927952,-0.67344246,-0.20255099,0.97687604,-0.50959483,-0.16261395,0.81445696,-0.36663276,-0.12111716
three,0,0,0,0.2482335,0.32194739,-0.12498016,0.51874224,0.40465864,-0.13181082,0.7569678,0.07773044,-0.10820267,0.84205436,-0.27879606,-0.07622835,0.95442739,0.28743356,-0.08279443,1.33365436,0.53776908,-0.12566044,1.54040559,0.68146641,-0.16053688,1.73936948,0.78922291,-0.18519087,0.99870166,-0.05094107,-0.08783499,1.4420118,-0.05384915,-0.13217281,1.68467408,-0.08504656,-0.1734328,1.89235429,-0.12112185,-0.19151628,0.93036342,-0.33361708,-0.10710411,1.30579262,-0.56245666,-0.21303923,1.55065271,-0.67702454,-0.29244623,1.78970141,-0.79932924,-0.3265937,0.72958444,-0.55465796,-0.13152231,1.05335112,-0.66136988,-0.19093588,0.9756721,-0.49370829,-0.14463766,0.80425902,-0.35445311,-0.09746911
three,0,0,0,0.25314886,0.32591835,-0.12351327,0.52120281,0.41329536,-0.12484651,0.75875356,0.07714372,-0.09434142,0.83574658,-0.28145699,-0.05435186,0.95705959,0.28865156,-0.077227,1.34811558,0.5386758,-0.1126358,1.55559287,0.67831609,-0.13942115,1.75094341,0.78285118,-0.1586136,0.99877285,-0.04952578,-0.07992395,1.44611347,-0.04874381,-0.12322463,1.68826228,-0.07703484,-0.16254216,1.88941943,-0.10655739,-0.17811836,0.93012753,-0.32952724,-0.09673789,1.30622231,-0.56218311,-0.20002646,1.55763332,-0.67866514,-0.28153062,1.79979492,-0.79964473,-0.3170166,0.72695803,-0.54702048,-0.11846985,1.05211974,-0.64650303,-0.17353886,0.97652088,-0.47687037,-0.1280763,0.80342497,-0.33547627,-0.08197214
three,0,0,0,0.24933823,0.32097385,-0.12540452,0.51913103,0.40574023,-0.12948053,0.75613253,0.07947158,-0.10126274,0.8361368,-0.28461324,-0.0641698,0.95631776,0.28383743,-0.08815403,1.34702344,0.5341582,-0.127002,1.55641934,0.67085267,-0.15573199,1.75613932,0.77267565,-0.17639394,0.99858334,-0.05321006,-0.09272505,1.4454313,-0.05030399,-0.13497091,1.68934818,-0.08232847,-0.17577703,1.89402606,-0.118451,-0.19482838,0.92937274,-0.3356528,-0.11131214,1.30550053,-0.56465489,-0.21720255,1.55913047,-0.68464386,-0.3048438,1.80449943,-0.81153295,-0.34650774,0.727029,-0.55145536,-0.13455371,1.05107461,-0.65349958,-0.19378522,0.97519631,-0.47792575,-0.15329619,0.80120083,-0.33454789,-0.11232902
three,0,0,0,0.24523509,0.32328281,-0.1350412,0.5244161,0.40461946,-0.14603061,0.75760708,0.05202243,-0.1249579,0.84050035,-0.30642413,-0.09550781,0.95667474,0.284795,-0.0891851,1.33302284,0.52248763,-0.1280505,1.53667542,0.66218205,-0.16046703,1.73004644,0.76806447,-0.18509567,0.99840487,-0.05645988,-0.08881038,1.43772106,-0.06115433,-0.12215275,1.67778636,-0.08242653,-0.16154075,1.87546085,-0.10665566,-0.18344153,0.92836039,-0.33807796,-0.10396045,1.30183033,-0.57545999,-0.20641592,1.55067097,-0.69838161,-0.29563195,1.78102498,-0.82666788,-0.34189602,0.73386795,-0.55270815,-0.12508967,1.05317107,-0.65114513,-0.19668767,0.97073616,-0.47843919,-0.16850294,0.79655469,-0.33713355,-0.1360505
three,0,0,0,0.24758181,0.31582743,-0.13073058,0.5309591,0.39569367,-0.13953827,0.76555922,0.05278146,-0.11688161,0.84754877,-0.31285644,-0.08636824,0.95586057,0.2825743,-0.08915235,1.34283167,0.53099431,-0.12797202,1.5538987,0.66961887,-0.15975254,1.75454332,0.77556538,-0.18367611,0.99842709,-0.05606558,-0.09202945,1.44458454,-0.05534612,-0.12607297,1.68808097,-0.08127038,-0.16743875,1.89150163,-0.11123509,-0.19024399,0.92975435,-0.34036863,-0.10971513,1.30895492,-0.57033491,-0.21264265,1.56417582,-0.69315575,-0.30556533,1.80394467,-0.82521825,-0.35428637,0.73679464,-0.55775461,-0.1325236,1.05540765,-0.66489512,-0.20126494,0.97813213,-0.49118937,-0.17175139,0.80768932,-0.34805072,-0.13892075
three,0,0,0,0.24278174,0.31616112,-0.13519472,0.52932824,0.39620835,-0.14668875,0.76491916,0.04234498,-0.12536549,0.84970017,-0.32442206,-0.09579974,0.95780098,0.28513628,-0.0947759,1.3459303,0.52596772,-0.13287208,1.55505329,0.66262437,-0.16308178,1.753206,0.76634576,-0.1858352,0.99851129,-0.05454534,-0.09503518,1.44630059,-0.05781341,-0.12884366,1.68808092,-0.08237568,-0.16918971,1.88778305,-0.11145013,-0.19097958,0.92827121,-0.33889471,-0.11010656,1.30858689,-0.57397923,-0.21433277,1.5672502,-0.69557885,-0.30804155,1.80738251,-0.82586009,-0.35724661,0.73724849,-0.55567676,-0.13031384,1.0548081,-0.65335847,-0.20125094,0.97028128,-0.4823696,-0.1726994,0.79517506,-0.34743102,-0.14043066
three,0,0,0,0.24886951,0.31923674,-0.13629722,0.5311509,0.39866949,-0.14042261,0.77408101,0.03921654,-0.10879732,0.85775933,-0.32590992,-0.06601306,0.95905928,0.28893448,-0.08591272,1.35096891,0.52707451,-0.11821115,1.55476767,0.66000077,-0.14305622,1.74733182,0.76249052,-0.16155504,0.99877174,-0.04954813,-0.08261266,1.44696177,-0.05799251,-0.11710488,1.68566583,-0.08341135,-0.15458718,1.88188123,-0.108107,-0.17131606,0.92966843,-0.33077383,-0.09477832,1.30787414,-0.57365068,-0.19782102,1.56129032,-0.69164322,-0.28698103,1.80058041,-0.81655277,-0.32941049,0.73187512,-0.54397691,-0.11230352,1.05583503,-0.64466191,-0.1730954,0.97462116,-0.47209134,-0.13596475,0.79716931,-0.33737633,-0.09671033
three,0,0,0,0.25084191,0.32640403,-0.13424031,0.51447204,0.40117662,-0.13471177,0.75115227,0.04828035,-0.0986402,0.83158393,-0.31232449,-0.05027294,0.95962533,0.28986589,-0.08661341,1.35563954,0.5343212,-0.12294969,1.56122743,0.66611434,-0.1476355,1.75614019,0.76453519,-0.16434941,0.99867763,-0.0514101,-0.08324767,1.44808043,-0.05591267,-0.12813252,1.68865092,-0.08481656,-0.16475737,1.88842249,-0.1100418,-0.17722535,0.92870867,-0.33007787,-0.09557343,1.30246326,-0.57047451,-0.20115325,1.55244842,-0.68978538,-0.28330199,1.79626613,-0.81142756,-0.31708915,0.72208623,-0.54153605,-0.11370275,1.05003761,-0.64499515,-0.16485857,0.97929832,-0.47730748,-0.11817639,0.80626515,-0.34132337,-0.07150319
three,0,0,0,0.24389897,0.32466938,-0.1377,0.52236867,0.40341032,-0.1459959,0.75903558,0.04836001,-0.12023446,0.84388963,-0.30869788,-0.0847092,0.95804094,0.28138228,-0.08845797,1.3400236,0.51519165,-0.12668672,1.54288133,0.65133578,-0.15677804,1.73459841,0.75566121,-0.17912329,0.99839343,-0.05666186,-0.08576242,1.43874571,-0.0654933,-0.12396198,1.67734835,-0.09057263,-0.16387262,1.87415302,-0.11544122,-0.18298727,0.92787359,-0.33462077,-0.098955,1.30062846,-0.57393391,-0.2043439,1.55088184,-0.69718544,-0.29307361,1.78657491,-0.82401617,-0.33626959,0.72979651,-0.545608,-0.11817684,1.04651692,-0.64600857,-0.18647808,0.96493637,-0.47670365,-0.15481351,0.79160682,-0.33774533,-0.11893184
three,0,0,0,0.24274404,0.31816532,-0.14301858,0.52656907,0.39557567,-0.15194737,0.77007912,0.04450498,-0.12518107,0.85855798,-0.32240123,-0.08818863,0.95705648,0.28267728,-0.0956653,1.34591885,0.52119053,-0.1358394,1.55468624,0.65386542,-0.16734886,1.75598,0.75494398,-0.19109577,0.99853501,-0.05410951,-0.09272909,1.44559674,-0.05875822,-0.13172099,1.68723685,-0.08987715,-0.17364507,1.89206018,-0.12652903,-0.19523459,0.92837826,-0.33636387,-0.10602195,1.30574738,-0.56658866,-0.21330615,1.55796949,-0.6891962,-0.30483556,1.79876683,-0.82201314,-0.35017,0.73045494,-0.54802899,-0.12552942,1.05234806,-0.65638082,-0.19174022,0.9744992,-0.4906524,-0.15828673,0.8013235,-0.35990678,-0.12246497
three,0,0,0,0.25069738,0.32090104,-0.13365174,0.53101729,0.39057996,-0.13436652,0.77115856,0.04082832,-0.10026507,0.84819919,-0.32367813,-0.0552152,0.95715177,0.28053154,-0.08059642,1.34393022,0.51162415,-0.1175342,1.54997209,0.64899381,-0.14760646,1.7487872,0.7582453,-0.16937697,0.9980826,-0.06189614,-0.080353,1.44395407,-0.06998736,-0.11726461,1.68752822,-0.1010725,-0.15636854,1.89137325,-0.13046122,-0.17424457,0.9282065,-0.34335086,-0.09633305,1.3049543,-0.58518918,-0.19992903,1.55590593,-0.70866709,-0.2882744,1.79648635,-0.8370547,-0.32983714,0.72670601,-0.55552053,-0.11830043,1.04807394,-0.65349471,-0.17772591,0.96980806,-0.48209396,-0.13913852,0.7939428,-0.34682116,-0.09924291
three,0,0,0,0.24114817,0.31505839,-0.14193519,0.53117508,0.39205743,-0.15712063,0.76939219,0.03511632,-0.13953832,0.85696732,-0.33261723,-0.1141402,0.9567958,0.28554403,-0.09689237,1.33706632,0.51983633,-0.13763127,1.54504194,0.65971829,-0.172857,1.74546044,0.76577224,-0.20069622,0.99839078,-0.05670848,-0.09651056,1.44239023,-0.06922616,-0.12963729,1.68502984,-0.09805851,-0.17387908,1.88900868,-0.13442481,-0.20123849,0.92746653,-0.34142282,-0.11197409,1.30486376,-0.5771945,-0.2156559,1.56137973,-0.70213907,-0.31230813,1.79816225,-0.83742478,-0.36592655,0.73639605,-0.55854353,-0.13377974,1.05415398,-0.66597521,-0.20871464,0.97464209,-0.49516583,-0.18609055,0.80238232,-0.35557569,-0.15928333
three,0,0,0,0.24763179,0.31760477,-0.13923596,0.52726577,0.3796011,-0.14148489,0.76638125,0.02441118,-0.10736645,0.8481186,-0.33658552,-0.06106172,0.9563751,0.27093076,-0.0782661,1.33549367,0.50190328,-0.11560619,1.53822214,0.63835214,-0.14824767,1.73377607,0.74427039,-0.17161365,0.99734372,-0.07283888,-0.07446697,1.44441323,-0.08497329,-0.10856786,1.68745987,-0.11994538,-0.14758197,1.89001855,-0.15608717,-0.16557016,0.92851311,-0.3551291,-0.08808055,1.3021073,-0.59792359,-0.19200811,1.54368189,-0.72351484,-0.28030194,1.77343814,-0.85856951,-0.32111208,0.72893125,-0.56373349,-0.10834282,1.04819304,-0.65732454,-0.17191241,0.96300793,-0.49095717,-0.13565394,0.78367039,-0.36333273,-0.09612295
three,0,0,0,0.24438017,0.32330542,-0.14148139,0.53168377,0.3850621,-0.15418177,0.76726567,0.02576487,-0.1344748,0.85449741,-0.33402664,-0.10632338,0.957391,0.28208149,-0.08836,1.33270731,0.50882043,-0.13017249,1.53829957,0.64855604,-0.16713886,1.73644292,0.7582145,-0.19540752,0.99829828,-0.05831417,-0.08564223,1.43706715,-0.07311912,-0.12112609,1.67883944,-0.1020316,-0.16313467,1.88143994,-0.13251298,-0.18665244,0.9277278,-0.3388388,-0.09945539,1.30209404,-0.57902062,-0.20373172,1.54262775,-0.70334217,-0.29058518,1.76657816,-0.83091077,-0.33441797,0.73226496,-0.55238527,-0.12015084,1.04991048,-0.66273165,-0.19464034,0.96273795,-0.49860155,-0.16596769,0.78817255,-0.36146976,-0.13244959
three,0,0,0,0.24294005,0.318022,-0.1438598,0.51894958,0.39572484,-0.15357652,0.76095015,0.05054389,-0.12796422,0.84499764,-0.31611075,-0.09252198,0.95211325,0.28993095,-0.09906795,1.34004092,0.53145898,-0.14365073,1.54799366,0.6669251,-0.17884176,1.74877691,0.77055179,-0.20406593,0.99888997,-0.04710453,-0.09624493,1.44528914,-0.05132322,-0.13306962,1.68646641,-0.08569336,-0.17192131,1.88800479,-0.12171849,-0.19102177,0.93178523,-0.32865814,-0.11030011,1.30580407,-0.56387728,-0.21107572,1.55285327,-0.68218149,-0.29585108,1.79181524,-0.80579035,-0.33682974,0.73186115,-0.54208418,-0.13162744,1.04771977,-0.6644594,-0.18938571,0.97804501,-0.50533448,-0.15023455,0.8120963,-0.37425014,-0.11049632
three,0,0,0,0.2434946,0.32337458,-0.14681541,0.53738219,0.38986336,-0.16574876,0.76929172,0.02404105,-0.15357468,0.85658023,-0.34128265,-0.13511949,0.95525818,0.29343069,-0.09584626,1.33455657,0.52682107,-0.14199746,1.54668632,0.66628609,-0.18481752,1.75153293,0.7747097,-0.21839815,0.99872337,-0.05051363,-0.09406929,1.44082267,-0.05982206,-0.1256062,1.68630358,-0.08885011,-0.17426268,1.8935783,-0.12233003,-0.20676377,0.93083124,-0.33615846,-0.10890048,1.30695515,-0.57469819,-0.21010942,1.55168223,-0.69732654,-0.30676284,1.77628826,-0.8253044,-0.36231773,0.7451108,-0.55663736,-0.13112939,1.05232483,-0.67638246,-0.21216371,0.96907842,-0.51090582,-0.19519942,0.80323932,-0.37086702,-0.17194361
three,0,0,0,0.2400211,0.32738128,-0.14919292,0.52952474,0.40103177,-0.17096336,0.76306841,0.0382697,-0.1606481,0.8531201,-0.32439395,-0.14350668,0.95627108,0.31035066,-0.1078536,1.33677534,0.55177477,-0.15580425,1.55064705,0.69235164,-0.19710297,1.75652553,0.79869874,-0.22920455,0.99939013,-0.03491958,-0.10583593,1.44366143,-0.03942703,-0.13986003,1.69100145,-0.06443002,-0.18686413,1.90157519,-0.09415258,-0.21777527,0.93142175,-0.32288013,-0.11996099,1.30654442,-0.55649603,-0.2222543,1.55446855,-0.67626773,-0.31800131,1.78261247,-0.8008806,-0.37281313,0.7440773,-0.54584875,-0.14172674,1.05057988,-0.66441487,-0.22171961,0.96905004,-0.49485436,-0.2039051,0.80207323,-0.35078864,-0.18020551
three,0,0,0,0.2449913,0.33079531,-0.14683263,0.52577817,0.41306952,-0.16251264,0.76686735,0.05627958,-0.14490659,0.85690873,-0.30577325,-0.11941086,0.95458296,0.31419722,-0.10299382,1.33838546,0.56544187,-0.15059565,1.54972104,0.70877719,-0.19123997,1.75333234,0.81684655,-0.22195262,0.99964419,-0.02667383,-0.10042845,1.44633061,-0.02015989,-0.13777486,1.69333112,-0.04152761,-0.18511968,1.90405843,-0.06922332,-0.21417432,0.93351447,-0.31127284,-0.11412436,1.30883173,-0.53661007,-0.21559781,1.55659531,-0.65365907,-0.30900012,1.78910073,-0.77580406,-0.35977121,0.74044256,-0.53152506,-0.13527214,1.05163834,-0.65385967,-0.20298872,0.9799657,-0.48941104,-0.17634717,0.81552519,-0.3496704,-0.14686767
three,0,0,0,0.24323091,0.33075466,-0.14449171,0.52714489,0.40562131,-0.15893101,0.76008992,0.05404598,-0.14061918,0.84874789,-0.3042214,-0.11471709,0.95458402,0.30733148,-0.10154987,1.33433634,0.55397716,-0.14866255,1.54772297,0.69518451,-0.18903408,1.75320698,0.80091722,-0.2191042,0.99938372,-0.03510248,-0.10073669,1.44573112,-0.03278477,-0.13350189,1.6940453,-0.05433569,-0.17821514,1.90396909,-0.08166548,-0.20572984,0.93046438,-0.32234027,-0.11630206,1.30346454,-0.54913385,-0.21740442,1.55142476,-0.66328062,-0.31296904,1.78222307,-0.78634435,-0.36548156,0.73665192,-0.54243146,-0.13909484,1.04454478,-0.65297395,-0.21258297,0.96832683,-0.4815482,-0.18997892,0.80156802,-0.34301868,-0.16232668
three,0,0,0,0.24397157,0.32906984,-0.14463288,0.52327708,0.40971958,-0.15480579,0.76566178,0.06250089,-0.12947485,0.85614005,-0.30013905,-0.09482499,0.95336613,0.30049763,-0.10417866,1.34061448,0.54901511,-0.15309169,1.55453879,0.68582935,-0.19258117,1.76030277,0.78934795,-0.22014785,0.99927636,-0.03803613,-0.1023595,1.44976644,-0.0313614,-0.13788236,1.69913947,-0.06216278,-0.18105865,1.90688555,-0.09480018,-0.20497342,0.93269598,-0.32373477,-0.11698619,1.30748169,-0.54829623,-0.2213974,1.55430892,-0.66523079,-0.31495895,1.78763584,-0.78897477,-0.36275358,0.73465857,-0.53914478,-0.13838011,1.04744412,-0.655966,-0.20577333,0.97336938,-0.48540405,-0.17510346,0.80328409,-0.34900565,-0.14078273
three,0,0,0,0.24392095,0.33499453,-0.14328105,0.52213949,0.41221713,-0.15737135,0.75901148,0.06136476,-0.13844,0.85011184,-0.30161245,-0.11115554,0.95264676,0.31934137,-0.09753775,1.33366522,0.56415038,-0.14349983,1.54361344,0.7066856,-0.18166217,1.74802513,0.81493867,-0.21023996,0.99970032,-0.02447998,-0.0960726,1.44987302,-0.01774345,-0.13495287,1.69697251,-0.03911094,-0.17861424,1.90732117,-0.0662293,-0.20309025,0.93446934,-0.31057124,-0.1109831,1.30795989,-0.54145361,-0.21473965,1.55392278,-0.65934388,-0.30409628,1.78650832,-0.78074694,-0.35008241,0.74009186,-0.53252126,-0.1330476,1.0562239,-0.64802368,-0.19985059,0.97674435,-0.48310561,-0.16848442,0.80521785,-0.34283775,-0.13503574
three,0,0,0,0.24748485,0.32743633,-0.14145582,0.52435822,0.40649229,-0.15381755,0.76146833,0.05461673,-0.13311857,0.85061536,-0.30682026,-0.10417,0.95395296,0.31056496,-0.09866956,1.33731703,0.56246628,-0.14574244,1.54970209,0.70015186,-0.18520342,1.7546193,0.8041495,-0.21435351,0.99960852,-0.02797877,-0.09805614,1.44263895,-0.01986244,-0.13418299,1.68893968,-0.04326322,-0.17814987,1.89795391,-0.06877621,-0.20358436,0.93243322,-0.31258424,-0.1137118,1.30735945,-0.53594486,-0.21653807,1.55514561,-0.65225586,-0.30854276,1.79035571,-0.77285116,-0.35650639,0.73654055,-0.52991503,-0.13600061,1.04871054,-0.65197822,-0.20326917,0.98033421,-0.48361059,-0.17398361,0.81770681,-0.33951196,-0.14137614
three,0,0,0,0.24270756,0.33025107,-0.14475865,0.52967636,0.40750235,-0.16380164,0.76669275,0.04676483,-0.15207043,0.85676124,-0.31652496,-0.1335469,0.95414313,0.31622954,-0.09699912,1.33129372,0.55438673,-0.14376545,1.54211931,0.69545261,-0.18543185,1.74560228,0.80301385,-0.21802919,0.99958793,-0.02870493,-0.09674815,1.44392318,-0.02713219,-0.13273919,1.69279887,-0.04805325,-0.18059156,1.90517173,-0.07427851,-0.21143788,0.93269461,-0.31653428,-0.11282085,1.30846462,-0.543335,-0.21522492,1.55574874,-0.66058979,-0.3088322,1.78307869,-0.7812712,-0.36128671,0.74367947,-0.54219184,-0.1362694,1.05468207,-0.65892114,-0.21276588,0.97613464,-0.49081624,-0.19146108,0.80984692,-0.3456945,-0.16551857
three,0,0,0,0.2481073,0.31816082,-0.13881449,0.52845801,0.39384139,-0.15365127,0.76157051,0.03673728,-0.13664523,0.84652726,-0.32751477,-0.11259484,0.95880821,0.28674046,-0.10114409,1.3458535,0.52891405,-0.14813516,1.56009768,0.66335744,-0.18763471,1.76647508,0.76353488,-0.21766562,0.99860692,-0.05276576,-0.1031565,1.44292314,-0.05807412,-0.14196027,1.69107046,-0.09269203,-0.1905002,1.90427202,-0.13075905,-0.22035986,0.92735282,-0.33536843,-0.12020813,1.30088789,-0.5672566,-0.2254834,1.55161321,-0.69200138,-0.32072203,1.78781766,-0.82122907,-0.37232901,0.73074746,-0.55019733,-0.14333527,1.04194022,-0.6743661,-0.21432375,0.96958769,-0.504619,-0.1873538,0.80506642,-0.35842379,-0.1571451
three,0,0,0,0.23341892,0.31472677,-0.14348781,0.52269019,0.39697361,-0.16492591,0.75976067,0.04816483,-0.1546427,0.85047282,-0.31748163,-0.13865429,0.95662909,0.29022319,-0.10754714,1.33935727,0.52889973,-0.15599282,1.55534267,0.66396074,-0.19545865,1.76159858,0.76292553,-0.22558745,0.9988842,-0.04722659,-0.10794492,1.44110695,-0.04897005,-0.14419951,1.68724088,-0.07574786,-0.18999415,1.8976723,-0.10676457,-0.21777194,0.92566388,-0.32816055,-0.12346637,1.29650364,-0.55984596,-0.22791335,1.54804584,-0.67735303,-0.31961829,1.78470876,-0.79671844,-0.37022288,0.73299888,-0.54273563,-0.1455387,1.03370829,-0.66182687,-0.2264999,0.95486895,-0.48790426,-0.20408899,0.79527321,-0.33551141,-0.17522013
three,0,0,0,0.22552774,0.31719077,-0.13634224,0.50720118,0.40086894,-0.16060525,0.74473246,0.05318772,-0.15495507,0.82824561,-0.30359497,-0.14366943,0.95716597,0.28820562,-0.11063281,1.34702774,0.53138152,-0.16110652,1.56558067,0.66223199,-0.19557062,1.76739523,0.75365634,-0.22242394,0.99881513,-0.04866563,-0.11458944,1.45384036,-0.05416496,-0.17523825,1.69741186,-0.08240247,-0.22252349,1.90268594,-0.11389864,-0.24166533,0.92332143,-0.32453252,-0.13111199,1.30634802,-0.57357812,-0.25142676,1.55367612,-0.69568857,-0.33137005,1.78477094,-0.81164711,-0.36495268,0.72234505,-0.54086113,-0.15246215,1.02631953,-0.66846508,-0.23543588,0.94269092,-0.51827854,-0.20217547,0.787795,-0.37854993,-0.1606391
three,0,0,0,0.23402514,0.30144565,-0.12127402,0.52682431,0.37498244,-0.14821869,0.75297671,0.03919052,-0.15245181,0.83245801,-0.31960674,-0.15765164,0.96079853,0.30005624,-0.10468913,1.3305134,0.53331592,-0.16269246,1.55062684,0.67140618,-0.20920495,1.75622781,0.76588186,-0.24687068,0.99904613,-0.04366732,-0.12151274,1.44484898,-0.06563961,-0.17645504,1.6821022,-0.09155418,-0.23246012,1.8960643,-0.11521379,-0.26484791,0.9172515,-0.32004874,-0.1491006,1.28797767,-0.56925425,-0.2644247,1.52743382,-0.69016457,-0.34660691,1.76321971,-0.80084471,-0.39058974,0.72177612,-0.54234853,-0.18112714,1.00866771,-0.6697354,-0.27642582,0.91721499,-0.50917899,-0.25113833,0.77178606,-0.35642013,-0.21828125
three,0,0,0,0.23260268,0.33371527,-0.14604057,0.50073682,0.4454607,-0.16092719,0.74324081,0.10642388,-0.137236,0.8313069,-0.25487343,-0.10543801,0.96072437,0.2949094,-0.14048599,1.36784132,0.55603334,-0.20110633,1.58512404,0.69743889,-0.23550253,1.78958479,0.80332985,-0.25749638,0.99918748,-0.04030368,-0.14028538,1.47098817,-0.0411863,-0.21643283,1.72459055,-0.07917951,-0.26853497,1.94364497,-0.11142611,-0.28744309,0.92655342,-0.30948529,-0.15290374,1.31762674,-0.55018941,-0.28524098,1.5799196,-0.67407191,-0.37458774,1.84201734,-0.78471338,-0.40965106,0.70927141,-0.51422113,-0.17005213,1.0290494,-0.64651571,-0.23306646,0.96154877,-0.4849892,-0.18562394,0.79863709,-0.33781928,-0.13761849
three,0,0,0,0.22963859,0.32030471,-0.15212284,0.52581384,0.40961566,-0.179515,0.75390735,0.04788844,-0.17290231,0.84719613,-0.31513934,-0.16245474,0.96363993,0.26753533,-0.1368638,1.3500256,0.50868415,-0.19514763,1.56763116,0.65398259,-0.23790088,1.77201658,0.76590201,-0.27074589,0.99674019,-0.08067835,-0.1385143,1.46360659,-0.09721087,-0.1983925,1.7149072,-0.12395371,-0.25606004,1.92938837,-0.15269445,-0.29020264,0.92072873,-0.36077689,-0.15426527,1.31579174,-0.60588448,-0.2814057,1.58131777,-0.74354528,-0.38711482,1.82827537,-0.87549816,-0.44612803,0.7219564,-0.57019375,-0.17566967,1.03505939,-0.67588834,-0.26880423,0.93901528,-0.50916417,-0.25304479,0.76608824,-0.36628982,-0.23150161
three,0,0,0,0.23752189,0.32609831,-0.15009195,0.52362751,0.40957624,-0.17205243,0.75912471,0.06203921,-0.15938136,0.85765995,-0.29861575,-0.14160372,0.9625748,0.26229143,-0.12988602,1.35389106,0.50538731,-0.18725068,1.57649912,0.64116997,-0.2279694,1.78398345,0.74038125,-0.25791944,0.99589589,-0.09050618,-0.12868062,1.46901551,-0.11500404,-0.19386798,1.72746907,-0.15406507,-0.24937774,1.94362766,-0.19702122,-0.27873299,0.92143065,-0.37163371,-0.14175317,1.31070942,-0.63016229,-0.26858586,1.56678027,-0.77368307,-0.36658106,1.80630672,-0.91205759,-0.41672548,0.71770254,-0.58073661,-0.1607299,1.03074893,-0.69383644,-0.2467728,0.9393994,-0.52247394,-0.22322348,0.76483383,-0.37366751,-0.19458145
three,0,0,0,0.23068347,0.32111874,-0.15430922,0.52216853,0.40346686,-0.18088054,0.75168819,0.04327703,-0.17196811,0.85129315,-0.31682169,-0.15878435,0.96044875,0.25275561,-0.13606105,1.3466815,0.48755013,-0.1947275,1.56885789,0.62089473,-0.23835526,1.77745305,0.71635119,-0.2710844,0.99509365,-0.09893748,-0.13496291,1.46667981,-0.1262209,-0.19726794,1.72215279,-0.1720984,-0.25524556,1.94143739,-0.22043956,-0.28802694,0.92289524,-0.37871811,-0.14809613,1.31016045,-0.62910485,-0.2751539,1.57022919,-0.77989589,-0.3783041,1.81685099,-0.9239652,-0.43469955,0.7248995,-0.58844136,-0.16734774,1.02664256,-0.70150944,-0.26133864,0.92768677,-0.52209311,-0.24439136,0.7549309,-0.36330367,-0.22061765
three,0,0,0,0.2434579,0.31871503,-0.15911499,0.53682404,0.38188329,-0.18246702,0.77370363,0.01572241,-0.16934554,0.87265741,-0.34326162,-0.14960814,0.96648984,0.24311574,-0.13078768,1.35062334,0.47392953,-0.18655731,1.56305264,0.60148458,-0.22674929,1.76586888,0.69429206,-0.25706374,0.99500339,-0.0998411,-0.12390675,1.45619906,-0.12544802,-0.18349704,1.70501242,-0.15778254,-0.2299988,1.91447008,-0.19219385,-0.25481845,0.92117051,-0.37645878,-0.1336951,1.30808886,-0.62347372,-0.25596,1.55205111,-0.75682816,-0.3419638,1.7854156,-0.88932548,-0.38508824,0.71929774,-0.58629852,-0.15125566,1.03588206,-0.70350928,-0.23705807,0.94263661,-0.5311233,-0.20796593,0.76739786,-0.38589566,-0.1752771
three,0,0,0,0.23008685,0.31325286,-0.15879585,0.53316455,0.3703317,-0.19653197,0.7573286,-0.02483463,-0.2039214,0.84964857,-0.39125499,-0.2070801,0.96101191,0.222022,-0.12645056,1.33430048,0.416818,-0.18943589,1.54615754,0.54541115,-0.23904041,1.74297954,0.64221497,-0.27821185,0.9918777,-0.12719521,-0.12022725,1.4416346,-0.16644209,-0.18193284,1.68630185,-0.18835513,-0.23812668,1.89109653,-0.21761287,-0.2736845,0.91333936,-0.40282833,-0.12987477,1.29056673,-0.67416239,-0.25196117,1.52622087,-0.80066072,-0.3445291,1.73773439,-0.92343999,-0.39651848,0.72424069,-0.62008316,-0.14715399,1.01638183,-0.74852302,-0.24709928,0.92573504,-0.58971269,-0.23777453,0.76893078,-0.4465765,-0.21977461
three,0,0,0,0.25189885,0.31367587,-0.14110024,0.54705072,0.38175771,-0.15384006,0.77701478,0.00855268,-0.1317216,0.85687743,-0.36530029,-0.10243975,0.95906819,0.25404573,-0.1171118,1.35523189,0.48381877,-0.16706319,1.57545894,0.61309358,-0.20322426,1.78051441,0.7090526,-0.22910649,0.99534035,-0.09642404,-0.11881438,1.4615913,-0.12491053,-0.16063356,1.71301312,-0.1675585,-0.20415148,1.92109667,-0.21698821,-0.22843762,0.92195786,-0.38364325,-0.13531572,1.30777739,-0.6373384,-0.24432692,1.56105206,-0.76680373,-0.33855776,1.79966505,-0.90896991,-0.38824211,0.72048957,-0.59680732,-0.15754274,1.04052071,-0.73790233,-0.22566945,0.97007055,-0.56359491,-0.19540011,0.80274842,-0.41929699,-0.16408842
three,0,0,0,0.26498845,0.31805836,-0.13815848,0.54231466,0.37616142,-0.13507983,0.78576847,0.02192645,-0.09334716,0.86280612,-0.35251894,-0.0395103,0.95984844,0.25990832,-0.09699922,1.35798964,0.49234124,-0.14275361,1.57096377,0.61131708,-0.17463904,1.77247662,0.70012812,-0.19571535,0.99643914,-0.08431511,-0.09570653,1.45784225,-0.10358638,-0.14309943,1.7017074,-0.14438586,-0.18131886,1.90342915,-0.18280463,-0.19648917,0.92569552,-0.36608367,-0.11130781,1.31296185,-0.61140576,-0.22112956,1.55840408,-0.73953838,-0.30758786,1.79960184,-0.87712981,-0.34477791,0.7126725,-0.57093036,-0.13280471,1.04496131,-0.70439483,-0.18077725,0.98522427,-0.53879463,-0.13367757,0.81424584,-0.40535103,-0.08961917
three,0,0,0,0.26273621,0.31908167,-0.13448394,0.53994743,0.38187574,-0.12806497,0.80113416,0.04146977,-0.08272131,0.88212212,-0.33750652,-0.02470271,0.95680826,0.2717031,-0.09118951,1.36144876,0.5067582,-0.13615865,1.57287047,0.62429125,-0.16652757,1.77557863,0.71144264,-0.18563604,0.99784003,-0.0656907,-0.09000776,1.46409229,-0.07723151,-0.13946238,1.71071066,-0.1212119,-0.17658941,1.91680018,-0.15986441,-0.18877127,0.9288943,-0.34840886,-0.10520186,1.31529236,-0.58842617,-0.21860304,1.55989283,-0.71576889,-0.30303818,1.80495595,-0.84932371,-0.33589282,0.71505461,-0.55626415,-0.12540728,1.04450794,-0.68575271,-0.1721269,0.9815845,-0.51679146,-0.11923561,0.81003162,-0.38083016,-0.06941188
three,0,0,0,0.23669244,0.30616224,-0.16646553,0.56180511,0.33425525,-0.20895674,0.79325218,-0.05805721,-0.22161821,0.8780212,-0.4358293,-0.23200079,0.96191804,0.21231372,-0.14471717,1.35162295,0.4067037,-0.20893303,1.57333634,0.52929253,-0.26086823,1.78095839,0.61075635,-0.30243676,0.99187953,-0.12718096,-0.13830103,1.4460807,-0.18227407,-0.18198565,1.69756208,-0.22030996,-0.23874533,1.90663527,-0.2716583,-0.28168734,0.91105605,-0.40225235,-0.14713491,1.29088824,-0.69247531,-0.25281801,1.54016557,-0.83697782,-0.35710081,1.75206748,-0.97138953,-0.42553947,0.73221439,-0.61824929,-0.16469636,1.01474194,-0.7848905,-0.26397061,0.94696431,-0.63036788,-0.27144261,0.80703602,-0.48004241,-0.26948618
three,0,0,0,0.25880689,0.28090973,-0.15933908,0.56078239,0.2939419,-0.18261055,0.79498484,-0.10311728,-0.17016006,0.87275584,-0.46984051,-0.14958408,0.95918314,0.16614024,-0.12040268,1.35391935,0.34137545,-0.17325965,1.57064309,0.44240084,-0.21660737,1.77702914,0.50853024,-0.25025881,0.98625067,-0.16525623,-0.11295781,1.42760245,-0.22551776,-0.1491152,1.66549262,-0.27727354,-0.19543007,1.86474014,-0.33373785,-0.22618302,0.90266605,-0.43457782,-0.12263803,1.26778707,-0.72709316,-0.22534547,1.50369129,-0.87466216,-0.32200116,1.71487859,-1.02165349,-0.37756839,0.70317656,-0.63211229,-0.14027473,0.99723438,-0.81803959,-0.21802321,0.93908748,-0.66056616,-0.20441342,0.79310964,-0.51407155,-0.18538382
three,0,0,0,0.25711832,0.26754263,-0.17033351,0.57247199,0.26423899,-0.20653338,0.80527086,-0.15397889,-0.20872672,0.88164618,-0.53599255,-0.20560917,0.9630174,0.14164945,-0.13502113,1.36608445,0.29901347,-0.1892256,1.5890662,0.37875959,-0.23457208,1.80261098,0.41874314,-0.27337684,0.98077367,-0.19514867,-0.12407886,1.41899853,-0.27346109,-0.15909624,1.65269471,-0.33665616,-0.209757,1.85777158,-0.40942739,-0.24921483,0.89208481,-0.46605281,-0.12964594,1.25382538,-0.77337678,-0.22779425,1.4814347,-0.93205094,-0.3229574,1.68738105,-1.08564107,-0.38436587,0.70149874,-0.66857574,-0.14478213,0.98316701,-0.8855487,-0.22909031,0.9244619,-0.73353851,-0.22345809,0.78913296,-0.57901857,-0.21316234
three,0,0,0,0.26955379,0.26111394,-0.15834182,0.57432948,0.24182402,-0.17874907,0.79826298,-0.15712292,-0.16369661,0.87034352,-0.53503215,-0.14182521,0.95946345,0.12523594,-0.11676678,1.35719095,0.28688923,-0.17202303,1.5781414,0.36843216,-0.21989417,1.79134754,0.42121343,-0.25726732,0.97920104,-0.2028924,-0.11050554,1.41010766,-0.27227522,-0.14464385,1.64483202,-0.35297121,-0.19496578,1.8471727,-0.4338567,-0.23092913,0.88970574,-0.47591589,-0.12192322,1.250505,-0.77523315,-0.22748751,1.47306961,-0.93746338,-0.32800978,1.6801059,-1.10187439,-0.38632946,0.6855705,-0.66693648,-0.14068691,0.96875843,-0.88130663,-0.22021746,0.91142801,-0.72851361,-0.2058735,0.76875765,-0.58448172,-0.18661232
three,0,0,0,0.26224111,0.27147139,-0.17636749,0.58749128,0.25290569,-0.20831288,0.81223489,-0.15058726,-0.20465793,0.8969924,-0.54119482,-0.19611397,0.96314924,0.1528265,-0.13352734,1.35794145,0.313508,-0.19525762,1.58350429,0.39514051,-0.2522763,1.80331976,0.44644952,-0.29764153,0.98275163,-0.18493037,-0.12509632,1.42130138,-0.25255406,-0.14959391,1.66589981,-0.32488537,-0.2048427,1.87290297,-0.39901659,-0.25246989,0.89382156,-0.46949616,-0.1368956,1.26293814,-0.76341306,-0.24108067,1.50006125,-0.93209069,-0.36052991,1.7089745,-1.10394545,-0.44062762,0.70388623,-0.67519812,-0.15799405,0.98424103,-0.88110113,-0.25911759,0.92979688,-0.71441251,-0.27165196,0.78847384,-0.56350207,-0.27449624
three,0,0,0,0.22793249,0.34285145,-0.14990211,0.5700192,0.41221427,-0.1953923,0.84251422,0.06827569,-0.21675897,0.95472198,-0.29962047,-0.23807208,0.95401684,0.29773953,-0.13047598,1.33007137,0.51344809,-0.19753881,1.55090797,0.65798492,-0.25103956,1.75795368,0.76406222,-0.29338705,0.99936347,-0.0356744,-0.13158648,1.44814787,-0.03753606,-0.17894486,1.7009708,-0.05218097,-0.2301704,1.90824084,-0.08880172,-0.26942332,0.93349393,-0.32912377,-0.14702822,1.33594304,-0.57116197,-0.25990152,1.58138757,-0.68724875,-0.35371476,1.78598906,-0.81435189,-0.41489804,0.76604259,-0.59351165,-0.16875928,1.07480939,-0.70864821,-0.27651201,0.98778783,-0.5183672,-0.27597526,0.82847332,-0.36034198,-0.26700123
three,0,0,0,0.2396194,0.35344296,-0.11530927,0.56676854,0.45904768,-0.13702934,0.84696669,0.16994831,-0.13816754,0.96133012,-0.18117656,-0.14235452,0.95022968,0.35478082,-0.11041036,1.3395251,0.60656555,-0.15381759,1.56473716,0.74903482,-0.18694473,1.77022185,0.84900738,-0.21563444,0.9997748,0.02122163,-0.12674234,1.46453549,0.02851374,-0.16040638,1.72746496,0.01039318,-0.2075261,1.93679705,-0.02269425,-0.24359886,0.93071099,-0.27679906,-0.15310102,1.35023773,-0.51020747,-0.25976398,1.62758312,-0.62712448,-0.37038431,1.86108133,-0.7543525,-0.44349353,0.75570788,-0.53678559,-0.18092523,1.07228173,-0.61632383,-0.28022583,0.99759164,-0.40122464,-0.28393834,0.83100706,-0.23167123,-0.27966364
three,0,0,0,0.23107994,0.35291011,-0.10772939,0.54939849,0.47583756,-0.13129532,0.83895145,0.21940057,-0.13652045,0.95407555,-0.1358037,-0.14457011,0.94554348,0.37253983,-0.10908541,1.33231642,0.64146593,-0.15266695,1.55411196,0.79191669,-0.18393884,1.75683627,0.89539051,-0.21060051,0.99918996,0.04024196,-0.12949836,1.46760131,0.06466161,-0.17110377,1.73173565,0.0508519,-0.21655163,1.94211863,0.01363169,-0.24753074,0.9325522,-0.2583661,-0.15846963,1.35418648,-0.47897127,-0.26864534,1.62657933,-0.58640288,-0.3675964,1.85714422,-0.70720388,-0.42867423,0.75798929,-0.51994725,-0.18856073,1.08204962,-0.57684611,-0.28301914,1.00178822,-0.37109518,-0.27508762,0.83087853,-0.21374684,-0.26064391
three,0,0,0,0.23595676,0.35378256,-0.12177263,0.5300171,0.46944408,-0.13062791,0.81528025,0.20052727,-0.10846821,0.9248444,-0.1410199,-0.07947052,0.95404619,0.34716216,-0.10450574,1.35087867,0.60686514,-0.13957751,1.55371696,0.7525584,-0.16046404,1.74135981,0.86045666,-0.17568468,0.99981496,0.01923664,-0.10846758,1.46528766,0.03339003,-0.14655128,1.71704026,0.01925117,-0.18254554,1.91718707,-0.00435523,-0.20025908,0.93498854,-0.2697877,-0.12384062,1.33594687,-0.4831458,-0.22373684,1.59965284,-0.57598084,-0.30982204,1.8370947,-0.6746786,-0.35453043,0.74547631,-0.50294318,-0.1430477,1.07575975,-0.57934208,-0.20621359,1.00060425,-0.377284,-0.1750752,0.82391941,-0.22536477,-0.14222448
three,0,0,0,0.24115639,0.35363666,-0.1120149,0.53284709,0.46617448,-0.11328916,0.81707474,0.21240525,-0.08481725,0.92161182,-0.13403361,-0.05044165,0.94969454,0.36142403,-0.09441862,1.33887363,0.61984565,-0.12798572,1.54147329,0.76152612,-0.14990554,1.7322277,0.86943082,-0.16643775,0.99937343,0.03539412,-0.10360049,1.45730998,0.05227607,-0.13554816,1.70731621,0.03145983,-0.17116313,1.90761958,0.00700491,-0.191007,0.93522262,-0.25682151,-0.12431121,1.33867864,-0.47309924,-0.22555441,1.60152884,-0.57598378,-0.31997441,1.8409745,-0.68117229,-0.3712484,0.74416801,-0.49309297,-0.14724885,1.07011765,-0.57010549,-0.21163459,0.99676646,-0.36434928,-0.1845701,0.81929724,-0.21027291,-0.1559828
three,0,0,0,0.22867386,0.36408362,-0.10035771,0.52091997,0.50076355,-0.10262093,0.81231022,0.26594263,-0.07781056,0.92158308,-0.07740959,-0.04851212,0.9414953,0.38241391,-0.09225442,1.32541665,0.66196715,-0.12177188,1.53227038,0.81116476,-0.13754962,1.72430705,0.92585349,-0.15009359,0.9984853,0.05501911,-0.10606286,1.46380866,0.0848412,-0.15316577,1.7205605,0.07124943,-0.19152745,1.92870933,0.0512432,-0.20756149,0.93887345,-0.23721655,-0.12773443,1.34773593,-0.44188726,-0.24074832,1.62031762,-0.53395912,-0.33199184,1.86859635,-0.63376467,-0.37629055,0.75192551,-0.48390971,-0.14945523,1.0844604,-0.51935183,-0.21985931,0.99834124,-0.31094527,-0.18872268,0.81533438,-0.16041516,-0.15422638
three,0,0,0,0.21664242,0.37933962,-0.09029838,0.51245622,0.54233759,-0.10123595,0.81294166,0.33118298,-0.09242137,0.92040525,-0.00996071,-0.08367953,0.93642746,0.42804265,-0.09026344,1.31856298,0.71098021,-0.11759087,1.52160289,0.87140127,-0.13390669,1.70812253,0.99241024,-0.15003526,0.99489255,0.10093967,-0.11153814,1.45713185,0.14958206,-0.16387361,1.71939409,0.14537572,-0.21212766,1.93468042,0.12573616,-0.23763758,0.93608062,-0.19237295,-0.13754885,1.35173373,-0.37671483,-0.25506948,1.63199607,-0.46062857,-0.35264754,1.87677948,-0.55257965,-0.40441889,0.75791384,-0.45296781,-0.16190935,1.09448534,-0.46614903,-0.24937582,0.9996356,-0.25496877,-0.23105205,0.8136585,-0.09642886,-0.2054208
three,0,0,0,0.23324125,0.37312705,-0.10536821,0.52443,0.52606271,-0.11807297,0.81932449,0.28661981,-0.10508465,0.92738385,-0.0566342,-0.08855325,0.94851206,0.38077264,-0.10724875,1.33879555,0.65719735,-0.14637627,1.54013688,0.81828453,-0.16757577,1.72376055,0.93911133,-0.18335332,0.9986061,0.05278121,-0.12248639,1.47165392,0.0881809,-0.18177325,1.72999494,0.08044497,-0.22701355,1.93889075,0.05884219,-0.24695341,0.93678758,-0.23375859,-0.14456017,1.34885802,-0.42994481,-0.25692412,1.6212069,-0.50854883,-0.3373983,1.86542919,-0.59049375,-0.37448403,0.74726743,-0.47471925,-0.16816504,1.09302487,-0.52329863,-0.23601709,1.01542619,-0.30941854,-0.19749612,0.83705437,-0.14196606,-0.15673459
three,0,0,0,0.21745755,0.36972942,-0.13325885,0.55400067,0.47507769,-0.17278337,0.82574907,0.18576129,-0.19225445,0.94823197,-0.18113045,-0.21495186,0.95193499,0.37403924,-0.11886906,1.32416721,0.60924279,-0.16642919,1.53610008,0.75595983,-0.20340381,1.73572583,0.85980054,-0.23685601,0.99903725,0.04386987,-0.12562586,1.45428565,0.05089304,-0.16021592,1.7046155,0.04076246,-0.21171465,1.90349596,0.01385958,-0.25428342,0.93547561,-0.24936725,-0.143558,1.34616141,-0.48493231,-0.25228601,1.60270827,-0.60683843,-0.36478383,1.81216192,-0.72469803,-0.44367458,0.78666386,-0.51157391,-0.16499328,1.05384636,-0.58015853,-0.28597964,0.94905482,-0.38167975,-0.31159607,0.78343749,-0.20879365,-0.32242801
three,0,0,0,0.22434774,0.33147311,-0.15238604,0.55228507,0.41708616,-0.19857882,0.81806494,0.09772852,-0.22026531,0.92262048,-0.27912296,-0.24349617,0.95483631,0.31446082,-0.14764101,1.34061842,0.541244,-0.2084774,1.55756764,0.67852972,-0.25683061,1.76006743,0.77203394,-0.29597154,0.99977156,-0.02137333,-0.14886818,1.45209997,-0.03030187,-0.18564827,1.70649122,-0.03934816,-0.23673822,1.91453142,-0.06724916,-0.2778383,0.93024323,-0.30431187,-0.16251728,1.33380303,-0.56128651,-0.25866439,1.58626589,-0.67238202,-0.35370876,1.79656076,-0.77781634,-0.41969174,0.762494,-0.54541451,-0.18377028,1.05656625,-0.66792597,-0.2813599,0.98321135,-0.49283178,-0.28498709,0.83341345,-0.33301957,-0.28042465
three,0,0,0,0.22684967,0.32581905,-0.15489114,0.54621403,0.38810981,-0.19728788,0.80540019,0.05014555,-0.21182653,0.90227177,-0.32713409,-0.22475594,0.95621447,0.27510978,-0.14103667,1.34802084,0.50464546,-0.19666923,1.56297135,0.63970512,-0.23999326,1.76572268,0.72645386,-0.27506814,0.99802368,-0.062839,-0.13717644,1.45234539,-0.06725441,-0.17956677,1.70535044,-0.07959723,-0.22972098,1.91516009,-0.11566094,-0.26473014,0.92506985,-0.34569955,-0.14592374,1.31983139,-0.61183825,-0.24830812,1.56852183,-0.72509694,-0.33918277,1.78179462,-0.83728338,-0.39606939,0.75134866,-0.57900099,-0.16183335,1.05223064,-0.68889987,-0.25527585,0.96856697,-0.52173459,-0.24833403,0.81611892,-0.37443941,-0.2334932
three,0,0,0,0.24596506,0.31362237,-0.13831094,0.5387187,0.38487462,-0.15467753,0.77412311,0.02531166,-0.13800328,0.86175311,-0.34127414,-0.11512325,0.95880537,0.27643224,-0.11317677,1.34385443,0.52609082,-0.16456126,1.55968427,0.66579467,-0.2056866,1.7627216,0.77215417,-0.23621069,0.99743856,-0.07152852,-0.11805252,1.45318117,-0.08194643,-0.16033963,1.69991286,-0.11294961,-0.20833749,1.90592159,-0.14825613,-0.23677312,0.92384772,-0.36001731,-0.13725496,1.3178949,-0.6069239,-0.25120365,1.57082108,-0.73789206,-0.34943665,1.80456357,-0.87982175,-0.40190556,0.72588112,-0.5777605,-0.16114537,1.04942424,-0.70306387,-0.24058413,0.96927879,-0.53245805,-0.2152822,0.79908479,-0.39327138,-0.18562531
three,0,0,0,0.23488693,0.32034299,-0.15044925,0.54138274,0.39322619,-0.17449164,0.77443685,0.02401567,-0.16441603,0.8667588,-0.3512282,-0.14989677,0.95852056,0.2817202,-0.12242243,1.33321756,0.53722872,-0.17512979,1.54689443,0.68696091,-0.21840909,1.74929024,0.80084237,-0.25220016,0.99720085,-0.07476941,-0.12362768,1.4548469,-0.0885286,-0.1641133,1.70032001,-0.12175074,-0.21424294,1.90514611,-0.15928039,-0.24715043,0.9256931,-0.36860502,-0.13999753,1.31812101,-0.62005833,-0.25692301,1.56944401,-0.76126362,-0.36006723,1.80132019,-0.90789684,-0.42017946,0.73572314,-0.59277646,-0.16225511,1.04378871,-0.71043089,-0.26105519,0.93961581,-0.52921752,-0.24841312,0.75901405,-0.37698345,-0.22764836
three,0,0,0,0.238468,0.31987216,-0.14323645,0.52218779,0.40423118,-0.15288182,0.75942516,0.03724177,-0.12522203,0.84437273,-0.33103176,-0.0889288,0.95837257,0.27941126,-0.10916633,1.34104148,0.53881098,-0.15920467,1.55237873,0.68561745,-0.19594598,1.75200462,0.80346171,-0.22186771,0.99724004,-0.07424483,-0.10997605,1.45925504,-0.08382309,-0.16223837,1.70589945,-0.12372348,-0.20769496,1.91447143,-0.15967113,-0.22818385,0.92649741,-0.3624303,-0.12614642,1.31125215,-0.609914,-0.24624379,1.55861829,-0.74437628,-0.33518968,1.79970571,-0.88460189,-0.3755953,0.71734888,-0.57967876,-0.148128,1.0385841,-0.69296291,-0.22255727,0.93910942,-0.52209219,-0.18281827,0.75470196,-0.38444264,-0.14024473
three,0,0,0,0.22516803,0.32665695,-0.13850987,0.51533961,0.42665764,-0.15717728,0.73357816,0.06286712,-0.1443818,0.82630042,-0.30008006,-0.12948921,0.95602397,0.30391919,-0.11395107,1.33046847,0.5537576,-0.16454127,1.54492586,0.70289387,-0.20667354,1.74617229,0.81955266,-0.23907839,0.9980195,-0.06290524,-0.12064597,1.45438711,-0.08241983,-0.16569927,1.70851891,-0.1217566,-0.21975156,1.92316441,-0.15672353,-0.25248492,0.92504922,-0.36083631,-0.14087043,1.31653159,-0.61006701,-0.2618004,1.56707407,-0.75139991,-0.36709045,1.80225945,-0.88988133,-0.42622088,0.72677897,-0.58621138,-0.16550373,1.02559997,-0.67904765,-0.27111253,0.91123128,-0.49140569,-0.25922313,0.72824826,-0.33785366,-0.2353685
three,0,0,0,0.23513449,0.33330523,-0.14272764,0.51463398,0.42810675,-0.15262198,0.74348338,0.07460007,-0.1263894,0.82866586,-0.28720791,-0.09310386,0.96239545,0.30028458,-0.11244833,1.3502855,0.55829988,-0.16197885,1.56280978,0.70734374,-0.19861064,1.76036677,0.82885063,-0.22470877,0.99843496,-0.05592528,-0.11366417,1.46338726,-0.07495541,-0.16426324,1.71555483,-0.11638684,-0.21449353,1.92709647,-0.1458221,-0.24003074,0.92547166,-0.34310243,-0.12955933,1.3163971,-0.59749161,-0.24868449,1.56657318,-0.7239746,-0.3453316,1.80821381,-0.84443479,-0.39295419,0.71621642,-0.55862476,-0.15108073,1.03086797,-0.66043753,-0.23124494,0.933214,-0.48098547,-0.20047539,0.74972375,-0.33433771,-0.16416127
call,0,0,0,0.23929768,0.50924844,-0.10199441,0.6705617,0.81541908,-0.12039931,1.00431241,1.08926311,-0.15403259,1.14356803,1.3797658,-0.17050761,1.02016843,0.31324034,0.06475866,1.32751934,0.21994866,-0.05840378,1.14085129,0.08147868,-0.15507698,0.90405964,0.04782234,-0.19375936,0.99724521,-0.07417543,0.06267049,1.34076712,-0.1834834,-0.1142314,1.09117768,-0.27093363,-0.21641285,0.83393518,-0.25581022,-0.22729991,0.93719525,-0.42351018,0.03226311,1.26314336,-0.59266043,-0.09641066,1.07580136,-0.57642151,-0.13453237,0.86031324,-0.47108759,-0.11101202,0.84186293,-0.71186728,-0.01280258,1.11153404,-0.94032726,-0.05796562,1.26145158,-1.13403193,-0.07969059,1.39819749,-1.25747807,-0.07957844
call,0,0,0,0.25169663,0.516223,-0.09726457,0.68842193,0.84535543,-0.11059096,1.00920598,1.13661454,-0.14335413,1.14536439,1.4398635,-0.15935173,1.02454912,0.35309491,0.08819256,1.30713165,0.25047756,-0.0425518,1.09769831,0.12255317,-0.14272826,0.85805871,0.10442189,-0.17820704,0.99927197,-0.03815153,0.08373954,1.30451692,-0.15750566,-0.10467314,1.02274948,-0.23485303,-0.21227846,0.76101396,-0.20028845,-0.22070372,0.93772855,-0.39106805,0.04906227,1.23129264,-0.55400225,-0.09652021,1.00158874,-0.54541802,-0.13674557,0.76975417,-0.43878052,-0.10463614,0.84681913,-0.68715744,0.0010696,1.12638233,-0.88954137,-0.04794686,1.2794813,-1.07234789,-0.06508891,1.42025262,-1.18710291,-0.0564629
call,0,0,0,0.25817515,0.52106489,-0.0913093,0.70058079,0.86143502,-0.0998723,1.02032844,1.15593585,-0.12850264,1.15483694,1.46121157,-0.13670877,1.02581051,0.38928702,0.08803425,1.30488334,0.26681487,-0.03963806,1.07082048,0.13528673,-0.12938141,0.82700624,0.12351649,-0.15511426,0.99995389,-0.00960344,0.08412139,1.27005263,-0.15195555,-0.10803516,0.96397997,-0.19581271,-0.20559598,0.70582678,-0.13448505,-0.20353117,0.94119818,-0.37218437,0.05034985,1.20804324,-0.54331591,-0.10233947,0.9491476,-0.50473514,-0.1341747,0.71222766,-0.38604045,-0.09083816,0.86000777,-0.67119514,0.00455891,1.13825164,-0.86965747,-0.04614119,1.29093791,-1.04426779,-0.05933308,1.43771628,-1.16124444,-0.04412919
call,0,0,0,0.26909547,0.53045774,-0.09979302,0.71377731,0.88533267,-0.10360168,1.03928821,1.1778593,-0.12357326,1.17779881,1.46302382,-0.12658208,1.03155341,0.34552753,0.10108382,1.31121368,0.2201882,-0.02164433,1.10138972,0.10812059,-0.1190006,0.86865658,0.09290806,-0.15086154,0.99899763,-0.04476307,0.10500897,1.29116037,-0.16877282,-0.0740573,1.00665047,-0.22926441,-0.17903358,0.74908406,-0.20115106,-0.18582546,0.93130698,-0.39777278,0.07823258,1.21240901,-0.55481111,-0.06752246,0.97745895,-0.53504061,-0.10828608,0.74976347,-0.4422252,-0.07286855,0.84072312,-0.68334181,0.0392988,1.12860009,-0.89918585,-0.00745424,1.2844567,-1.07052183,-0.02043573,1.43139093,-1.18422989,-0.00591594
call,0,0,0,0.26122165,0.52937278,-0.1210526,0.71364439,0.87425963,-0.14471559,1.05171291,1.16296203,-0.1805151,1.19751686,1.46091753,-0.20141387,1.02484026,0.36440643,0.03844529,1.30420552,0.2332189,-0.09309615,1.10565058,0.09694732,-0.19454489,0.87414882,0.0761254,-0.23455756,0.99913315,-0.04162861,0.04509156,1.29270889,-0.17626592,-0.14765492,1.01961336,-0.24990484,-0.26095755,0.7605881,-0.22605655,-0.27833154,0.93550988,-0.40671927,0.02331785,1.22089646,-0.59448518,-0.12888015,1.00060306,-0.57769535,-0.17782712,0.77163958,-0.47604711,-0.15483089,0.84250595,-0.70280875,-0.01280803,1.13238536,-0.92437942,-0.07196668,1.29216322,-1.10869143,-0.09947691,1.44083327,-1.23115176,-0.10060388
call,0,0,0,0.26300835,0.54715504,-0.11878791,0.71503166,0.89587709,-0.14223769,1.06087529,1.1767754,-0.17847828,1.21750983,1.46721633,-0.20114997,1.02082877,0.38000738,0.03617263,1.30384865,0.23924218,-0.09100645,1.10448262,0.09056297,-0.19041634,0.87481893,0.06080755,-0.23135628,0.9994436,-0.03335415,0.04246024,1.29053515,-0.17576385,-0.14834953,1.01544641,-0.25597566,-0.26260525,0.75492855,-0.23366513,-0.28258695,0.94114882,-0.40476348,0.02144642,1.23454648,-0.59660335,-0.1276086,1.01766044,-0.58608866,-0.17830785,0.78788117,-0.4889222,-0.15893525,0.85068149,-0.70764195,-0.01349358,1.14440289,-0.93419787,-0.07276831,1.30542145,-1.12617729,-0.10297637,1.45304591,-1.2553217,-0.10717422
call,0,0,0,0.2660522,0.55928785,-0.09894135,0.70923869,0.91856609,-0.11170323,1.04519524,1.21058872,-0.14289936,1.19339986,1.49925989,-0.15672572,1.01860012,0.38487617,0.07019134,1.30348278,0.27938981,-0.05587969,1.08772081,0.12671326,-0.15320404,0.84454634,0.08455128,-0.18908603,0.99966994,-0.02569066,0.06910678,1.27797155,-0.152363,-0.11781527,1.00066847,-0.22360863,-0.22647567,0.73992612,-0.19364317,-0.24115744,0.94820335,-0.39127969,0.0399296,1.23632012,-0.56657223,-0.10398283,1.00551769,-0.54711161,-0.14397694,0.76651004,-0.44856318,-0.11610725,0.86790003,-0.68817286,-0.00245513,1.15826802,-0.90711949,-0.05203142,1.32047017,-1.09999447,-0.07077734,1.46970993,-1.23567813,-0.06568379
call,0,0,0,0.25618612,0.56379826,-0.10683305,0.70173764,0.93515517,-0.12732192,1.04071665,1.22414205,-0.1636132,1.19060997,1.50984687,-0.18322711,1.01480502,0.40648101,0.03514414,1.29265771,0.29270054,-0.09975153,1.06827169,0.14449,-0.19727471,0.82241838,0.1067308,-0.23247665,0.99996056,-0.00888101,0.03752804,1.2584673,-0.13067809,-0.15983167,0.96551289,-0.19426117,-0.26317049,0.6979296,-0.15985935,-0.27301821,0.95150923,-0.38293113,0.01294099,1.23715486,-0.55604128,-0.13857747,0.99561594,-0.53597124,-0.17243633,0.75397348,-0.44102138,-0.13964652,0.87202162,-0.69005808,-0.02481798,1.15985075,-0.91120857,-0.08244669,1.31850499,-1.09311577,-0.10291034,1.47001596,-1.22004273,-0.09753572
call,0,0,0,0.25660132,0.56609561,-0.10116324,0.71015325,0.93272236,-0.11466181,1.04947849,1.21566423,-0.1438745,1.19364108,1.50225753,-0.15693167,1.01908286,0.40652521,0.04294885,1.2951082,0.28690982,-0.08337863,1.0708581,0.13795916,-0.17599761,0.82743403,0.10409892,-0.20879889,0.99996864,-0.00791894,0.04451523,1.26254361,-0.13286844,-0.14845375,0.97307555,-0.19464502,-0.25254419,0.70360856,-0.15919263,-0.26216203,0.94860441,-0.38260953,0.02036526,1.22976047,-0.55990953,-0.12950671,0.98961776,-0.5322782,-0.16727767,0.74842426,-0.43198705,-0.13574942,0.86963291,-0.69090804,-0.01588331,1.16087735,-0.90962809,-0.07085788,1.32070732,-1.08987249,-0.09032694,1.47283289,-1.21821575,-0.08412324
call,0,0,0,0.24711819,0.58307783,-0.10131429,0.68014976,0.98757048,-0.12224964,1.000371,1.30818821,-0.16309911,1.137062,1.59964923,-0.18886482,1.0188058,0.45298583,0.0470147,1.29742676,0.33281381,-0.08710998,1.06699397,0.18315613,-0.18177399,0.80518049,0.15045567,-0.21369122,0.99942676,0.03385476,0.04048541,1.29061316,-0.08593927,-0.15376279,0.99352049,-0.17022494,-0.25647034,0.71477554,-0.14407551,-0.26419109,0.94447282,-0.33419049,0.00602999,1.24242831,-0.50806263,-0.1448656,1.0016262,-0.4982939,-0.18108808,0.75860063,-0.40151648,-0.14859836,0.85776585,-0.64022153,-0.04165326,1.14646483,-0.8756046,-0.09665859,1.30162417,-1.06649308,-0.11469138,1.45022215,-1.19306164,-0.10834218
call,0,0,0,0.2297791,0.57134293,-0.10924449,0.65432908,0.96095437,-0.12962342,0.97359283,1.2682626,-0.16477722,1.10820379,1.56171493,-0.18408361,1.01260442,0.44503765,0.03253402,1.26662882,0.33190872,-0.10701508,1.04011008,0.17122353,-0.20842307,0.79472669,0.13147649,-0.24586502,0.99961583,0.02771634,0.0337329,1.2762605,-0.09169469,-0.17403012,0.97956754,-0.16607794,-0.28413416,0.70229323,-0.1410844,-0.2941677,0.95319334,-0.34954478,0.00824802,1.22950649,-0.51818466,-0.1565268,0.98541911,-0.49811736,-0.20283993,0.74451382,-0.40317638,-0.17233805,0.87598087,-0.66309744,-0.02925546,1.16397931,-0.87376679,-0.09503771,1.31547311,-1.05236587,-0.12008799,1.45713266,-1.18308288,-0.11538777
call,0,0,0,0.2311489,0.55205909,-0.10761516,0.65437923,0.94097133,-0.12833857,0.96831268,1.24837693,-0.16277147,1.09639149,1.53521878,-0.18069104,1.01392787,0.44854538,0.02852901,1.26437779,0.31962585,-0.10868193,1.03148946,0.17094411,-0.20720626,0.79038411,0.14090945,-0.24260417,0.9991912,0.04021137,0.03218518,1.25888651,-0.08721988,-0.17056244,0.96628142,-0.1488269,-0.27577882,0.69624002,-0.12025811,-0.28428059,0.95365792,-0.33025808,0.00970271,1.22815136,-0.4975103,-0.14963385,0.99078703,-0.47434099,-0.19261344,0.75449407,-0.38481104,-0.16207449,0.87899198,-0.64071397,-0.02478868,1.16575238,-0.84658235,-0.09025688,1.32002608,-1.01443743,-0.11674501,1.46310956,-1.13574804,-0.11271878
call,0,0,0,0.23315867,0.5783176,-0.08352061,0.6570966,0.96780372,-0.07918869,0.97925299,1.25934814,-0.09431402,1.1053782,1.52870035,-0.08823145,1.01269312,0.44680574,0.08712859,1.28607656,0.35815453,-0.03668864,1.04248603,0.24633734,-0.11885169,0.80422186,0.24547105,-0.1413911,0.99921569,0.03959799,0.08079123,1.27279454,-0.06439628,-0.12530522,0.95963896,-0.08783972,-0.22164968,0.69199881,-0.02410257,-0.21681937,0.95404084,-0.33223667,0.04610617,1.24131042,-0.49458443,-0.11947777,0.97794739,-0.41998686,-0.15257104,0.73754483,-0.28631803,-0.10950836,0.87956075,-0.65267162,0.00050163,1.17194927,-0.85239782,-0.07046831,1.34213746,-1.02259403,-0.09976193,1.51237364,-1.14143867,-0.09578458
call,0,0,0,0.23396451,0.56621233,-0.0830679,0.67234637,0.94438187,-0.07871636,1.00139378,1.22737569,-0.09225342,1.12282781,1.50807782,-0.08532788,1.01417324,0.42920157,0.07980972,1.29600585,0.35378898,-0.04287747,1.06069138,0.26018657,-0.12451498,0.82239439,0.26262417,-0.14784008,0.99975697,0.02204542,0.07537094,1.27684448,-0.06431856,-0.12717682,0.9636112,-0.07020033,-0.22335923,0.69893168,-0.01230942,-0.22096704,0.95439046,-0.34926927,0.0434966,1.25499239,-0.50587614,-0.11824221,0.99161575,-0.41915491,-0.15253331,0.74986417,-0.28964308,-0.11339928,0.87847856,-0.66632913,0.00117468,1.1771449,-0.873337,-0.06926597,1.35175661,-1.03070059,-0.10266751,1.53103593,-1.14247237,-0.10386884
call,0,0,0,0.23222771,0.55346392,-0.09985828,0.67271548,0.92755098,-0.10717907,1.00060394,1.22265025,-0.13132929,1.12900082,1.51936229,-0.13557548,1.01829443,0.41431048,0.07250191,1.29188641,0.32276734,-0.0614549,1.06131614,0.20956265,-0.15379087,0.82041051,0.20629671,-0.18216636,0.99996785,0.00801807,0.0712868,1.28028105,-0.0880682,-0.13799687,0.97178582,-0.11856439,-0.24331114,0.70416712,-0.06737409,-0.24522628,0.9502521,-0.36197426,0.04038274,1.23611372,-0.5171355,-0.13060656,0.97738257,-0.45059809,-0.17233589,0.73533787,-0.3255351,-0.13385154,0.87480804,-0.67322513,-0.00226731,1.16716075,-0.88155149,-0.07293119,1.33381089,-1.04623863,-0.10282436,1.50078139,-1.16128573,-0.09941133
call,0,0,0,0.26518343,0.5107783,-0.1441819,0.70310673,0.8859502,-0.18494377,1.03751846,1.21149103,-0.23363923,1.20197242,1.54595524,-0.26310774,1.0166058,0.38360635,0.03302088,1.27738966,0.21372263,-0.10236825,1.04540538,0.09078355,-0.20006113,0.81403373,0.07796337,-0.23363603,0.99999873,0.001595,0.05247863,1.25189951,-0.16566744,-0.13665935,0.95458697,-0.22894911,-0.2350828,0.70250992,-0.19841359,-0.24075528,0.94175956,-0.33737216,0.0386433,1.20923108,-0.53422727,-0.12474956,0.97406971,-0.5369194,-0.16699671,0.74825027,-0.46283987,-0.13244757,0.85690797,-0.60632038,0.01026695,1.14722645,-0.83312368,-0.05695108,1.29713887,-1.0299819,-0.07981189,1.43338824,-1.17637822,-0.07078284
call,0,0,0,0.26825091,0.49569232,-0.17381633,0.68350241,0.85551442,-0.22920531,1.01413574,1.17764513,-0.28516555,1.20342632,1.51169503,-0.31698376,1.01081691,0.3903381,0.01669072,1.26598765,0.20598979,-0.12832537,1.02273163,0.06146222,-0.23110968,0.7858508,0.03592253,-0.26511733,0.99965722,0.02618078,0.05261596,1.24091714,-0.17302047,-0.14018664,0.93845507,-0.26182652,-0.23868873,0.69428963,-0.23359804,-0.24242703,0.94750137,-0.29908733,0.05141093,1.1922753,-0.51061604,-0.11476264,0.96485421,-0.52175496,-0.15915676,0.74907734,-0.43837628,-0.12388456,0.86809604,-0.55793511,0.03328829,1.15234184,-0.78311568,-0.03557294,1.29411453,-0.99410748,-0.05824298,1.4175512,-1.15030876,-0.04597352
call,0,0,0,0.25945403,0.48935265,-0.19051165,0.68670531,0.85931718,-0.24612229,1.02105228,1.16679564,-0.29786753,1.21694206,1.47589988,-0.32233605,1.01681827,0.39721552,0.0086856,1.27728584,0.19980433,-0.13731236,1.02385942,0.04948225,-0.23566867,0.78425136,0.02407459,-0.26416111,0.99929316,0.03759223,0.05510357,1.25263887,-0.18001572,-0.13920271,0.94326147,-0.28486825,-0.23373033,0.69460268,-0.25876199,-0.23012816,0.94304997,-0.28302739,0.06276766,1.18948576,-0.49671717,-0.10682133,0.95394484,-0.52778875,-0.14622337,0.73137306,-0.44949332,-0.10313377,0.86423079,-0.53397476,0.05249045,1.14248479,-0.76569723,-0.01708446,1.27275017,-0.97652568,-0.03632821,1.38141414,-1.12009735,-0.01800934
call,0,0,0,0.24635244,0.48448116,-0.19058417,0.67862924,0.85081915,-0.24557641,1.02564261,1.14482098,-0.29703956,1.22425339,1.45673532,-0.32182817,1.01142874,0.39837742,0.00695441,1.27174958,0.20426016,-0.14194431,1.02092806,0.04305666,-0.23987427,0.78380539,0.01366773,-0.267377,0.99941265,0.03426887,0.05485117,1.25405378,-0.17823817,-0.14224264,0.93602184,-0.28429455,-0.23385166,0.68477972,-0.2579234,-0.22709194,0.94592016,-0.29094383,0.06436853,1.20037034,-0.49783787,-0.10680287,0.94408823,-0.52661541,-0.13630865,0.70894778,-0.44249001,-0.08516543,0.86786743,-0.54534792,0.0556146,1.14415562,-0.77833968,-0.01360773,1.27097514,-0.98786457,-0.0277774,1.37884415,-1.12283256,-0.00453156
call,0,0,0,0.24908847,0.48546925,-0.19111164,0.67637528,0.84731783,-0.24277319,1.01802359,1.13184191,-0.29210831,1.21814306,1.42714534,-0.31394219,1.01464515,0.37652256,0.02394663,1.27069864,0.18094147,-0.12556231,1.02302051,0.02038242,-0.22560899,0.78855073,-0.00879257,-0.25390963,0.99980407,0.01979457,0.07113289,1.25319863,-0.20255126,-0.12873899,0.94285368,-0.31392588,-0.22490245,0.69564959,-0.28515785,-0.21993532,0.94668141,-0.30182917,0.07795787,1.19420481,-0.52063285,-0.09755696,0.94338809,-0.55285208,-0.13298885,0.71178618,-0.46474308,-0.08412464,0.87154925,-0.55494474,0.06618739,1.14360285,-0.79276787,-0.00662038,1.25914634,-1.01292003,-0.02326276,1.35564579,-1.15642804,-0.00054589
call,0,0,0,0.28217692,0.50448371,-0.13408641,0.71799197,0.86709097,-0.16267399,1.04037647,1.17392479,-0.20116839,1.19780707,1.47629264,-0.21584459,1.01792274,0.37786241,0.05777279,1.29851611,0.22749893,-0.0786455,1.05894251,0.0826522,-0.17766443,0.80238021,0.05185052,-0.20845974,0.99981085,-0.01944901,0.07789923,1.26302941,-0.20091011,-0.11146833,0.96815578,-0.27057475,-0.21889301,0.71401676,-0.2290895,-0.22992142,0.94418452,-0.37384339,0.06414407,1.2104472,-0.56794491,-0.08647491,0.97731276,-0.56348417,-0.13348848,0.7384952,-0.45759571,-0.10580432,0.86030673,-0.64613346,0.03513672,1.14190648,-0.87190623,-0.01490153,1.28475448,-1.07573153,-0.03702851,1.40402556,-1.20669116,-0.03036201
call,0,0,0,0.26726961,0.54120536,-0.09911295,0.73279069,0.85686835,-0.09485324,1.07629161,1.11825114,-0.10363308,1.22125593,1.37080487,-0.0925611,1.02566747,0.32353931,0.07917528,1.31181363,0.20043997,-0.03899186,1.09137364,0.07919597,-0.12656357,0.85242789,0.06695605,-0.1547161,0.99665338,-0.08174379,0.08818283,1.27626159,-0.24571441,-0.09778821,0.99086593,-0.27895258,-0.1994419,0.73313713,-0.20900297,-0.20576862,0.93692915,-0.43584133,0.06802419,1.21362054,-0.64154284,-0.07677346,0.98053947,-0.59154895,-0.12118249,0.74882554,-0.45986687,-0.09413527,0.85063856,-0.72237797,0.03563445,1.12908783,-0.96013258,-0.01719906,1.2792049,-1.16882197,-0.04636804,1.41596441,-1.30764329,-0.0479504
call,0,0,0,0.26625003,0.50988955,-0.08781697,0.72303463,0.80523574,-0.08288062,1.06003312,1.04541521,-0.09419371,1.20038723,1.28894843,-0.08509953,1.0262017,0.28003111,0.07361822,1.31391961,0.1586182,-0.04496046,1.0859211,0.06172224,-0.12626404,0.84783137,0.07601081,-0.15079142,0.99275877,-0.12012503,0.07360075,1.26898981,-0.26552625,-0.11720577,0.97949591,-0.27988875,-0.20860007,0.72416341,-0.19944021,-0.20628602,0.92825765,-0.47754228,0.04543332,1.22062138,-0.68404753,-0.10180665,0.99029588,-0.61311568,-0.13529179,0.76227287,-0.46509966,-0.10056883,0.83797052,-0.77526329,0.00511688,1.11118893,-1.02537378,-0.05810312,1.26821178,-1.23759838,-0.09138575,1.41618167,-1.38303424,-0.09400137
call,0,0,0,0.27569351,0.53540745,-0.07605039,0.72526435,0.83124489,-0.07300968,1.06177048,1.06302523,-0.08976738,1.19902162,1.32004911,-0.09036886,1.02908119,0.29249509,0.08854847,1.31793882,0.18761463,-0.0251378,1.11695677,0.11694593,-0.10581,0.88533135,0.13658375,-0.13024156,0.99474921,-0.10234261,0.07938524,1.29919699,-0.22564756,-0.09889682,1.01573352,-0.22656056,-0.18945021,0.75620738,-0.14568483,-0.18849652,0.92950805,-0.45813967,0.0430909,1.23284324,-0.65661424,-0.09224346,1.0079476,-0.56849053,-0.12311772,0.78422681,-0.41570881,-0.08937917,0.83384554,-0.76705261,-0.00501965,1.10659685,-1.01674776,-0.05405615,1.26496785,-1.21359639,-0.07698504,1.42149969,-1.34843173,-0.07566762
call,0,0,0,0.26288484,0.52765065,-0.08572012,0.70712055,0.82725643,-0.09885401,1.04390768,1.0776047,-0.13041156,1.19336641,1.33454485,-0.14540042,1.02793302,0.31913018,0.05563254,1.31562714,0.21065212,-0.06705709,1.10525459,0.12966731,-0.15025136,0.86594775,0.14276792,-0.17646781,0.99691027,-0.07854886,0.04595372,1.29829215,-0.18531812,-0.13633865,1.00763322,-0.20465246,-0.22194389,0.74517909,-0.1367615,-0.21888822,0.92999633,-0.4383742,0.00947248,1.23926797,-0.62273702,-0.12960815,1.01653707,-0.55472908,-0.15180901,0.79194773,-0.41568326,-0.1130086,0.82764368,-0.74716737,-0.03981931,1.10920497,-0.98758693,-0.09487295,1.27463373,-1.18560601,-0.11418155,1.43770715,-1.32456249,-0.10923044
call,0,0,0,0.22992182,0.55839257,-0.1271592,0.69616016,0.89024649,-0.15136522,1.04433133,1.12965257,-0.18126676,1.16969913,1.42426882,-0.18921271,1.02867266,0.37145841,-0.00412353,1.32467397,0.28921635,-0.14762514,1.10764421,0.22908694,-0.23088377,0.86779098,0.23385363,-0.25290593,0.99883366,-0.04828366,0.00505174,1.31892178,-0.15286606,-0.19998316,1.01577102,-0.14071943,-0.28250701,0.75043025,-0.06876404,-0.27207546,0.93096528,-0.42115441,-0.01566784,1.23760346,-0.60758565,-0.17609587,1.01138116,-0.51393312,-0.20090164,0.7912802,-0.36638105,-0.15806188,0.82766768,-0.72726522,-0.05147772,1.12335766,-0.94236888,-0.11602435,1.29053288,-1.11733461,-0.13990358,1.45387726,-1.24045945,-0.13665959
call,0,0,0,0.24269268,0.56431261,-0.07696775,0.6435466,0.93008473,-0.08133396,0.96386103,1.19241148,-0.10199967,1.10266217,1.40334836,-0.09934716,1.01298266,0.38594611,0.06274523,1.31594509,0.37502629,-0.06880817,1.11351479,0.38675088,-0.15648607,0.88413148,0.39857094,-0.1789464,0.99999941,-0.00109021,0.05480645,1.3074111,-0.04065518,-0.13167506,1.02883874,0.04778092,-0.22975257,0.77590361,0.11253569,-0.23818652,0.9543481,-0.36284597,0.02132728,1.28202829,-0.48145241,-0.12592692,1.04626947,-0.3249212,-0.16374529,0.81376473,-0.18750744,-0.13598307,0.87040281,-0.68053583,-0.02173971,1.173317,-0.86736645,-0.08175045,1.35546079,-0.99805007,-0.11196405,1.53201852,-1.09845987,-0.11577112
call,0,0,0,0.25905279,0.60383525,-0.06207268,0.68181591,0.95190307,-0.03401574,0.98732722,1.13356924,-0.01787698,1.08675914,1.30838616,0.02518864,1.01339751,0.39498311,0.05483563,1.34872202,0.39781236,-0.06080943,1.15062018,0.42388484,-0.11559233,0.90623565,0.42934292,-0.11569139,0.99999965,-0.00083698,0.04737495,1.33254159,-0.03203293,-0.14284377,1.03836228,0.07038391,-0.21978793,0.77136612,0.14153771,-0.20936358,0.95049397,-0.35955963,0.01613837,1.2979844,-0.50960861,-0.13712338,1.061879,-0.32911642,-0.1719707,0.83272965,-0.16931549,-0.14043636,0.86414862,-0.68110877,-0.02270985,1.19158685,-0.861386,-0.10959388,1.39168532,-0.99539133,-0.16240476,1.58738961,-1.09949812,-0.18065114
call,0,0,0,0.24212924,0.61990663,-0.06351454,0.67009519,0.93290252,-0.02922378,0.99434375,1.04073474,-0.00102325,1.09059488,1.18680902,0.05643545,1.0075565,0.39373728,0.03999716,1.33956281,0.3838623,-0.06232802,1.13552293,0.43610384,-0.09939084,0.89034034,0.44154228,-0.08597658,0.99999541,-0.00302929,0.04113476,1.3371486,-0.0362453,-0.12373534,1.04283166,0.08443946,-0.18292835,0.78860223,0.14100606,-0.16403032,0.95183394,-0.34994632,0.02152943,1.30021832,-0.48776351,-0.11050689,1.05015613,-0.29791659,-0.12889706,0.81597616,-0.15452716,-0.09088546,0.85909546,-0.66524254,-0.0050341,1.1982527,-0.84793976,-0.07734894,1.39606029,-0.96550681,-0.1149577,1.59217551,-1.05521545,-0.12331176
call,0,0,0,0.26147069,0.60559747,-0.05106955,0.68565735,0.92217331,-0.00968348,1.00309785,1.04086072,0.01978071,1.07650308,1.19237123,0.07487981,1.00646364,0.38232222,0.06543396,1.33177758,0.38993575,-0.03224219,1.13142278,0.42206085,-0.06951628,0.89318081,0.42171391,-0.06062827,0.999992,-0.00399885,0.05639173,1.3308887,-0.03697462,-0.11180917,1.0446569,0.07238175,-0.17034461,0.79131652,0.14416958,-0.15114454,0.95532026,-0.34767201,0.02458789,1.31114652,-0.47225753,-0.11805801,1.06228907,-0.28901038,-0.14093208,0.82687579,-0.14662586,-0.10409759,0.87005832,-0.66812708,-0.01366006,1.20300334,-0.84430922,-0.1002732,1.40153908,-0.95572167,-0.14935052,1.59880887,-1.04443721,-0.16565123
call,0,0,0,0.24279056,0.57671256,-0.07386586,0.66372092,0.91248451,-0.05803665,0.9952902,1.13905253,-0.05153762,1.12141856,1.3325104,-0.02193688,1.01016848,0.39621763,0.04912461,1.32286451,0.38244279,-0.06776173,1.12269906,0.38673716,-0.14193617,0.89015694,0.37979166,-0.15970338,0.9999822,0.0059667,0.04855933,1.31895849,-0.03842274,-0.12587274,1.03233246,0.04531825,-0.20203615,0.78170506,0.09117379,-0.19665452,0.95044059,-0.33364007,0.02419888,1.29723071,-0.46335692,-0.11328842,1.05097938,-0.31112425,-0.13292261,0.82054049,-0.18890184,-0.096046,0.85936601,-0.63705306,-0.00903754,1.17145304,-0.82084635,-0.07962187,1.34891844,-0.95086531,-0.112789,1.52818598,-1.05400742,-0.11817078
call,0,0,0,0.24150229,0.53985841,-0.08943718,0.68724971,0.8657067,-0.09125204,1.01731095,1.11426542,-0.10727328,1.1625508,1.3728356,-0.10188068,1.02063851,0.35872111,0.04695994,1.31581199,0.27184335,-0.08849002,1.1085991,0.22652963,-0.17177151,0.88415069,0.235893,-0.19429418,0.9991553,-0.04109351,0.04065054,1.29907834,-0.15116104,-0.15891911,1.00839431,-0.12806065,-0.24279548,0.75735926,-0.06636051,-0.23508364,0.93706867,-0.40068964,0.00541168,1.24644075,-0.56888583,-0.15344175,1.0085322,-0.46803066,-0.17679948,0.79155226,-0.3373059,-0.13251959,0.83777483,-0.70404817,-0.04152734,1.12704542,-0.90399578,-0.11147302,1.30233753,-1.05091269,-0.14181029,1.47858146,-1.15330384,-0.14135938
call,0,0,0,0.26140057,0.52921791,-0.10880548,0.70018747,0.84887399,-0.12424888,1.0327111,1.09916877,-0.15337042,1.1904881,1.35037105,-0.16245237,1.02374372,0.33516837,0.04294591,1.33090653,0.25023936,-0.10396703,1.1274527,0.16668704,-0.20650662,0.8955077,0.15276689,-0.24324262,0.99798656,-0.06342575,0.04342589,1.30168337,-0.17863224,-0.16520711,1.01126319,-0.17070654,-0.27129363,0.75463411,-0.11137159,-0.28045293,0.93503985,-0.41670063,0.01375739,1.24719295,-0.59972932,-0.15282354,1.01179609,-0.50983137,-0.19104867,0.78581807,-0.37532491,-0.1573477,0.83855407,-0.70870325,-0.02923441,1.127361,-0.93116934,-0.10325732,1.29157138,-1.10485479,-0.1375279,1.453274,-1.22496699,-0.14054812
call,0,0,0,0.26251796,0.51203973,-0.10994125,0.70126783,0.82810493,-0.12268958,1.02855624,1.07666929,-0.14765063,1.18743929,1.31884945,-0.15311277,1.02738992,0.32137458,0.04624569,1.30113975,0.19336064,-0.09554931,1.08555038,0.09375021,-0.1914419,0.85025975,0.09172165,-0.22022048,0.99678064,-0.08017704,0.0524789,1.26839719,-0.22476408,-0.1494175,0.97390882,-0.23652514,-0.24428498,0.7157603,-0.16907829,-0.24162085,0.92485604,-0.43923843,0.02802216,1.19792073,-0.62804871,-0.13582433,0.9680285,-0.56809021,-0.16880981,0.74924035,-0.44267979,-0.12695064,0.8227876,-0.73157805,-0.00910622,1.10832501,-0.96821302,-0.07976194,1.26344467,-1.15660448,-0.10544426,1.40838884,-1.28746595,-0.09726972
call,0,0,0,0.2644333,0.51882366,-0.11944427,0.70756971,0.83227445,-0.13836531,1.05422209,1.06575356,-0.16784431,1.22245791,1.31387427,-0.17665695,1.02853258,0.30042287,0.05106756,1.3125259,0.16542755,-0.08576896,1.09175754,0.07518471,-0.18690667,0.85694224,0.08330438,-0.22425883,0.99544353,-0.09535293,0.06230046,1.27602107,-0.25111586,-0.13500756,0.98197378,-0.25236425,-0.24204523,0.73231671,-0.18076804,-0.25367841,0.92860648,-0.44529579,0.04326198,1.22539698,-0.64241564,-0.1143392,0.98798698,-0.57362925,-0.15287909,0.75808666,-0.442805,-0.12082923,0.83369869,-0.7273506,0.01007421,1.10907932,-0.96446033,-0.0560671,1.25848758,-1.15222024,-0.08579194,1.40439576,-1.28525818,-0.08525248
call,0,0,0,0.27064988,0.50145781,-0.11951042,0.72132301,0.81207437,-0.13537425,1.06069149,1.05609407,-0.16194887,1.22583745,1.30127815,-0.16891484,1.02642734,0.30866396,0.0504706,1.31041877,0.17158666,-0.08505558,1.09346042,0.06212203,-0.18510143,0.85896264,0.05571856,-0.22130006,0.9959343,-0.09008257,0.06353256,1.2745756,-0.24238646,-0.13201108,0.98153255,-0.2607189,-0.23865723,0.72865107,-0.19973622,-0.24989292,0.92906217,-0.44651185,0.0464464,1.2220634,-0.64352782,-0.10962786,0.98442964,-0.59285864,-0.15049029,0.75335312,-0.4735962,-0.12009595,0.83431667,-0.73480432,0.01554483,1.10989889,-0.97465777,-0.05007748,1.25338699,-1.16497651,-0.08033003,1.39062081,-1.29468612,-0.08006713
call,0,0,0,0.26988243,0.51341442,-0.12225855,0.7195269,0.82827248,-0.14110353,1.06389937,1.05669816,-0.16979334,1.24301838,1.29409599,-0.17900657,1.02579418,0.31389138,0.04698022,1.30753939,0.16716312,-0.08645473,1.09092745,0.05099276,-0.1862784,0.85798573,0.04751304,-0.22284262,0.9961871,-0.08724256,0.06202207,1.27100334,-0.24600679,-0.13102843,0.97805447,-0.27664876,-0.23835838,0.72542709,-0.2152866,-0.25073938,0.93237523,-0.44344915,0.04739231,1.22413687,-0.64431451,-0.10567359,0.98750056,-0.60281645,-0.1459534,0.75473587,-0.47881045,-0.11592127,0.8400639,-0.72991206,0.01881247,1.11796176,-0.96569789,-0.04299825,1.25891355,-1.16213452,-0.06948164,1.38962024,-1.29578267,-0.06661406
call,0,0,0,0.2794388,0.48206597,-0.11691178,0.72636186,0.78454438,-0.13122912,1.05874124,1.02447486,-0.15848957,1.23439252,1.26021752,-0.16702704,1.02593218,0.26675512,0.07138509,1.29393155,0.11229695,-0.0600593,1.07842587,0.00536112,-0.15983068,0.8485396,-0.0012126,-0.19491611,0.99346706,-0.11411926,0.08293639,1.2530692,-0.27672815,-0.10749508,0.96648716,-0.30856278,-0.21576913,0.71468713,-0.25612031,-0.22763096,0.92315861,-0.45630838,0.06267656,1.19288197,-0.65319178,-0.09265614,0.96872137,-0.61979136,-0.13888453,0.74406383,-0.51392379,-0.11021574,0.82850431,-0.72929918,0.02908672,1.10204715,-0.98007677,-0.03498272,1.24519327,-1.17719697,-0.06413712,1.37303984,-1.31235927,-0.06098786
call,0,0,0,0.28178786,0.48310839,-0.11849456,0.73218283,0.78604773,-0.13401598,1.06740653,1.02002253,-0.16044458,1.24704398,1.23665986,-0.16737784,1.02859756,0.27467939,0.05388415,1.30990977,0.09922727,-0.0772775,1.086298,-0.01336907,-0.17570151,0.8493997,-0.01683998,-0.21154077,0.99398499,-0.10951636,0.06680187,1.26271602,-0.29486977,-0.12211532,0.96575587,-0.32532726,-0.2279439,0.71365825,-0.26320363,-0.24068394,0.92301353,-0.45032231,0.0495327,1.20731065,-0.6658209,-0.1007532,0.9733526,-0.63471655,-0.14114366,0.74389911,-0.51977581,-0.11254078,0.82774596,-0.71801725,0.01834478,1.09636803,-0.97215869,-0.04625169,1.23614188,-1.17448009,-0.07676058,1.36571231,-1.30830235,-0.07683555
call,0,0,0,0.28526765,0.47516841,-0.13384477,0.73537211,0.78206051,-0.15722613,1.07586305,1.01726478,-0.18780343,1.27444809,1.21843343,-0.19799642,1.0305337,0.27146424,0.03889558,1.3128462,0.08561223,-0.09632688,1.08047439,-0.0414584,-0.20124695,0.84051037,-0.04891165,-0.24192392,0.9933488,-0.11514406,0.05861387,1.27253526,-0.30628269,-0.13174577,0.96854939,-0.34330518,-0.24749161,0.71828444,-0.28092685,-0.26959233,0.92243843,-0.46123105,0.04809918,1.21367431,-0.67855743,-0.10402006,0.97442342,-0.64785174,-0.1544371,0.73783951,-0.52558437,-0.1338679,0.82804942,-0.73058667,0.02295214,1.10753961,-0.98538619,-0.04036798,1.2411735,-1.20485256,-0.07336546,1.35652943,-1.35934171,-0.07668168
call,0,0,0,0.27885516,0.48087968,-0.14471322,0.73493905,0.78616212,-0.17427526,1.08728286,1.02269705,-0.20856006,1.28549575,1.2345851,-0.22138181,1.02992945,0.27205104,0.02358813,1.32166898,0.09672502,-0.11484391,1.09749441,-0.03272712,-0.22074904,0.85750052,-0.04390035,-0.2624583,0.99266291,-0.12091465,0.04710384,1.27372991,-0.32021378,-0.14920548,0.96453159,-0.35011081,-0.26564915,0.71327963,-0.27748666,-0.28775917,0.92494875,-0.4718508,0.03957233,1.21988895,-0.69821997,-0.11719196,0.97918866,-0.66741008,-0.16875168,0.73864094,-0.54185991,-0.14865253,0.83288478,-0.74366955,0.01645769,1.11377864,-1.01059933,-0.04767933,1.24909066,-1.24515363,-0.0821007,1.36625463,-1.41334359,-0.08712985
call,0,0,0,0.28024699,0.46949062,-0.15045227,0.73335559,0.76492248,-0.18270813,1.08672784,0.99896194,-0.21862031,1.28505929,1.2197004,-0.2342592,1.02707371,0.25707789,0.01772134,1.31393475,0.0818155,-0.12281946,1.09493941,-0.05015082,-0.23224622,0.85540621,-0.06484786,-0.27649622,0.99083893,-0.13504891,0.04395228,1.26951294,-0.34027012,-0.15525917,0.96589453,-0.37819964,-0.27860556,0.71386906,-0.30879143,-0.30581786,0.92645613,-0.48791591,0.03886139,1.21213672,-0.71678618,-0.12131924,0.98211092,-0.69606865,-0.18618966,0.74225253,-0.57239964,-0.17481527,0.83831148,-0.75768853,0.01846491,1.1174485,-1.03866068,-0.04778288,1.24507346,-1.28423945,-0.08882017,1.34713039,-1.4589179,-0.09871683
call,0,0,0,0.28224208,0.5034525,-0.11414702,0.72540589,0.80319733,-0.12481626,1.06779049,1.0436612,-0.1479424,1.23466732,1.27829941,-0.15037997,1.02296589,0.28265271,0.07319376,1.31196485,0.15063645,-0.06168596,1.09639732,0.02923913,-0.16657271,0.85205395,0.01776123,-0.20592272,0.99265111,-0.12101147,0.08624891,1.27642197,-0.2921111,-0.11196853,0.98438515,-0.3278511,-0.23040049,0.73010146,-0.26169599,-0.24997369,0.93283369,-0.48141058,0.06808628,1.2243197,-0.68935599,-0.08614708,0.99995226,-0.65656181,-0.14339879,0.7660445,-0.52668677,-0.12571934,0.8436084,-0.76547989,0.03646819,1.12006967,-1.00713785,-0.02614891,1.26478699,-1.2171138,-0.06666521,1.39279162,-1.35702151,-0.07601349
call,0,0,0,0.26581714,0.50767837,-0.11461547,0.72326215,0.80655998,-0.12663499,1.06658669,1.04198413,-0.15004009,1.22716056,1.29303704,-0.15281894,1.02300283,0.28231161,0.04993085,1.3119595,0.15651421,-0.08612326,1.08693676,0.04767493,-0.1850641,0.84092111,0.04452442,-0.21969491,0.9923817,-0.12320128,0.06147874,1.27326253,-0.28250348,-0.13631523,0.9790009,-0.30889791,-0.24205371,0.72191176,-0.23947055,-0.2514813,0.93035773,-0.48099192,0.0427333,1.22659375,-0.68280258,-0.11048365,0.99583468,-0.63730444,-0.15373174,0.76094819,-0.50271378,-0.12579684,0.83814111,-0.76364621,0.01012615,1.11551863,-0.9973133,-0.05316033,1.26165546,-1.20203931,-0.08739473,1.39293852,-1.33877888,-0.09103421
call,0,0,0,0.26153064,0.48648273,-0.11288349,0.69357566,0.78235556,-0.13134693,1.03028877,1.02612801,-0.16365018,1.19609586,1.27068307,-0.17294558,1.02550315,0.28468869,0.07102082,1.29320969,0.14498126,-0.06799722,1.05711382,0.04942666,-0.16924279,0.81538335,0.05706116,-0.20227734,0.9937508,-0.1116214,0.07982695,1.24961612,-0.27011925,-0.11825338,0.95125075,-0.28095141,-0.22267081,0.70334549,-0.20382738,-0.22899132,0.9283968,-0.46727919,0.05657359,1.20366511,-0.66075177,-0.09624604,0.97346171,-0.59930263,-0.13372149,0.74752832,-0.45794614,-0.09960626,0.83301448,-0.75113388,0.01896206,1.10509357,-0.97865892,-0.03707193,1.25137663,-1.18058283,-0.06045128,1.38587655,-1.31648348,-0.05378105
call,0,0,0,0.26573795,0.50712768,-0.11569404,0.70481458,0.8125824,-0.13307071,1.04562279,1.0462071,-0.16425459,1.20851867,1.29633654,-0.17390573,1.02564701,0.31173347,0.05924811,1.30733983,0.17369998,-0.08272549,1.07163013,0.0730593,-0.18456191,0.82875461,0.08264702,-0.21910044,0.99608505,-0.08840009,0.0681441,1.2691354,-0.24367686,-0.13253344,0.97506924,-0.27533166,-0.23681655,0.72308503,-0.20555883,-0.24356988,0.93170281,-0.44808352,0.04522955,1.22445694,-0.64065767,-0.11192479,0.98960209,-0.59760096,-0.14874047,0.75674484,-0.45930701,-0.11357436,0.83599969,-0.73900014,0.00770714,1.11125144,-0.96289818,-0.05594509,1.25909744,-1.16749789,-0.08388964,1.3921296,-1.30069438,-0.08010822
call,0,0,0,0.2616597,0.51547908,-0.11603592,0.70789367,0.82456138,-0.13150018,1.05276192,1.05643685,-0.15959405,1.21755043,1.29925141,-0.16601118,1.02394026,0.30630199,0.05531749,1.31288596,0.17695842,-0.0837528,1.07933751,0.08118834,-0.18278131,0.83396447,0.08799577,-0.21621551,0.99543662,-0.09542507,0.06534121,1.27656597,-0.25003164,-0.13299942,0.982704,-0.27623212,-0.23580017,0.7283428,-0.20958655,-0.24262245,0.93162162,-0.45084937,0.04418853,1.23365831,-0.64575345,-0.11079428,0.99634294,-0.59342538,-0.1459269,0.76054768,-0.45444975,-0.1110846,0.83579133,-0.73748001,0.00845616,1.11075028,-0.96864243,-0.05585634,1.26446428,-1.17140784,-0.08614165,1.40628889,-1.30479403,-0.08527326
call,0,0,0,0.25595774,0.51245843,-0.12281874,0.70144759,0.82071974,-0.14310091,1.04884035,1.05230013,-0.17508733,1.21171869,1.31049775,-0.18514176,1.02312765,0.30577445,0.04831996,1.31438511,0.17629891,-0.09412638,1.08339326,0.07984791,-0.19525587,0.83763748,0.08677622,-0.22990753,0.99545566,-0.09522617,0.06068546,1.27871561,-0.24734369,-0.13994618,0.98544327,-0.27566132,-0.2431365,0.7302573,-0.20992373,-0.24985623,0.93235168,-0.45110387,0.04128039,1.23666488,-0.6433339,-0.11596578,1.00024813,-0.59470362,-0.15084514,0.76473724,-0.45673473,-0.11500534,0.83752227,-0.73887151,0.00664875,1.11396997,-0.96139266,-0.05869281,1.26679895,-1.16410036,-0.08857844,1.40648865,-1.29727817,-0.08678307
call,0,0,0,0.24007089,0.52422148,-0.11905517,0.67666422,0.85484221,-0.14144619,1.01912988,1.12598461,-0.17521866,1.18297737,1.3804645,-0.18678329,1.02231388,0.3502146,0.0333891,1.32630588,0.23508818,-0.10525254,1.09395556,0.12711673,-0.2048687,0.84392093,0.11254576,-0.24142213,0.99809009,-0.06177512,0.04216898,1.29113805,-0.19202309,-0.157199,0.99814605,-0.22404574,-0.26395914,0.74184766,-0.173811,-0.27754799,0.94192663,-0.42667485,0.0212314,1.25412633,-0.60972972,-0.12777759,1.02907775,-0.55535101,-0.16865764,0.79819086,-0.42595628,-0.14376832,0.85320988,-0.72115396,-0.01477625,1.13783526,-0.93971027,-0.07332479,1.29669296,-1.14040922,-0.10640453,1.44290832,-1.27689342,-0.11222472
call,0,0,0,0.23948869,0.55315785,-0.11145965,0.68197854,0.89856731,-0.1291034,1.02921168,1.16886592,-0.15955171,1.18699119,1.43219816,-0.17046785,1.02452369,0.38770634,0.04502712,1.35054474,0.28737558,-0.0868969,1.14442765,0.18411714,-0.18352001,0.89685282,0.16799792,-0.2188276,0.99961948,-0.02758429,0.04908261,1.33967387,-0.14906838,-0.14647476,1.05855009,-0.1744089,-0.25629149,0.7934139,-0.11957911,-0.26967895,0.94316799,-0.39662893,0.02474593,1.28175692,-0.58130816,-0.12284008,1.07221928,-0.52515987,-0.16751365,0.84211975,-0.39285304,-0.14313929,0.85211094,-0.69980658,-0.01402813,1.14887829,-0.90104696,-0.07378954,1.32603083,-1.08447344,-0.10990824,1.48886652,-1.20458346,-0.11796331
call,0,0,0,0.24476765,0.53106334,-0.13182861,0.68453377,0.8804902,-0.16072686,1.03445581,1.15296431,-0.19687683,1.19625036,1.42534335,-0.2104612,1.02719151,0.37758157,0.03378037,1.35875819,0.27153918,-0.10563468,1.15133585,0.16179332,-0.20726502,0.90887291,0.14682785,-0.246026,0.99941124,-0.0343101,0.04404267,1.34896476,-0.1708927,-0.15559955,1.06825709,-0.20955218,-0.26867766,0.8162021,-0.16904063,-0.28558985,0.93798964,-0.40212218,0.02391443,1.28736509,-0.58758848,-0.13410427,1.0723274,-0.5419734,-0.17829895,0.84403472,-0.42121744,-0.15233719,0.84392435,-0.69586666,-0.01143882,1.14694954,-0.91015612,-0.07726978,1.3251901,-1.08500879,-0.11157135,1.49410229,-1.1977903,-0.11784028
call,0,0,0,0.23918193,0.53135555,-0.13247191,0.68545684,0.88206711,-0.16095135,1.03569672,1.14854824,-0.19611837,1.19765551,1.41537177,-0.20893961,1.02542351,0.37329085,0.01480013,1.36066991,0.27356052,-0.12501064,1.1447594,0.16576163,-0.22451674,0.89741287,0.15024426,-0.2624265,0.99904704,-0.04364635,0.02569773,1.34285132,-0.16992486,-0.18011246,1.05276722,-0.20031139,-0.2936861,0.78956274,-0.15447128,-0.3095533,0.94052671,-0.41324203,0.00752347,1.29096776,-0.59517141,-0.15210431,1.07472773,-0.54680759,-0.2015544,0.84100219,-0.42746699,-0.17867722,0.84911441,-0.70861341,-0.02544165,1.154153,-0.92299825,-0.09552812,1.33130272,-1.10452661,-0.13775043,1.49448823,-1.22769637,-0.14927841
call,0,0,0,0.24352473,0.51479111,-0.12089883,0.68128259,0.84167082,-0.14625508,1.02890791,1.10853766,-0.18153938,1.19764045,1.36789429,-0.19513883,1.0252261,0.34621037,0.03420157,1.34961954,0.24479584,-0.10108089,1.13104935,0.13776962,-0.20369326,0.88183697,0.1211778,-0.24523745,0.99790292,-0.06472837,0.04106677,1.32045505,-0.19005624,-0.15886372,1.03439989,-0.21209379,-0.27695662,0.77432804,-0.1626959,-0.29896305,0.93972481,-0.43330401,0.01940885,1.27573426,-0.61424575,-0.13215046,1.07074078,-0.56510842,-0.18671809,0.84355942,-0.44826699,-0.17102597,0.84997027,-0.72550189,-0.01623591,1.1480798,-0.94226178,-0.07821376,1.31902061,-1.12295073,-0.11810108,1.47339887,-1.24858257,-0.12975487
call,0,0,0,0.24759522,0.51302591,-0.11838967,0.68374337,0.8377862,-0.14069906,1.03129808,1.1006909,-0.17386939,1.20139296,1.35734888,-0.18525381,1.02528373,0.33740949,0.04694321,1.34586111,0.23284091,-0.08524406,1.12659092,0.13412465,-0.18747433,0.87854569,0.12448111,-0.2289632,0.99755975,-0.06981798,0.05253457,1.32083688,-0.19213827,-0.14436262,1.03606919,-0.21528455,-0.26509456,0.77967596,-0.17192961,-0.29002811,0.93758739,-0.43787685,0.02922051,1.27183956,-0.61683772,-0.12212474,1.06516381,-0.56638816,-0.17848861,0.83720942,-0.45101106,-0.16419865,0.84547648,-0.72796974,-0.00800164,1.14926313,-0.94865779,-0.07018608,1.32454415,-1.13058699,-0.11091355,1.48398026,-1.26036235,-0.12364776
call,0,0,0,0.24482284,0.51179979,-0.10626066,0.67279694,0.8299409,-0.11869818,1.01595756,1.08751717,-0.14518255,1.18930917,1.30656778,-0.14920636,1.02422008,0.32590636,0.06345419,1.3413183,0.22515164,-0.0685704,1.1220348,0.13780786,-0.16921292,0.87468936,0.13173185,-0.20869375,0.99689473,-0.07874584,0.06421608,1.3104238,-0.20101356,-0.13454787,1.02564843,-0.20746919,-0.2519462,0.77205782,-0.15518851,-0.27357657,0.93832716,-0.44346403,0.03553576,1.27099831,-0.62386716,-0.11868803,1.05810416,-0.55821408,-0.17188661,0.83024201,-0.43523823,-0.15434909,0.84696084,-0.73505252,-0.00639467,1.14710231,-0.95923643,-0.07485694,1.32289671,-1.14222721,-0.11883312,1.48479302,-1.27306645,-0.13246273
call,0,0,0,0.24467295,0.51205665,-0.1002956,0.67235663,0.8226553,-0.11322309,1.01009209,1.07539331,-0.14203214,1.17962727,1.29581942,-0.14860389,1.02436951,0.32243867,0.05817777,1.33525645,0.22562166,-0.07642534,1.11042684,0.13697937,-0.17522979,0.86119753,0.12702192,-0.21199493,0.9968289,-0.07957482,0.05456158,1.30353994,-0.19555958,-0.14502621,1.01604221,-0.20146007,-0.25504779,0.76044877,-0.14580787,-0.26994241,0.9378693,-0.44117342,0.02199588,1.26017221,-0.62157525,-0.13183262,1.04322441,-0.54597602,-0.17678105,0.81729323,-0.41529306,-0.15227117,0.84795082,-0.73605014,-0.02377099,1.14365224,-0.9590413,-0.0899311,1.31644433,-1.14395554,-0.12717445,1.47745872,-1.27635149,-0.1348306
call,0,0,0,0.24222187,0.51906498,-0.09095871,0.65371791,0.82513879,-0.10207837,0.98922074,1.08384864,-0.13322211,1.14894597,1.32694439,-0.14366895,1.01829657,0.31968533,0.08004041,1.31625382,0.22972288,-0.04793714,1.094409,0.14315036,-0.1445157,0.85446819,0.13781397,-0.18100162,0.99726528,-0.07390503,0.07166932,1.29231999,-0.18421765,-0.12169817,1.00685403,-0.19823512,-0.22994219,0.75584255,-0.14652712,-0.24398017,0.94050682,-0.43172952,0.03441208,1.24656279,-0.60824509,-0.11827758,1.01994417,-0.5361174,-0.15982784,0.79292414,-0.40688558,-0.13190362,0.85163483,-0.7264848,-0.01557609,1.141746,-0.94780571,-0.07821111,1.3053208,-1.1405771,-0.10716863,1.46163203,-1.2787369,-0.10821894
call,0,0,0,0.23986861,0.5273479,-0.10399085,0.65644617,0.84374598,-0.12199665,0.99379173,1.10186854,-0.15690382,1.14792972,1.36666911,-0.17161363,1.02103444,0.35138955,0.0635338,1.32544609,0.24942664,-0.06584623,1.10841831,0.14987724,-0.16341795,0.87136702,0.1422278,-0.20224605,0.9989419,-0.04599004,0.05907108,1.30802074,-0.16966926,-0.13613037,1.02574095,-0.18879714,-0.24641933,0.77470591,-0.13774913,-0.26203514,0.93965537,-0.40726057,0.02577362,1.25394668,-0.59571256,-0.12738758,1.03426306,-0.52815376,-0.16972148,0.81086249,-0.39975878,-0.14330202,0.84612686,-0.70528124,-0.02121678,1.13580243,-0.93758238,-0.08351993,1.30076916,-1.12738041,-0.11296887,1.45914773,-1.26120949,-0.1157602
call,0,0,0,0.22909357,0.53990856,-0.10440024,0.64204286,0.87860701,-0.12381292,0.97629648,1.15476942,-0.16061974,1.12125453,1.43438513,-0.17761627,1.01632695,0.40072496,0.05771129,1.31647861,0.2996725,-0.0734908,1.0990344,0.19161526,-0.16959317,0.86131531,0.17958298,-0.20708064,0.99999818,-0.00190713,0.05372578,1.30702635,-0.13258434,-0.14386035,1.01594478,-0.15969438,-0.25130247,0.76157834,-0.10928941,-0.26435394,0.94680873,-0.36711504,0.02113168,1.25359506,-0.54804626,-0.1339222,1.02077003,-0.48530641,-0.17363185,0.79098883,-0.35809465,-0.14490283,0.86002042,-0.67035971,-0.02516751,1.14234954,-0.88100474,-0.08575282,1.30439966,-1.05560181,-0.11317085,1.46198613,-1.17234233,-0.11513361
call,0,0,0,0.22968984,0.5417669,-0.10014425,0.64353319,0.89438848,-0.11225372,0.97719197,1.16352576,-0.14233561,1.12646103,1.42700346,-0.15138266,1.0170924,0.40214298,0.078367,1.31448159,0.31560025,-0.05533356,1.10587374,0.22990644,-0.15480708,0.87802587,0.22894621,-0.19258126,0.9999718,0.00751043,0.07325408,1.30645256,-0.11743015,-0.13275839,1.02728169,-0.12824483,-0.24951934,0.77789844,-0.07762471,-0.2659035,0.95271131,-0.35099394,0.03853267,1.25522524,-0.53237034,-0.12774463,1.01737617,-0.44924352,-0.17590676,0.78685668,-0.31547339,-0.14782478,0.87598765,-0.65414023,-0.00875523,1.16237494,-0.86521613,-0.07541791,1.33368443,-1.03034333,-0.10813516,1.50331155,-1.1422079,-0.11113089
gun,0,0,0,0.27302528,0.36036711,-0.15266929,0.72844962,0.45133176,-0.20252718,1.08006034,0.55118846,-0.25068158,1.28891794,0.71556729,-0.30414306,1.01999927,-0.16320182,-0.12979884,1.42804092,-0.39226387,-0.2736268,1.67835187,-0.5744326,-0.35723322,1.89032449,-0.71201347,-0.41853345,0.87886078,-0.47707833,-0.14076158,1.1036843,-0.72324559,-0.43520812,0.7922263,-0.46981466,-0.50486962,0.57268405,-0.22601722,-0.46944461,0.68653539,-0.72249633,-0.16811004,0.81379031,-0.91984652,-0.45738282,0.54605683,-0.59622943,-0.4198751,0.38051971,-0.34947819,-0.30662982,0.46059719,-0.92252686,-0.20563827,0.55540149,-1.06053147,-0.42136504,0.38449705,-0.75979006,-0.39522252,0.28279948,-0.52593325,-0.31470839
gun,0,0,0,0.28833613,0.34287087,-0.1494051,0.73556657,0.42042688,-0.20158516,1.08666529,0.52318819,-0.25466224,1.28974545,0.69577155,-0.31297546,1.01595234,-0.17684465,-0.1256945,1.41126632,-0.40629553,-0.25986903,1.64280445,-0.58715695,-0.33802644,1.8380608,-0.73461195,-0.3975493,0.8711153,-0.49107854,-0.1391064,1.09551207,-0.74330833,-0.42574608,0.79277896,-0.48011414,-0.49348698,0.56822398,-0.23184798,-0.45959386,0.67670559,-0.73218309,-0.1688084,0.80941188,-0.9375993,-0.44341808,0.55652931,-0.61119436,-0.40935735,0.38840793,-0.35819219,-0.30314477,0.45130366,-0.92211903,-0.20981756,0.54656632,-1.06203792,-0.40817967,0.39448825,-0.77305153,-0.38482311,0.29636144,-0.54109591,-0.31146985
gun,0,0,0,0.30476238,0.32509466,-0.15215889,0.74382779,0.37564464,-0.19992767,1.08659965,0.43602229,-0.24636132,1.30186579,0.58727083,-0.2967021,0.98785539,-0.23087008,-0.13693628,1.3889527,-0.48297078,-0.26665561,1.61735233,-0.6869198,-0.33381327,1.80526785,-0.86468827,-0.38365733,0.83543513,-0.54958907,-0.14186613,1.01465952,-0.82702017,-0.41487427,0.73839568,-0.55429561,-0.47449825,0.53844438,-0.30936698,-0.44058348,0.64682182,-0.78679826,-0.16352657,0.73450921,-1.00264217,-0.42820796,0.50954437,-0.66170421,-0.40009605,0.3710121,-0.4038258,-0.30355056,0.43561766,-0.95646978,-0.19693279,0.49198982,-1.1038358,-0.38085622,0.3472095,-0.81974244,-0.36135684,0.26276653,-0.58998535,-0.29606571
gun,0,0,0,0.2997264,0.32636499,-0.15203497,0.75837431,0.38117965,-0.20472206,1.11491205,0.46772377,-0.25838985,1.32492224,0.63207081,-0.31706088,0.99589438,-0.24042336,-0.13441049,1.39388541,-0.49632187,-0.2656473,1.62249711,-0.68475039,-0.33868781,1.8115637,-0.8403606,-0.39431233,0.83911793,-0.54394954,-0.14349368,1.00888228,-0.80581081,-0.42967806,0.72204041,-0.52936651,-0.49729056,0.52000972,-0.27951822,-0.46622538,0.64249886,-0.77064277,-0.16871895,0.7275089,-0.99449871,-0.43664242,0.4975673,-0.65059686,-0.40357445,0.35878131,-0.38861107,-0.30231678,0.42090539,-0.93848227,-0.20602274,0.48307994,-1.09927533,-0.39176147,0.34651234,-0.80351666,-0.3659944,0.27449843,-0.56274018,-0.29439203
gun,0,0,0,0.3015733,0.3222288,-0.1585485,0.75773532,0.38135917,-0.21647184,1.11927752,0.47000728,-0.27372131,1.3442434,0.6231829,-0.33646009,0.99283264,-0.23790841,-0.14180047,1.38924084,-0.48779015,-0.2752,1.61662324,-0.68125472,-0.35046658,1.80245409,-0.84979627,-0.40820894,0.83575415,-0.54910381,-0.1465787,0.97927002,-0.81561186,-0.43230907,0.68550671,-0.5462947,-0.49978637,0.48782431,-0.30752344,-0.47096968,0.63781864,-0.78286234,-0.16822473,0.70974363,-1.0142867,-0.43791961,0.47635495,-0.67180923,-0.40369409,0.34374967,-0.41063552,-0.30315877,0.41508627,-0.9506551,-0.20191697,0.466873,-1.11915474,-0.39137299,0.32968263,-0.82151511,-0.36568765,0.26617216,-0.57518801,-0.29380766
gun,0,0,0,0.30782586,0.32057224,-0.15739701,0.76213831,0.37650499,-0.21393082,1.11539337,0.46118135,-0.27055893,1.33136579,0.61285907,-0.334128,0.99522731,-0.2393191,-0.1464328,1.39328405,-0.49586913,-0.28066579,1.61847676,-0.69656483,-0.35776947,1.8033916,-0.87259143,-0.41713931,0.83421851,-0.55143401,-0.15047248,0.97069295,-0.81595003,-0.43466909,0.67724634,-0.54959077,-0.50243758,0.47768634,-0.31527121,-0.47543722,0.63388802,-0.78825774,-0.17104185,0.70829894,-1.02045154,-0.44113864,0.47622509,-0.66936074,-0.40986198,0.33875738,-0.40448726,-0.31185561,0.40787545,-0.95962258,-0.20332089,0.46524093,-1.12649233,-0.39449824,0.33013989,-0.82831579,-0.37083953,0.26178977,-0.58330202,-0.30038466
gun,0,0,0,0.30968952,0.32465594,-0.16540732,0.75984988,0.38768946,-0.22922513,1.11198254,0.47825442,-0.29170663,1.33847285,0.62610426,-0.36086784,0.99509049,-0.23586125,-0.1643609,1.40629429,-0.5019136,-0.30806039,1.64657801,-0.70183309,-0.39200122,1.84462311,-0.87747953,-0.45557748,0.83616575,-0.54847683,-0.16535637,0.95087791,-0.83350603,-0.45955722,0.65655261,-0.56591263,-0.53015262,0.46159144,-0.32169739,-0.5037545,0.63711415,-0.78623899,-0.18287551,0.6773916,-1.02796928,-0.45831091,0.44709937,-0.67966781,-0.42639412,0.31989836,-0.41014557,-0.3270932,0.41291422,-0.95896725,-0.21288785,0.44956552,-1.14159984,-0.40572239,0.31165626,-0.84346594,-0.3801158,0.24879723,-0.58971871,-0.30729507
gun,0,0,0,0.30366517,0.33318931,-0.17715797,0.7581976,0.40748457,-0.24755968,1.12048884,0.51520622,-0.31348257,1.35835242,0.6692506,-0.38499218,1.00294,-0.21309561,-0.17778601,1.41923719,-0.4705625,-0.32987106,1.66571468,-0.66985729,-0.41914583,1.86850515,-0.85075117,-0.48653812,0.84739589,-0.53096158,-0.17523104,0.96001358,-0.82571669,-0.47591954,0.65324235,-0.54950863,-0.54564482,0.46237045,-0.30202944,-0.51787379,0.64786738,-0.77432093,-0.19040058,0.68434862,-1.01905157,-0.47573705,0.44000215,-0.66818877,-0.43894955,0.31594256,-0.40294696,-0.33453812,0.42313309,-0.95201233,-0.21867263,0.45497752,-1.13936301,-0.42147149,0.3021897,-0.83772418,-0.39322054,0.23871566,-0.58756138,-0.31659127
gun,0,0,0,0.30479334,0.33223961,-0.17471656,0.76696562,0.41642347,-0.24313867,1.13053847,0.52953591,-0.30791565,1.36335058,0.68454664,-0.37840985,1.00885401,-0.20803738,-0.17283743,1.43054003,-0.46558312,-0.32207681,1.67612461,-0.66374744,-0.40973762,1.87828249,-0.84150518,-0.47677229,0.85262915,-0.52251654,-0.17028113,0.96533908,-0.80782444,-0.47299539,0.6574388,-0.54094,-0.5442811,0.46213248,-0.30154211,-0.51759746,0.65416516,-0.76539998,-0.18551857,0.68964489,-1.0168258,-0.47014377,0.44939473,-0.66821642,-0.43514329,0.32570239,-0.39945701,-0.33300899,0.42942714,-0.94784137,-0.21383243,0.45957974,-1.13694908,-0.41616999,0.31242869,-0.8367275,-0.39134601,0.25352715,-0.58275009,-0.31810253
gun,0,0,0,0.29646552,0.3492602,-0.18099588,0.76012823,0.43624173,-0.25157254,1.1219933,0.55599487,-0.31639474,1.35664242,0.72443221,-0.38639593,1.01150471,-0.18090444,-0.18434872,1.43055078,-0.43204783,-0.33695643,1.67633482,-0.62613445,-0.42470141,1.88040523,-0.79847931,-0.48980896,0.86155117,-0.50767074,-0.17884815,0.97704156,-0.77986587,-0.48104007,0.66558689,-0.51630905,-0.54984736,0.47058716,-0.27702719,-0.51971962,0.66829529,-0.76298473,-0.19129497,0.69893494,-0.97947407,-0.47758642,0.44836648,-0.63632552,-0.44314585,0.32134686,-0.3765148,-0.33905621,0.4510596,-0.95712244,-0.21711242,0.47771115,-1.11648064,-0.41796952,0.31419382,-0.8200336,-0.39019905,0.24570321,-0.57709819,-0.31350752
gun,0,0,0,0.2988092,0.33415699,-0.17637886,0.7604136,0.42765515,-0.24731011,1.12394204,0.5547604,-0.31369856,1.35614534,0.73279221,-0.38407702,1.00656336,-0.19582487,-0.17141194,1.42351034,-0.43765308,-0.31948463,1.66502367,-0.6269355,-0.40503601,1.86551391,-0.79594281,-0.47014827,0.85645275,-0.51622542,-0.17051926,0.97694858,-0.78108338,-0.47202402,0.66273032,-0.51669357,-0.54146674,0.46569491,-0.28160921,-0.5118829,0.66293574,-0.76257546,-0.18767599,0.69702145,-0.99099633,-0.47062097,0.44982859,-0.6542306,-0.43390601,0.32637313,-0.39462479,-0.32965599,0.44301556,-0.94705869,-0.21842935,0.46649792,-1.11389742,-0.41851676,0.31000213,-0.81859747,-0.39192454,0.24858869,-0.57149539,-0.31682805
gun,0,0,0,0.29861947,0.33780738,-0.1801749,0.75959364,0.43572899,-0.25154587,1.12696125,0.56018526,-0.31754885,1.36641639,0.72478064,-0.38775547,1.01392543,-0.18368235,-0.17180319,1.43080561,-0.42666173,-0.32146233,1.6764333,-0.61921684,-0.40890766,1.87841111,-0.79125145,-0.47473669,0.86209157,-0.50675253,-0.16825551,0.98398924,-0.78780562,-0.47095918,0.6724085,-0.52501753,-0.54234366,0.4739398,-0.28722313,-0.51328435,0.66683175,-0.75676796,-0.18325312,0.70148591,-0.99319012,-0.46841948,0.45509409,-0.6528357,-0.43364054,0.32999485,-0.39131048,-0.32936326,0.44548364,-0.94492776,-0.21189122,0.47410181,-1.1190492,-0.41304481,0.31905363,-0.82282268,-0.38702591,0.25723395,-0.57552643,-0.31159711
gun,0,0,0,0.29564722,0.34453426,-0.17466155,0.75743694,0.43921952,-0.24346004,1.12323347,0.56126558,-0.30822586,1.36297895,0.73248519,-0.37640006,1.01259599,-0.18271996,-0.16341137,1.43171003,-0.42255174,-0.31124227,1.67437867,-0.61549102,-0.39537376,1.87633733,-0.78613323,-0.45884901,0.86263915,-0.50581983,-0.16524025,1.00205954,-0.77141989,-0.46891127,0.68388135,-0.50960334,-0.53904424,0.48076659,-0.27368981,-0.50761359,0.66820867,-0.75406812,-0.18537291,0.71989203,-0.98434218,-0.47296165,0.46611806,-0.64826218,-0.43561448,0.33675475,-0.38736287,-0.32816942,0.44681897,-0.93967736,-0.2187612,0.48115132,-1.10799708,-0.4228319,0.32097733,-0.81216548,-0.39581336,0.2557905,-0.56475993,-0.3188048
gun,0,0,0,0.30370671,0.34686406,-0.16783278,0.76854941,0.43774804,-0.23171232,1.13361437,0.56209595,-0.2933652,1.3683549,0.72402305,-0.3601633,1.01645725,-0.18400303,-0.15656425,1.4323417,-0.43070154,-0.30139758,1.67350292,-0.6247617,-0.38576779,1.87255115,-0.79682524,-0.44995458,0.86168247,-0.50744785,-0.16051278,1.00174358,-0.77868431,-0.46120667,0.68817664,-0.5152157,-0.53226323,0.48205796,-0.27878543,-0.50292119,0.66308208,-0.75537057,-0.18219015,0.72141241,-0.99467608,-0.46436643,0.47161167,-0.65635234,-0.42731899,0.33648997,-0.39494719,-0.32183878,0.43683809,-0.94002002,-0.21684427,0.48119207,-1.11820272,-0.41690207,0.32588153,-0.82281294,-0.38922186,0.25628597,-0.57492322,-0.3131178
gun,0,0,0,0.29597136,0.35602133,-0.15688432,0.76086854,0.4368227,-0.21269205,1.12600566,0.54611182,-0.26738545,1.35416785,0.72016233,-0.32579581,1.01864986,-0.18459377,-0.13642825,1.42486493,-0.42898392,-0.26927789,1.66018771,-0.61748963,-0.34144448,1.85682711,-0.77818445,-0.39631288,0.86541954,-0.50104792,-0.14506374,1.04739557,-0.750823,-0.43228746,0.73690176,-0.48313133,-0.49557309,0.52404574,-0.24587572,-0.45916446,0.66648069,-0.74332219,-0.17060836,0.75361703,-0.94230311,-0.44852422,0.4993818,-0.60649904,-0.41015132,0.35559016,-0.35864607,-0.30106676,0.44141744,-0.92928239,-0.20754956,0.51395407,-1.08483812,-0.40328517,0.35368016,-0.78956275,-0.37173921,0.27123597,-0.55915531,-0.29268913
gun,0,0,0,0.29784688,0.33840024,-0.15011526,0.76309885,0.40007875,-0.2007172,1.1231517,0.49343161,-0.25196392,1.33746699,0.66343867,-0.30804442,1.00212809,-0.21551843,-0.12575098,1.39717391,-0.45640763,-0.25280268,1.62387532,-0.64870453,-0.32244295,1.81095669,-0.80825607,-0.37648616,0.84634514,-0.53263487,-0.13691713,1.03100067,-0.78932301,-0.42086251,0.73223251,-0.5164654,-0.48635743,0.52184465,-0.26989231,-0.45275309,0.6465488,-0.77224444,-0.16414209,0.75144879,-0.98880708,-0.43772083,0.50634507,-0.64665631,-0.40335927,0.35844307,-0.38761745,-0.29890566,0.41887323,-0.95167278,-0.20243621,0.49454083,-1.10528928,-0.39815954,0.34789981,-0.80456191,-0.37353687,0.26798933,-0.56326506,-0.30057008
gun,0,0,0,0.29591751,0.34835548,-0.14445135,0.75690096,0.42099941,-0.19172083,1.11870377,0.50690976,-0.24147792,1.33945858,0.66914261,-0.29577566,1.0088553,-0.1995637,-0.1088367,1.40019352,-0.43081188,-0.23351762,1.62463182,-0.61563592,-0.30108592,1.81333626,-0.76515082,-0.35185888,0.86089885,-0.50877615,-0.12286621,1.06930327,-0.76330879,-0.40121152,0.77308263,-0.50712869,-0.4663681,0.55918004,-0.26810511,-0.43011901,0.66697784,-0.74447669,-0.15307836,0.77606803,-0.93868853,-0.42530809,0.52667724,-0.61554896,-0.3921921,0.37601604,-0.3714457,-0.28533575,0.44597376,-0.92970439,-0.19362879,0.53277253,-1.0754155,-0.38255053,0.37798949,-0.78911826,-0.35191399,0.28722932,-0.56083297,-0.27375461
gun,0,0,0,0.29161637,0.34463503,-0.14367737,0.75126668,0.42074815,-0.18757689,1.10628719,0.50755741,-0.23312704,1.31867323,0.67686604,-0.28275249,1.00835372,-0.19288124,-0.10010114,1.39140839,-0.41663371,-0.21907733,1.60993796,-0.60216665,-0.28312023,1.79427055,-0.75228057,-0.33189029,0.86385138,-0.50374676,-0.11079501,1.06563718,-0.73662971,-0.38308901,0.76748356,-0.48374832,-0.44660049,0.55539426,-0.25294077,-0.40977951,0.67452257,-0.74566698,-0.13765616,0.78080243,-0.92720289,-0.40657977,0.52901058,-0.60678622,-0.37615137,0.37825555,-0.36629167,-0.27139566,0.45571378,-0.94089296,-0.17450678,0.53604305,-1.07211382,-0.36477656,0.37721116,-0.77979883,-0.33838941,0.28542331,-0.54976486,-0.26261413
gun,0,0,0,0.2991006,0.36979864,-0.1403096,0.76015692,0.45214042,-0.18271026,1.1180143,0.55488467,-0.22549436,1.33580074,0.71861371,-0.27218871,1.02599841,-0.16853991,-0.1103861,1.42048846,-0.40192752,-0.23124812,1.65119144,-0.57680857,-0.30029814,1.84400873,-0.72883266,-0.35532923,0.87753667,-0.47950953,-0.12398898,1.08533902,-0.72201817,-0.39358315,0.79142281,-0.45046913,-0.45890069,0.58154161,-0.22608752,-0.42871962,0.67810353,-0.72260342,-0.15253083,0.79954031,-0.91515035,-0.41880735,0.54783989,-0.56938726,-0.38228803,0.39429045,-0.33607192,-0.27803912,0.44800723,-0.91477548,-0.1908171,0.55077571,-1.05858986,-0.38229475,0.39404935,-0.75653012,-0.35078285,0.29696105,-0.53928776,-0.27415003
gun,0,0,0,0.3005828,0.37642324,-0.13670065,0.75928993,0.47120863,-0.17724778,1.11113123,0.56225852,-0.21976412,1.32277938,0.7113344,-0.26654377,1.02646851,-0.17272221,-0.10687565,1.42055084,-0.40497402,-0.23083076,1.65413933,-0.57367877,-0.30162734,1.85040735,-0.72044088,-0.35713074,0.87614684,-0.48204431,-0.12329981,1.08384524,-0.70190974,-0.3965238,0.78954903,-0.41767433,-0.46176702,0.58042269,-0.1896914,-0.43074323,0.67490547,-0.72226609,-0.15451258,0.79762352,-0.90069769,-0.42490068,0.54320136,-0.54914409,-0.38595058,0.38844983,-0.31506015,-0.27932254,0.44279497,-0.91589757,-0.19513735,0.54646796,-1.04990794,-0.39001387,0.38695576,-0.74252728,-0.35756545,0.2883843,-0.52458432,-0.27982934
gun,0,0,0,0.29651509,0.36933122,-0.13203486,0.75225868,0.44668945,-0.17654088,1.09645827,0.51569811,-0.22409231,1.30201262,0.66149754,-0.27620833,1.0176313,-0.20012372,-0.12735309,1.4287464,-0.44555707,-0.26085307,1.67189133,-0.61788132,-0.3306116,1.87401584,-0.7723604,-0.38322185,0.85892836,-0.51209577,-0.14901586,1.08668309,-0.69424051,-0.43550148,0.78250628,-0.38634514,-0.49605378,0.55981665,-0.16203182,-0.45983569,0.64823628,-0.75171987,-0.1835862,0.78449529,-0.86754163,-0.4650334,0.52392806,-0.50527789,-0.41782088,0.35803513,-0.29104783,-0.30274524,0.40553187,-0.95254397,-0.22648173,0.53025526,-1.04053866,-0.42127383,0.37577653,-0.71886367,-0.38028866,0.27036456,-0.5246054,-0.29640925
gun,0,0,0,0.28881066,0.32306171,-0.13183156,0.70513556,0.34526192,-0.19107727,1.00190528,0.35919605,-0.25255899,1.20342698,0.45655604,-0.3154639,0.94781243,-0.30629167,-0.15970618,1.33344751,-0.56787376,-0.31327049,1.56452402,-0.73854665,-0.39792355,1.76177292,-0.88705754,-0.45628229,0.7880414,-0.61562225,-0.17788666,0.95432055,-0.6145989,-0.46539145,0.67939467,-0.28932109,-0.52209511,0.48455364,-0.10148007,-0.48920093,0.5842081,-0.83626591,-0.20923518,0.66904553,-0.75324543,-0.47423002,0.43439621,-0.39733015,-0.42075215,0.28998813,-0.23413994,-0.3118721,0.35147492,-1.00618922,-0.25143216,0.40355892,-0.89340855,-0.42156886,0.26622013,-0.58077671,-0.37662433,0.18490091,-0.44586208,-0.29597463
gun,0,0,0,0.29490807,0.3335542,-0.13058034,0.72229001,0.36054587,-0.18420106,1.01677563,0.37083821,-0.24022708,1.22017628,0.47836397,-0.29892141,0.96408598,-0.29838262,-0.14701066,1.34957751,-0.55742341,-0.29559351,1.58079635,-0.72922842,-0.37672991,1.77623645,-0.88290078,-0.43228933,0.80048206,-0.59935672,-0.16515874,0.97130426,-0.63361706,-0.44707221,0.68977843,-0.30794876,-0.50302072,0.49469829,-0.11713595,-0.46824125,0.5926281,-0.81860639,-0.19660353,0.68285175,-0.77449363,-0.46376639,0.43970504,-0.41140896,-0.41189325,0.29608045,-0.24443284,-0.30076571,0.35743436,-0.99207307,-0.23769709,0.42220466,-0.91902499,-0.40661596,0.27672371,-0.599576,-0.35562079,0.18912784,-0.45931515,-0.26922557
gun,0,0,0,0.31292401,0.35029291,-0.13573325,0.75999007,0.41680888,-0.18712412,1.09343355,0.47583445,-0.24253968,1.30897299,0.61272574,-0.30370986,1.00497324,-0.24432528,-0.13086105,1.40373102,-0.5129225,-0.26465881,1.63956639,-0.70494893,-0.33851842,1.8357945,-0.86760689,-0.39236214,0.84057024,-0.54170256,-0.14525121,1.02088143,-0.71946344,-0.41881622,0.73884329,-0.42287909,-0.47754509,0.53726198,-0.19082048,-0.44428447,0.63295128,-0.76538992,-0.17350293,0.73373188,-0.87621242,-0.43369078,0.49726558,-0.52560496,-0.38915864,0.3506068,-0.30272348,-0.28254749,0.39849011,-0.94286914,-0.21194332,0.47964514,-1.01809004,-0.38502628,0.33849923,-0.70905442,-0.34218561,0.25055871,-0.50838611,-0.26032663
gun,0,0,0,0.30767299,0.30628324,-0.15185802,0.75318067,0.37326725,-0.2106613,1.10221533,0.47849734,-0.27078385,1.31553234,0.64332563,-0.33649854,0.97474397,-0.28341969,-0.12757947,1.33053767,-0.58116791,-0.25352972,1.53591607,-0.80463117,-0.32814658,1.70217431,-1.0054449,-0.38532176,0.81683737,-0.57686802,-0.13429545,0.94004799,-0.80427397,-0.40763269,0.66987714,-0.51384992,-0.47859581,0.48364931,-0.2778689,-0.45473066,0.61992161,-0.79520748,-0.15697975,0.67485579,-0.98809305,-0.41845556,0.45961536,-0.63797466,-0.39357282,0.33280252,-0.38210639,-0.30095792,0.3988642,-0.95075986,-0.19113965,0.43691752,-1.08292608,-0.37356673,0.30487161,-0.78023527,-0.35134379,0.23842682,-0.54340731,-0.28300198
gun,0,0,0,0.31109761,0.30513762,-0.21398768,0.74609167,0.29862141,-0.3042237,1.12054583,0.37464635,-0.37972193,1.36343273,0.54329571,-0.45820254,0.91266457,-0.43750667,-0.21696729,1.22528615,-0.8727618,-0.36342919,1.39783285,-1.18180653,-0.44969641,1.54250329,-1.4379518,-0.51804858,0.72200746,-0.69188527,-0.19619496,0.74382431,-1.02390803,-0.49335382,0.49709673,-0.69025681,-0.56595049,0.35392603,-0.3765241,-0.54420167,0.51031031,-0.8659274,-0.1965994,0.47726797,-1.10563996,-0.47517256,0.2966161,-0.73232596,-0.45501975,0.22298978,-0.43433308,-0.36701975,0.29436513,-0.97356109,-0.21485401,0.26155109,-1.13233636,-0.4184129,0.14729346,-0.82663585,-0.41626913,0.13009242,-0.56007457,-0.36254975
gun,0,0,0,0.31457059,0.29528661,-0.22140732,0.74758779,0.28242895,-0.31697987,1.12733457,0.34540026,-0.39677319,1.37548253,0.50525044,-0.48052364,0.89865028,-0.45993821,-0.23250626,1.2127637,-0.91045622,-0.38519786,1.38495672,-1.23570973,-0.47400734,1.52992744,-1.50526806,-0.5430966,0.70793491,-0.70627768,-0.20880788,0.7267084,-1.04407681,-0.51172311,0.48275639,-0.70867672,-0.58352467,0.34163984,-0.38776861,-0.55962531,0.49651104,-0.87463025,-0.2065959,0.45513461,-1.11350194,-0.48546076,0.28122776,-0.7403445,-0.46246872,0.21210891,-0.43823997,-0.37190989,0.28179958,-0.97576361,-0.22327606,0.24117412,-1.13930672,-0.42179133,0.13498045,-0.83649134,-0.41572475,0.12283031,-0.56975044,-0.35950391
gun,0,0,0,0.30673409,0.27003402,-0.21245743,0.73381407,0.23492048,-0.3071739,1.09436217,0.26487549,-0.38679814,1.34617836,0.40650799,-0.46957173,0.86598072,-0.50994514,-0.22139908,1.16513235,-0.98502384,-0.3761205,1.32571057,-1.31142848,-0.46352763,1.45741645,-1.57218449,-0.53054253,0.68245974,-0.73092319,-0.20208517,0.67794448,-1.06190677,-0.50507268,0.43607788,-0.71660515,-0.57436344,0.31915558,-0.40404187,-0.54961423,0.47618261,-0.8819929,-0.20477567,0.41306906,-1.11780734,-0.49776067,0.2439658,-0.73420393,-0.47499901,0.20424151,-0.43377075,-0.38184579,0.26543066,-0.97373549,-0.22341842,0.20716147,-1.14404767,-0.43738015,0.09965621,-0.82180469,-0.43060873,0.10108004,-0.5489917,-0.37098985
gun,0,0,0,0.31542274,0.27676388,-0.22135436,0.72786787,0.2632111,-0.32514858,1.08331168,0.30591653,-0.41208715,1.3361153,0.44304259,-0.50126386,0.86754593,-0.5088488,-0.24635588,1.16241,-0.9880113,-0.40769297,1.31577835,-1.32976085,-0.49954953,1.44858631,-1.62523346,-0.57111143,0.67673654,-0.73622527,-0.22240402,0.65846857,-1.07928576,-0.52280494,0.42622303,-0.70476893,-0.58899859,0.32180382,-0.3828783,-0.56477128,0.46530573,-0.88993747,-0.2196279,0.3967601,-1.12216968,-0.49987496,0.24260554,-0.71271027,-0.46799557,0.21419105,-0.41256178,-0.37461283,0.25208879,-0.97718367,-0.23544004,0.18716747,-1.13067908,-0.43769899,0.09330971,-0.79458991,-0.4261982,0.10915425,-0.52675704,-0.36639847
gun,0,0,0,0.30854026,0.28698641,-0.20993024,0.73319112,0.2842161,-0.31368663,1.10047469,0.33615674,-0.40546895,1.3570606,0.48352623,-0.49924256,0.87921703,-0.49907021,-0.23368412,1.18387479,-0.98723632,-0.40025207,1.34714237,-1.32494317,-0.49122245,1.47995951,-1.60933739,-0.55810474,0.69482123,-0.7191825,-0.21609585,0.69935575,-1.03251521,-0.51517799,0.45721077,-0.65657379,-0.57030692,0.34814595,-0.35776096,-0.53740062,0.48514082,-0.86986021,-0.22071437,0.43534932,-1.09462731,-0.50565016,0.27421092,-0.68895822,-0.46721353,0.24419,-0.39890564,-0.36731339,0.27114982,-0.9616202,-0.24186482,0.22077827,-1.12529303,-0.44341854,0.12362686,-0.78375284,-0.42170563,0.13289083,-0.51630754,-0.35414478
gun,0,0,0,0.31415564,0.28611892,-0.21336641,0.73830289,0.28709221,-0.31566641,1.09904753,0.33927079,-0.40434165,1.35298248,0.49374672,-0.49513076,0.89340307,-0.47534901,-0.23665002,1.19822426,-0.93743673,-0.39683426,1.36229715,-1.2627429,-0.48602207,1.49959267,-1.54204602,-0.55327073,0.70162312,-0.71254824,-0.21630849,0.701079,-1.00867439,-0.51414848,0.46700396,-0.64077324,-0.57969918,0.35283957,-0.34039062,-0.55497862,0.48797622,-0.87612663,-0.2164309,0.43037247,-1.06404994,-0.49566999,0.2735541,-0.65794145,-0.46485285,0.23511966,-0.36846515,-0.37115091,0.27041722,-0.97914123,-0.23405765,0.22049659,-1.10676827,-0.42963772,0.12539581,-0.76806718,-0.41222195,0.12943604,-0.50658521,-0.34797596
gun,0,0,0,0.31571021,0.31064206,-0.21748941,0.7475954,0.34526077,-0.31986194,1.11131407,0.40949588,-0.40850594,1.3670866,0.57440289,-0.4989763,0.91971151,-0.42381051,-0.23187212,1.24660501,-0.8711038,-0.38886134,1.42924481,-1.1826043,-0.47568178,1.57959303,-1.45056722,-0.54052955,0.73882298,-0.67389956,-0.20709682,0.74936879,-0.94544149,-0.49914439,0.50508735,-0.59262392,-0.56152954,0.37964618,-0.3046943,-0.53499431,0.53188431,-0.85349207,-0.20357838,0.47917767,-1.01422025,-0.47867252,0.31054276,-0.6221003,-0.44831,0.26235815,-0.34323686,-0.35538929,0.31663402,-0.97985959,-0.21812442,0.27057741,-1.08276093,-0.40925404,0.16110159,-0.75044182,-0.39073063,0.15211079,-0.49414023,-0.32592048
gun,0,0,0,0.33010626,0.3302424,-0.22197295,0.77443446,0.3560995,-0.32244141,1.14852126,0.41434453,-0.40828564,1.39623389,0.58701294,-0.4975158,0.93525494,-0.41959386,-0.2443186,1.27225504,-0.86401817,-0.40380775,1.46330316,-1.18482753,-0.49261377,1.62040874,-1.45436367,-0.56044768,0.74024783,-0.6723341,-0.2206063,0.76618957,-0.9689482,-0.52568648,0.51261521,-0.62275608,-0.59261727,0.37337451,-0.31351531,-0.56654228,0.52377506,-0.84721235,-0.21792021,0.48203666,-1.0423254,-0.50027598,0.30999581,-0.65879088,-0.47133978,0.24757748,-0.36658159,-0.37770056,0.30145746,-0.96231548,-0.23407871,0.26444835,-1.08592706,-0.42979322,0.1599716,-0.76198815,-0.41621755,0.1494327,-0.49639389,-0.35523568
gun,0,0,0,0.33221049,0.32466901,-0.21961519,0.78044447,0.34676995,-0.31865705,1.15515271,0.41789219,-0.40329623,1.39852332,0.58474553,-0.49188221,0.93845208,-0.42084398,-0.24203279,1.27663396,-0.8633098,-0.4037717,1.47019142,-1.18276577,-0.4956064,1.62679208,-1.452358,-0.56593005,0.74180556,-0.67061502,-0.22178249,0.76592626,-0.98719193,-0.53272741,0.51427884,-0.63035025,-0.60312893,0.37515406,-0.31132766,-0.5779202,0.52392476,-0.84380084,-0.22266314,0.47471657,-1.05662003,-0.5118996,0.30579937,-0.66049178,-0.48414156,0.24731198,-0.3618831,-0.38969843,0.30131766,-0.95561868,-0.24179427,0.25429045,-1.09447895,-0.44272333,0.14803364,-0.76218221,-0.42815735,0.14038031,-0.49235975,-0.36567145
gun,0,0,0,0.3305336,0.33534325,-0.2226896,0.77877186,0.36030481,-0.32245691,1.15709998,0.41597731,-0.40771411,1.40221258,0.59282967,-0.49699091,0.94132914,-0.41290426,-0.24264292,1.277965,-0.85412931,-0.4025197,1.46807602,-1.17876325,-0.49273064,1.62485492,-1.45149574,-0.5620657,0.74256535,-0.66977362,-0.22002867,0.76191935,-0.98496132,-0.5310054,0.5117149,-0.63089355,-0.60226671,0.37214203,-0.30641289,-0.57679329,0.5251774,-0.84605398,-0.21846468,0.47520962,-1.05497043,-0.5035888,0.30843988,-0.66371566,-0.47705719,0.24897726,-0.36239779,-0.38370766,0.30375649,-0.957795,-0.23593413,0.25743422,-1.09094102,-0.43180434,0.15150938,-0.76722954,-0.41881136,0.14270789,-0.49718739,-0.35793616
gun,0,0,0,0.32279296,0.32213929,-0.21925825,0.77462893,0.33597665,-0.31541498,1.14873526,0.40539707,-0.39633294,1.38288544,0.58874921,-0.48076251,0.93077422,-0.41609462,-0.24279377,1.27240606,-0.84261032,-0.40020379,1.46582897,-1.15107408,-0.48793911,1.62297698,-1.41088867,-0.55541456,0.7383484,-0.67441948,-0.22136215,0.75821061,-0.97337164,-0.52843274,0.50979141,-0.62291884,-0.59607475,0.37278864,-0.31215957,-0.56956101,0.52376679,-0.85414893,-0.2208831,0.47166115,-1.05330791,-0.50689135,0.30118293,-0.66309456,-0.48010421,0.24145425,-0.37098896,-0.38675644,0.30487736,-0.97097352,-0.23843021,0.25714204,-1.10089871,-0.43605212,0.1469866,-0.77786696,-0.42221815,0.13762104,-0.51544256,-0.36077011
gun,0,0,0,0.32735111,0.33133985,-0.2248848,0.77716343,0.3578704,-0.32596172,1.1543084,0.42530894,-0.41250828,1.39395474,0.61041094,-0.50263927,0.94115341,-0.40164626,-0.24095786,1.28591015,-0.82713607,-0.40488368,1.47869356,-1.143582,-0.49829939,1.63670484,-1.41199242,-0.5689955,0.74577818,-0.66619435,-0.21869233,0.77182948,-0.98589532,-0.53305754,0.51830109,-0.63688787,-0.60477332,0.37635847,-0.31811765,-0.57828909,0.52985314,-0.84998651,-0.21822563,0.48678995,-1.06817964,-0.50774296,0.3136243,-0.67601859,-0.47971471,0.25215004,-0.37645922,-0.38364338,0.30920093,-0.96560766,-0.23681199,0.26981002,-1.10729965,-0.43527964,0.15967556,-0.78382263,-0.4192733,0.14702838,-0.51441581,-0.35515318
gun,0,0,0,0.31874035,0.33106307,-0.22319443,0.76571636,0.34948254,-0.32086667,1.14102565,0.42852727,-0.40310693,1.37925863,0.62159929,-0.48821758,0.93627119,-0.40650508,-0.24117192,1.2782968,-0.82909746,-0.4002867,1.46991276,-1.13762254,-0.48982904,1.62945827,-1.39509167,-0.55875396,0.73817621,-0.67460795,-0.22042067,0.7622524,-0.98682476,-0.53712031,0.50857107,-0.64505542,-0.60850135,0.36370233,-0.32693932,-0.58026885,0.51949259,-0.85511255,-0.22108035,0.47082786,-1.06347949,-0.51289766,0.29306748,-0.68332243,-0.48670081,0.22818397,-0.38905957,-0.39038283,0.29961712,-0.96418358,-0.24049558,0.2578031,-1.10472976,-0.4428292,0.14187113,-0.79415939,-0.43078133,0.12882725,-0.53221828,-0.36860161
gun,0,0,0,0.31721019,0.3314207,-0.23511983,0.76145674,0.35732748,-0.34170131,1.1375963,0.43233016,-0.43071269,1.38526484,0.60849989,-0.52144568,0.93619322,-0.40584438,-0.26606833,1.29640057,-0.8268996,-0.43937095,1.50003693,-1.14014124,-0.53508589,1.66858511,-1.40529559,-0.60720392,0.73648596,-0.67645283,-0.24150022,0.7679852,-1.01299052,-0.56570348,0.50953679,-0.65903651,-0.63452491,0.36670807,-0.33001044,-0.60481334,0.5182272,-0.85874505,-0.23953008,0.47646029,-1.08339426,-0.53737983,0.30073112,-0.68417082,-0.50472943,0.24179462,-0.38064826,-0.40474863,0.29782893,-0.96867594,-0.25754086,0.25727959,-1.11280525,-0.46458981,0.14537213,-0.78669544,-0.45025981,0.13586547,-0.51718836,-0.38646672
gun,0,0,0,0.32142289,0.32988085,-0.23191814,0.76826624,0.35722054,-0.33651764,1.14717781,0.43661774,-0.42461766,1.39288117,0.61095913,-0.51525857,0.94317107,-0.40426342,-0.26189637,1.30146102,-0.82779794,-0.43425294,1.50449796,-1.14324598,-0.531296,1.67245146,-1.41138088,-0.60486086,0.74161081,-0.67083038,-0.23918229,0.77027168,-1.01391939,-0.56245296,0.51448938,-0.65796057,-0.63312779,0.37214617,-0.32407713,-0.60534863,0.52055062,-0.84887592,-0.23878564,0.47675064,-1.07904854,-0.5356981,0.3049865,-0.67680665,-0.50460663,0.24615563,-0.36841571,-0.40607836,0.2970106,-0.95457311,-0.25821407,0.2577107,-1.1041545,-0.4647363,0.14899522,-0.77890596,-0.45094138,0.1409395,-0.50697734,-0.38798988
gun,0,0,0,0.31267421,0.32184655,-0.23630985,0.7534617,0.36091755,-0.34513261,1.13218061,0.4457401,-0.4362448,1.38625053,0.61107799,-0.52893936,0.93837593,-0.40025884,-0.2631508,1.2955406,-0.82381094,-0.43683331,1.4989849,-1.13827469,-0.53459988,1.6664887,-1.40694006,-0.60790853,0.74649244,-0.66539389,-0.23657918,0.77417871,-1.00220322,-0.5544465,0.51705236,-0.64794538,-0.621758,0.37848423,-0.32049409,-0.593111,0.53108118,-0.8486663,-0.23297593,0.48548657,-1.07124673,-0.52732945,0.30917426,-0.67261642,-0.4926561,0.25259329,-0.36884944,-0.39257629,0.31112807,-0.96246308,-0.24953481,0.26770488,-1.10850113,-0.45499424,0.15691409,-0.77960199,-0.43858459,0.14998195,-0.5091905,-0.37358751
gun,0,0,0,0.31908899,0.31322069,-0.21110694,0.76093648,0.35683606,-0.30613878,1.12832389,0.4372309,-0.39051743,1.36406187,0.61302874,-0.47876632,0.94221546,-0.39399672,-0.21763145,1.29666279,-0.7892674,-0.37763694,1.49608031,-1.07872912,-0.46884223,1.66329329,-1.32318983,-0.53699709,0.75575061,-0.65485954,-0.20030305,0.80140635,-0.96510611,-0.50628481,0.54116191,-0.6299751,-0.57729912,0.39476479,-0.3209808,-0.55084745,0.5441116,-0.83833853,-0.20405651,0.51856868,-1.04726918,-0.4883096,0.33491626,-0.66141556,-0.46038092,0.26571432,-0.36527792,-0.36408211,0.32287196,-0.95663654,-0.22554243,0.29577628,-1.09699725,-0.42051832,0.18439378,-0.77802154,-0.4028018,0.16822982,-0.51247655,-0.33695303
gun,0,0,0,0.31299662,0.31601894,-0.21155009,0.75503042,0.36228406,-0.30606662,1.12298435,0.44167834,-0.39014715,1.36111307,0.61619906,-0.47850413,0.94828231,-0.372466,-0.22088773,1.32009729,-0.73213233,-0.38355912,1.53300457,-0.99763126,-0.47619619,1.71033998,-1.22223979,-0.5448851,0.76373937,-0.64552472,-0.20267417,0.81994771,-0.94815,-0.50958261,0.55661234,-0.61957527,-0.58013036,0.40601136,-0.31841935,-0.55381481,0.55325143,-0.8365999,-0.2055026,0.53863081,-1.03885947,-0.49199009,0.35080276,-0.65590675,-0.46382573,0.27436948,-0.36297378,-0.3670452,0.33305558,-0.95997417,-0.2257289,0.31542719,-1.09424755,-0.42406438,0.20016865,-0.78028172,-0.40752146,0.17662052,-0.52119376,-0.34192512
gun,0,0,0,0.31326571,0.32416461,-0.20267691,0.76289674,0.37223917,-0.2905269,1.12743075,0.45095417,-0.36902074,1.35345742,0.62637669,-0.45184708,0.95222802,-0.3628344,-0.21779577,1.32599393,-0.72050046,-0.37554561,1.54203403,-0.97914715,-0.46398632,1.71994758,-1.19737731,-0.52976459,0.7684906,-0.63986107,-0.20223424,0.8130202,-0.9244398,-0.50592653,0.55202592,-0.59519458,-0.57461139,0.40163136,-0.293593,-0.54798428,0.56011373,-0.83461466,-0.20649756,0.52864119,-1.01883982,-0.48720458,0.34560464,-0.63616479,-0.46000328,0.26988503,-0.34315304,-0.3659454,0.34138531,-0.96417594,-0.22769951,0.31402659,-1.08289733,-0.42041196,0.19867279,-0.76708488,-0.40407104,0.17478435,-0.50577886,-0.33989949
gun,0,0,0,0.31499964,0.32739646,-0.21043257,0.76206396,0.37978007,-0.30334241,1.1263131,0.464739,-0.38558578,1.35480587,0.64210893,-0.47230119,0.95217387,-0.36256207,-0.22874724,1.3271604,-0.73049924,-0.39233485,1.54400613,-1.00125088,-0.48540508,1.72191709,-1.2330594,-0.55433346,0.769124,-0.63909958,-0.21088686,0.81447054,-0.92318476,-0.51848941,0.55143675,-0.59445565,-0.58798387,0.40094764,-0.29629786,-0.56156342,0.55944856,-0.83516958,-0.21334258,0.52640607,-1.02207161,-0.49760827,0.34164661,-0.63886802,-0.46852079,0.26614259,-0.34641227,-0.37278356,0.33993785,-0.96568397,-0.23350247,0.3082458,-1.08784509,-0.42918188,0.18977454,-0.76995449,-0.41086563,0.16383583,-0.50776478,-0.34462516
gun,0,0,0,0.32058366,0.31193683,-0.19913609,0.76308329,0.34036699,-0.28466268,1.12859807,0.4111544,-0.36122711,1.35521035,0.57975756,-0.44195498,0.94432417,-0.38094735,-0.21884825,1.31582763,-0.75416622,-0.37640839,1.52969684,-1.03518955,-0.46664595,1.70349718,-1.27397495,-0.53390531,0.75368472,-0.65723613,-0.20590314,0.80245266,-0.9464697,-0.51477705,0.54704896,-0.62449868,-0.58719307,0.38677806,-0.31457844,-0.5606484,0.54261475,-0.84533912,-0.21161646,0.50897615,-1.0248247,-0.48930057,0.33093944,-0.65531651,-0.46237661,0.24447729,-0.36142997,-0.36820126,0.32464091,-0.96114763,-0.23490864,0.29253316,-1.07217929,-0.4230145,0.1764438,-0.77305841,-0.40657204,0.14443262,-0.51466369,-0.34230395
gun,0,0,0,0.31808372,0.325954,-0.21186241,0.77189451,0.34739147,-0.29858037,1.14354183,0.42374431,-0.37287763,1.36996305,0.59024011,-0.45004964,0.94995933,-0.38565605,-0.23392961,1.3279077,-0.77286241,-0.39776317,1.544983,-1.0575306,-0.48804979,1.71736735,-1.30457724,-0.55590476,0.75421276,-0.65663012,-0.21756933,0.79712504,-0.96631376,-0.53678821,0.5387872,-0.61500946,-0.60605856,0.39071823,-0.29792379,-0.57559491,0.53737037,-0.83946882,-0.22207517,0.49424889,-1.04095832,-0.51596169,0.31844261,-0.64312434,-0.48754769,0.250579,-0.34635652,-0.38926929,0.31617214,-0.95296447,-0.24443035,0.27362173,-1.07669521,-0.4462167,0.1588732,-0.75580397,-0.43200052,0.1421205,-0.49586424,-0.36795759
gun,0,0,0,0.316699,0.31050025,-0.19756663,0.75326333,0.2946511,-0.27073247,1.12094983,0.34643375,-0.33288152,1.3472894,0.50659932,-0.39699105,0.91766121,-0.42772354,-0.19648058,1.26389248,-0.80465435,-0.33841093,1.46255335,-1.08036016,-0.41603794,1.62096053,-1.31659247,-0.47676556,0.72381595,-0.6899931,-0.1811294,0.76517648,-0.99057748,-0.47525312,0.52645385,-0.65100878,-0.54088778,0.38427742,-0.34368765,-0.51187071,0.50978535,-0.86157684,-0.18605749,0.47661218,-1.05383654,-0.46266425,0.31033092,-0.66751672,-0.44128926,0.24358373,-0.37674705,-0.35097988,0.29254065,-0.96192918,-0.20762892,0.25635456,-1.0727693,-0.4043715,0.15201594,-0.7613842,-0.40026539,0.13827819,-0.50457097,-0.34525732
gun,0,0,0,0.3091938,0.29682031,-0.20485601,0.75374242,0.27501086,-0.28732573,1.12713247,0.32071981,-0.35881579,1.36022566,0.48531602,-0.43442868,0.91127121,-0.43660567,-0.20715348,1.25810083,-0.82118455,-0.35929995,1.45433905,-1.09573321,-0.44642224,1.61877421,-1.32959901,-0.51329989,0.72032594,-0.69363574,-0.19101388,0.76944219,-1.01777138,-0.49804711,0.51907569,-0.67511506,-0.5726466,0.36872301,-0.35927387,-0.54603083,0.50908514,-0.86490963,-0.1950116,0.49117136,-1.09050812,-0.48196745,0.31378112,-0.69302096,-0.46066598,0.23591563,-0.38912212,-0.36595456,0.29120542,-0.962387,-0.2155457,0.26786358,-1.09776724,-0.41998884,0.15938147,-0.78053668,-0.41331907,0.1380167,-0.51855824,-0.35315255
gun,0,0,0,0.29676151,0.31412223,-0.23433696,0.73200144,0.32107025,-0.33744958,1.11220481,0.37240208,-0.42243858,1.36947935,0.51848805,-0.51037616,0.92432048,-0.42000578,-0.25788574,1.28096991,-0.81256507,-0.43354192,1.48657489,-1.10100552,-0.53281721,1.65969405,-1.34294824,-0.60700371,0.72737823,-0.68623677,-0.23380451,0.75951413,-1.04403539,-0.5645045,0.49990567,-0.68089677,-0.64049272,0.35823566,-0.34510112,-0.61176163,0.50619717,-0.86041539,-0.23236933,0.47349834,-1.10129608,-0.54440471,0.2930857,-0.68769241,-0.5188788,0.22985917,-0.37386322,-0.41647958,0.27818582,-0.95661243,-0.24863897,0.24712804,-1.11393969,-0.47264961,0.1383906,-0.78319706,-0.46502778,0.13021902,-0.51387745,-0.40015769
gun,0,0,0,0.30826714,0.29665525,-0.21326482,0.74699876,0.29132359,-0.30441365,1.11679264,0.34120702,-0.38284725,1.3510739,0.49342592,-0.46545869,0.91941716,-0.42510828,-0.23236158,1.27066758,-0.81387783,-0.39492366,1.47027372,-1.09816595,-0.48722524,1.63705624,-1.33987795,-0.55794864,0.72957847,-0.68389711,-0.21495219,0.76103229,-1.0278587,-0.53064206,0.50545672,-0.67625333,-0.60316694,0.36098132,-0.34645892,-0.57608033,0.51636955,-0.86043849,-0.21830518,0.47499915,-1.09019711,-0.5104739,0.29882449,-0.68811774,-0.48530057,0.23365378,-0.3760919,-0.38959861,0.29466979,-0.96796941,-0.23911803,0.25147934,-1.11336077,-0.44520052,0.14564687,-0.79046025,-0.43743568,0.13871496,-0.51950245,-0.37810185
gun,0,0,0,0.30869775,0.29614154,-0.20747685,0.74863456,0.28952327,-0.29663867,1.11462806,0.34473537,-0.37447376,1.34454091,0.50070627,-0.45699757,0.9213132,-0.42425459,-0.22824869,1.27442054,-0.82057199,-0.38999366,1.47010014,-1.11077483,-0.48185279,1.63559319,-1.35610354,-0.55231901,0.73035314,-0.68306975,-0.21307358,0.76194209,-1.01807114,-0.52861673,0.50509985,-0.67326906,-0.60232062,0.3624682,-0.35104167,-0.5762982,0.51605924,-0.8602842,-0.21791601,0.47754125,-1.08651707,-0.5092127,0.30121386,-0.68566962,-0.48435509,0.23663189,-0.37326705,-0.38901571,0.29240408,-0.96852999,-0.2396175,0.25326415,-1.11345525,-0.44481686,0.14819284,-0.79277964,-0.43585271,0.14145995,-0.52196091,-0.37543499
gun,0,0,0,0.30988809,0.29118525,-0.2015954,0.74557308,0.28830722,-0.28944498,1.10373353,0.34145162,-0.36761006,1.32960609,0.48738362,-0.45126945,0.91705201,-0.42593702,-0.22784383,1.26727608,-0.81335758,-0.39071838,1.46802704,-1.0955301,-0.48457377,1.63426848,-1.33856498,-0.55576638,0.72855795,-0.68498417,-0.21525362,0.76047841,-0.99789326,-0.52629783,0.50798177,-0.6494016,-0.59849924,0.36476406,-0.33227949,-0.57356676,0.51472877,-0.8599273,-0.22193376,0.47924251,-1.07567766,-0.50751542,0.3063545,-0.6775175,-0.48064128,0.2388218,-0.36942637,-0.38654854,0.290747,-0.96573426,-0.24520709,0.25184032,-1.10379119,-0.44668344,0.14888409,-0.78411187,-0.43541588,0.13798296,-0.51700314,-0.37456288
gun,0,0,0,0.30884784,0.28665128,-0.20969566,0.73872899,0.2814393,-0.30238922,1.0978481,0.33547787,-0.38388654,1.32745745,0.48098214,-0.46999819,0.91388957,-0.42943742,-0.23765051,1.26683912,-0.82379428,-0.40613598,1.4712386,-1.11116635,-0.50338242,1.64043336,-1.357738,-0.57654259,0.72462529,-0.68914309,-0.22249329,0.75176744,-1.01438057,-0.53924975,0.50057176,-0.6631175,-0.61203974,0.3592692,-0.33626433,-0.58623354,0.50985772,-0.86365258,-0.22751085,0.46749557,-1.08016714,-0.51631987,0.29764142,-0.68121477,-0.48858454,0.233198,-0.36819825,-0.39283728,0.28565429,-0.96723817,-0.25013286,0.24334601,-1.10569396,-0.45239334,0.14206521,-0.78772877,-0.44109546,0.1342512,-0.51835174,-0.37972742
gun,0,0,0,0.30782636,0.28791197,-0.20965262,0.73449733,0.28952889,-0.30251918,1.09250565,0.33943903,-0.38360226,1.33276568,0.4708811,-0.46844865,0.9163784,-0.42858306,-0.23643429,1.27319768,-0.82975682,-0.40713461,1.47911353,-1.11716983,-0.50641722,1.64897047,-1.36421122,-0.58002368,0.72743447,-0.68617716,-0.21955188,0.76629663,-1.01315775,-0.53079234,0.51303765,-0.66116795,-0.6017079,0.37285498,-0.34586324,-0.57672293,0.51243464,-0.86149776,-0.22303046,0.48571312,-1.07943492,-0.51109261,0.31112167,-0.67774682,-0.48048223,0.24389863,-0.37253032,-0.38347192,0.28827255,-0.96939883,-0.24371686,0.25648507,-1.10566016,-0.44874505,0.15180341,-0.78228748,-0.43452711,0.13875562,-0.51816179,-0.37009285
gun,0,0,0,0.3103926,0.28741258,-0.17848954,0.74774705,0.29361198,-0.25569634,1.09055717,0.3458329,-0.32822194,1.31516199,0.48108157,-0.40498474,0.92827002,-0.40562742,-0.20064084,1.2802692,-0.79047747,-0.35490705,1.47907995,-1.05306033,-0.43999074,1.64211218,-1.27749269,-0.50299153,0.7492903,-0.66224169,-0.19435191,0.79227688,-0.93647956,-0.49082865,0.54207607,-0.59119359,-0.55523798,0.40458447,-0.30428961,-0.5280117,0.54231022,-0.83974252,-0.20577568,0.50392923,-1.02560786,-0.48280982,0.32931683,-0.63410263,-0.45378098,0.26398013,-0.34858475,-0.3600926,0.3233458,-0.96008862,-0.2314373,0.28524363,-1.07877718,-0.42347834,0.18105689,-0.7562806,-0.4064044,0.16613056,-0.50401203,-0.34285286
gun,0,0,0,0.32290143,0.27276044,-0.17809718,0.75056667,0.27416822,-0.25235151,1.10537726,0.32759189,-0.32239124,1.32932865,0.45796692,-0.397054,0.93096984,-0.40699742,-0.18554237,1.2785215,-0.78074547,-0.33283782,1.47785051,-1.05172639,-0.41808428,1.63963668,-1.28895527,-0.48284245,0.74446692,-0.66765935,-0.18057923,0.80416452,-0.96184969,-0.47517982,0.55933152,-0.62910442,-0.54534513,0.40348922,-0.33193535,-0.52131516,0.53376758,-0.84140631,-0.1936172,0.51202626,-1.04098184,-0.46031617,0.34305979,-0.66276917,-0.43464656,0.2614764,-0.37298712,-0.34470125,0.3125633,-0.9456622,-0.22257539,0.2848464,-1.06868646,-0.40434619,0.18770088,-0.76521226,-0.39170568,0.16689636,-0.51220494,-0.33352512
gun,0,0,0,0.32406395,0.27473665,-0.17670666,0.76110398,0.27387008,-0.25025856,1.11849867,0.32991092,-0.3200169,1.33849992,0.47586619,-0.39518665,0.9257087,-0.41985629,-0.18478786,1.27571486,-0.79637675,-0.32969124,1.47374453,-1.06031457,-0.41385803,1.6374211,-1.28608348,-0.47771637,0.73710433,-0.67577897,-0.17905455,0.79718495,-0.96318451,-0.46963311,0.55604306,-0.63116188,-0.54097806,0.40487542,-0.33393585,-0.51841243,0.52580809,-0.84712669,-0.19069966,0.51013043,-1.04297425,-0.4541626,0.34527644,-0.66285104,-0.43035046,0.26468693,-0.37106705,-0.34193967,0.30422372,-0.95016957,-0.21768347,0.28692784,-1.07610551,-0.39745378,0.19452573,-0.77083523,-0.38316862,0.17468396,-0.51643352,-0.32357964
gun,0,0,0,0.32452305,0.27931608,-0.18021379,0.75493386,0.27831495,-0.25328269,1.11576333,0.32546631,-0.32139049,1.33871702,0.46706147,-0.39523322,0.93078808,-0.40966191,-0.18070714,1.27134073,-0.77700298,-0.32379381,1.46802726,-1.04178542,-0.40847738,1.63045037,-1.2692459,-0.47286656,0.74379505,-0.66840775,-0.17300103,0.81289001,-0.97177625,-0.46171546,0.57227697,-0.64189243,-0.5339386,0.41244378,-0.33899351,-0.51077591,0.53439626,-0.84121984,-0.1832877,0.51991074,-1.040551,-0.44592157,0.35144413,-0.66458001,-0.42523407,0.26338639,-0.37388836,-0.3378757,0.31568045,-0.94400195,-0.20944078,0.29429757,-1.06660561,-0.38918041,0.19705843,-0.76301156,-0.37905506,0.17184571,-0.50899509,-0.32247054
gun,0,0,0,0.32026414,0.28801965,-0.1806841,0.76574331,0.2838618,-0.25494857,1.13211576,0.33387264,-0.32387213,1.36114242,0.48025647,-0.39781201,0.93193392,-0.41609551,-0.18623405,1.28273977,-0.79915286,-0.33173571,1.48111984,-1.06276666,-0.41545992,1.64594718,-1.28898416,-0.47963385,0.74395308,-0.66823185,-0.17882266,0.80462283,-0.96850789,-0.4718313,0.55678328,-0.6275638,-0.54220388,0.40706846,-0.32906529,-0.51793376,0.5325675,-0.83876769,-0.18946598,0.51795653,-1.0488026,-0.46023904,0.3452822,-0.6581489,-0.43535601,0.26810545,-0.36478425,-0.34421937,0.31128595,-0.94489188,-0.21493989,0.29484343,-1.08144462,-0.40255927,0.19660196,-0.76699357,-0.38866758,0.17972622,-0.51076569,-0.32798306
